mean,sd,mc_error,hpd_2.5,hpd_97.5,n_eff,Rhat
6.453731025072858,0.21082149607938339,0.0028301771605175755,6.048731533318614,6.882324926967444,4830.3093151244175,1.0001350548313166
