mean,sd,mc_error,hpd_2.5,hpd_97.5,n_eff,Rhat
9.85572112570132,0.2868383233567271,0.003654751339715078,9.301705699330286,10.41174528037969,5616.8774999481,1.0004165678979338
