mean,sd,mc_error,hpd_2.5,hpd_97.5,n_eff,Rhat
7.079187159812919,0.5045563435386636,0.007007815106656774,6.101943152722992,8.084654862295352,4714.824500342104,1.0002107746260678
-213068.47534385964,25293.138898210404,412.0533083868535,-263547.97951107204,-164425.86412565218,4112.114079999608,1.0000817185063726
