mean,sd,mc_error,hpd_2.5,hpd_97.5,n_eff,Rhat
8.796032357788667,0.6721823227461485,0.010166756237954929,7.543988420468852,10.172067962127723,4268.200280089186,1.0001421278105673
-415139.9266471232,29576.155250274656,495.0426641416343,-473216.2594079062,-357911.45951812854,3298.8351564895133,1.0003676350198243
