mean,sd,mc_error,hpd_2.5,hpd_97.5,n_eff,Rhat
18.759878405655343,0.9605331738285879,0.014987020479246266,16.967339585885036,20.725488565764227,5257.089742453014,1.0005054034474055
