mean,sd,mc_error,hpd_2.5,hpd_97.5,n_eff,Rhat
9.112552917341674,0.5618594747818948,0.008770932718126189,8.038665015703605,10.239752823870532,4699.297459108521,1.0005081595427079
