mean,sd,mc_error,hpd_2.5,hpd_97.5,n_eff,Rhat
6.692079733014247,0.1470079170818548,0.001756507670511008,6.402944638517742,6.978438557950594,5466.169157602121,0.9999497098359883
