mean,sd,mc_error,hpd_2.5,hpd_97.5,n_eff,Rhat
50.81640709951143,28.691137097182697,0.3076667868785713,3.6584723129691072,97.2749307878907,6775.015499627098,0.9999733333172933
-5448.751969235823,288964.51230063604,3530.281962468088,-487519.33037612523,454712.9889171655,6715.796998635166,0.9997581006526259
