mean,sd,mc_error,hpd_2.5,hpd_97.5,n_eff,Rhat
12.248151028916714,0.69725847070901,0.009293348665590189,10.812144485306533,13.554663755836248,6076.8326467459,1.0002938369893064
