mean,sd,mc_error,hpd_2.5,hpd_97.5,n_eff,Rhat
5.404205813278125,0.3211058315231407,0.004779576731621284,4.799537054732395,6.055301862602456,5140.866487654454,1.0009202409968965
