mean,sd,mc_error,hpd_2.5,hpd_97.5,n_eff,Rhat
7.4032574970528255,0.19801953086241375,0.0023177143640409842,7.035913403180906,7.804269853944623,7231.479402781027,1.000157568791657
-336871.84541668784,6852.132415880399,84.81909091350681,-350523.90265118727,-324164.4082013561,5927.936263887795,1.0002983760917417
