mean,sd,mc_error,hpd_2.5,hpd_97.5,n_eff,Rhat
7.4419762267082,0.24221180950066834,0.002957538877510526,6.965863583833346,7.910483090706956,7317.643844312274,1.0001353168599278
-117129.08454206785,13451.761199850032,153.5381769726317,-143040.87400408273,-90342.48879223244,7046.917213293229,0.9998168139904282
