mean,sd,mc_error,hpd_2.5,hpd_97.5,n_eff,Rhat
88.65249427545467,10.108645434048974,0.15160565256170583,68.50961676511928,99.98990914805671,4959.078748092756,1.00016459994403
