mean,sd,mc_error,hpd_2.5,hpd_97.5,n_eff,Rhat
8.683878747934314,0.3663794824076998,0.004134263921346861,7.973897678958116,9.397277032276012,6604.585149711266,1.0001060812609115
