mean,sd,mc_error,hpd_2.5,hpd_97.5,n_eff,Rhat
8.19667570014799,0.6765178288796653,0.00989127445916476,6.912536485451849,9.552496215934276,5832.565489054988,1.0003359536939465
