mean,sd,mc_error,hpd_2.5,hpd_97.5,n_eff,Rhat
5.107708065244962,1.280703057990482,0.031388621806370046,2.493460307136748,7.52313881956082,1554.542931014396,1.002513854199685
-33435.21035618995,82209.52762273079,2067.3654801441476,-188814.50140143425,132116.3554363013,1655.6939858705746,1.002147277680716
