mean,sd,mc_error,hpd_2.5,hpd_97.5,n_eff,Rhat
4.6407344758330655,0.5395200992790228,0.006560258913096759,3.557374998899432,5.677921370712567,5634.482162912448,0.9998880589380138
-272521.52545536973,9812.797878342986,123.15569741931915,-292299.5325064075,-253492.79627701736,6312.151239893156,1.000585717913195
