mean,sd,mc_error,hpd_2.5,hpd_97.5,n_eff,Rhat
3.7342650976737812,1.1455774289428033,0.023790415205818635,1.4283376092446323,5.93204823245519,2132.966790213088,0.9998368362771092
-279650.9722275207,29865.589499860343,662.5786625243641,-335999.3449209177,-221349.1050889183,1988.900943465702,0.9998566238600383
