mean,sd,mc_error,hpd_2.5,hpd_97.5,n_eff,Rhat
10.28694045840922,0.2866901472846975,0.0034989656520933534,9.739526794298456,10.854498575416702,6028.013092761936,1.000323581180257
