mean,sd,mc_error,hpd_2.5,hpd_97.5,n_eff,Rhat
6.215309563848353,0.4209607292274068,0.005202578680401423,5.360251862845293,6.996247507700571,5917.154903873241,1.0002153827876041
-150916.10485790257,15912.171776844918,204.16752049165933,-181491.0835093167,-119705.22628350522,5492.018896940348,1.0006470806746905
