mean,sd,mc_error,hpd_2.5,hpd_97.5,n_eff,Rhat
15.050127388381538,0.5852518380044021,0.009978370499502355,13.904063113817424,16.163610654493922,3442.74873193177,1.0003195509483833
-115535.62889527975,31486.245922071077,492.1975755480838,-174980.32815769865,-53509.22023861143,3487.8115736898308,1.000850632048423
