mean,sd,mc_error,hpd_2.5,hpd_97.5,n_eff,Rhat
11.227391036586482,0.389418191128193,0.0055336449773555445,10.492441888459409,12.007773504557187,4818.614151093267,1.0005276387341717
