mean,sd,mc_error,hpd_2.5,hpd_97.5,n_eff,Rhat
7.0373124780101435,0.24246556100305203,0.0032597009456014478,6.592364027372388,7.546309259490621,6191.967810303872,1.0000840845093832
