mean,sd,mc_error,hpd_2.5,hpd_97.5,n_eff,Rhat
2.9073303786058897,0.5816558106474158,0.030695240173956678,1.694652712302862,3.962708281438692,155.54089760654435,1.013570259322864
-327525.0609998239,10692.462902490592,583.230355946296,-347061.4020239059,-307097.046743659,150.5497048451441,1.0118794526735408
