mean,sd,mc_error,hpd_2.5,hpd_97.5,n_eff,Rhat
5.431557216935557,0.5703209656274524,0.007081459283407794,4.298549271268458,6.5430191470353005,5829.403198362138,1.0003257447668632
-193586.4164177442,18853.64864353356,274.6512203813805,-227427.31076010302,-155129.6792023795,4561.061637006898,1.000244089304107
