mean,sd,mc_error,hpd_2.5,hpd_97.5,n_eff,Rhat
9.481836262832989,1.1935778636642858,0.02179591643917347,7.206940023052891,11.788275765993053,3330.096331399381,0.9997733015805191
-401548.8642787943,41651.72668810099,677.6447557797734,-476412.6336478358,-316153.9580849041,3453.8886903104,1.0000399839825598
