mean,sd,mc_error,hpd_2.5,hpd_97.5,n_eff,Rhat
5.227185174040693,0.3286288496964138,0.00813940703278221,4.580901573461963,5.853592063494946,1767.9872184682133,1.0005097688774658
-454729.94476103305,12663.496914025469,328.18503026044993,-477927.3549587376,-428568.49295129476,1812.036901310377,1.0001002588625487
