mean,sd,mc_error,hpd_2.5,hpd_97.5,n_eff,Rhat
4.525675317078897,0.8796967642289406,0.013272324923514087,2.921329100133731,6.302580688618479,4792.088638907291,0.9999144182315572
