mean,sd,mc_error,hpd_2.5,hpd_97.5,n_eff,Rhat
11.053892971513283,0.402125466580637,0.004689916954906607,10.24793164808833,11.823299923155389,6324.21662144367,1.000807157175287
