mean,sd,mc_error,hpd_2.5,hpd_97.5,n_eff,Rhat
8.724205845917343,0.15612570139426502,0.0018162831105959375,8.406153110426281,9.020122794136594,7019.352612322052,0.9999873839077716
-411521.1986466577,5519.759745426849,68.62429926572139,-423085.88077574136,-401440.91816039523,7323.933999088454,0.9999690344004801
