mean,sd,mc_error,hpd_2.5,hpd_97.5,n_eff,Rhat
5.62237544596755,0.7441860592569749,0.008878570514637623,4.188815940943395,7.074621700270763,5122.567293348006,0.9998552882139233
