mean,sd,mc_error,hpd_2.5,hpd_97.5,n_eff,Rhat
8.215047894846052,0.6723605020385476,0.009678579282522824,6.9512221645056,9.550280436226975,5216.054845808094,0.9999726612255565
