mean,sd,mc_error,hpd_2.5,hpd_97.5,n_eff,Rhat
8.52824011621074,0.22199983746097188,0.003222015920842787,8.124676266867219,8.98445632138711,5670.556989435451,1.0000333114961406
