mean,sd,mc_error,hpd_2.5,hpd_97.5,n_eff,Rhat
12.483420857598638,0.8321054502727451,0.010808654810254349,10.873948176889511,14.104630855846978,5713.081777798629,0.9998666097994862
