mean,sd,mc_error,hpd_2.5,hpd_97.5,n_eff,Rhat
4.96528852567936,0.15045152104654844,0.001645347001161427,4.6784228974437925,5.267047666658885,7191.912777506403,0.9998971512722195
-208679.77905370347,10201.827542977591,128.2500412902112,-228768.54540840673,-188395.66617418174,6937.637774933845,0.9999409310545592
