mean,sd,mc_error,hpd_2.5,hpd_97.5,n_eff,Rhat
4.778218997348487,0.23170350646300011,0.0026368462837195643,4.302910299655576,5.208843869725231,6688.251635542167,1.0002486153203616
-274200.6822215439,10105.375014436771,129.91979970343016,-294367.27769175556,-254714.79943414507,6427.213454063543,1.0002794466868092
