mean,sd,mc_error,hpd_2.5,hpd_97.5,n_eff,Rhat
13.776675469987817,1.4108405212726047,0.015338166371489256,10.963089139715727,16.461968433363452,6823.433329337202,0.999976524106445
-89487.97499761963,95826.08593855122,1160.2976294148589,-272300.7897286923,102852.64433508301,6393.737145294157,0.9997758019363351
