mean,sd,mc_error,hpd_2.5,hpd_97.5,n_eff,Rhat
12.320336825703986,0.210870473640849,0.0026461431533904563,11.89800021066595,12.72345881576361,5373.037539493278,0.9999259471360243
