mean,sd,mc_error,hpd_2.5,hpd_97.5,n_eff,Rhat
20.693802117155055,0.9571758127903406,0.012143248557713187,18.863242236399916,22.612328998345134,4982.9819524355335,0.9999074461667263
