mean,sd,mc_error,hpd_2.5,hpd_97.5,n_eff,Rhat
23.32123173218748,1.0191678755491302,0.013026294666589422,21.247799726266265,25.20744141028979,5206.09433727367,0.9999059686083952
