mean,sd,mc_error,hpd_2.5,hpd_97.5,n_eff,Rhat
8.260395849215577,0.32310663173900045,0.0041017092516428405,7.625320651458791,8.897408121104794,5663.687061707579,1.000145066689485
