mean,sd,mc_error,hpd_2.5,hpd_97.5,n_eff,Rhat
7.863002404228293,0.22601642719830692,0.0030588470923185425,7.435848960832884,8.323179809106865,7094.028877573642,0.9999467985503865
-140461.0861961722,12625.933490580403,154.50779830992366,-164674.71073903205,-115974.66794192107,6709.5581288109015,1.0006168001676672
