mean,sd,mc_error,hpd_2.5,hpd_97.5,n_eff,Rhat
8.688454783342317,0.36289235837671224,0.00372308549296804,7.983322855004802,9.403079058570015,7860.541529643683,0.9998132692029014
19333.94865033377,29327.193470896218,351.17875399916244,-38683.33454185263,75250.97588078222,7119.833209975623,0.9997672254802373
