mean,sd,mc_error,hpd_2.5,hpd_97.5,n_eff,Rhat
9.901522710576629,0.3458349153831992,0.0039699567684673975,9.244636908950476,10.57903880528683,7049.526438847097,1.0004322463134732
-60767.30135743946,23862.250353754473,258.67177942752636,-109673.51940186693,-15975.40801905234,6781.808944835447,0.9998426093351778
