mean,sd,mc_error,hpd_2.5,hpd_97.5,n_eff,Rhat
5.535770552052585,0.18646685878314107,0.002252854229496932,5.182783389945221,5.901638399295452,7017.281350077912,1.000280383391403
-251434.367807967,10926.029848580045,140.2289202749301,-273261.1296858502,-230453.28392940434,6388.645866935366,0.9998584185530472
