mean,sd,mc_error,hpd_2.5,hpd_97.5,n_eff,Rhat
8.027241062433967,0.3863476509419274,0.005166857422908494,7.2729970354633675,8.798181491300655,5465.459350857146,0.9999916860097953
