mean,sd,mc_error,hpd_2.5,hpd_97.5,n_eff,Rhat
5.266362076956801,0.262664366446482,0.0034563833952007627,4.757353837484939,5.7854497606812245,6679.732942505975,1.001169997277865
