mean,sd,mc_error,hpd_2.5,hpd_97.5,n_eff,Rhat
6.199903877401,0.8409866886451621,0.018171573027285955,4.572663574663327,7.794145128947521,2225.1175864127927,1.0006677385191554
-156738.60129682225,37083.99069752357,829.256766451821,-224196.3643771101,-83385.53474864973,2164.142148667904,1.0015255067063797
