mean,sd,mc_error,hpd_2.5,hpd_97.5,n_eff,Rhat
4.660938800174396,0.2119254067383837,0.002678786658061627,4.252434970789932,5.075355963278208,5806.349298180242,1.0004308253137413
-235520.87217869307,11041.702123623185,131.59140310424436,-257242.36668931323,-214089.07734304006,6150.186985732811,1.0000924068572732
