mean,sd,mc_error,hpd_2.5,hpd_97.5,n_eff,Rhat
5.5459303224160434,0.15454864623600426,0.001903844225106859,5.259933864651794,5.856827289013962,5938.666000521423,0.9998571837794253
-224515.1402750054,10107.843345476402,123.32905930051342,-243934.22483486476,-204916.2676481145,5609.103470101011,0.999884367361329
