mean,sd,mc_error,hpd_2.5,hpd_97.5,n_eff,Rhat
7.036161246502739,0.5569116074004035,0.007057349469672765,5.998350584035825,8.145241025696322,6702.4470475228,0.9999215054259217
-273452.79242051404,16509.502543358005,190.31244821090243,-304739.3695333598,-240167.1983522618,7050.888083128974,1.00001327801812
