mean,sd,mc_error,hpd_2.5,hpd_97.5,n_eff,Rhat
5.7883881125513925,0.23307513597904622,0.0024365208268851387,5.316766092336897,6.233627624163619,7661.557027341864,0.9998980243273948
-232013.76556940074,15058.173989749224,178.82370010954511,-262067.16012664867,-203072.21116689988,6859.810737381206,1.0001950230244432
