mean,sd,mc_error,hpd_2.5,hpd_97.5,n_eff,Rhat
9.246933362983581,1.0910524556910963,0.014774568671517926,7.130106716524187,11.410613501695183,5387.351065539447,1.0000100819953046
