mean,sd,mc_error,hpd_2.5,hpd_97.5,n_eff,Rhat
12.39001770943358,0.20900153529906668,0.0026898066924137005,11.993116640063784,12.800375600937747,4851.246717417305,1.0002563156080444
-135327.69477683597,14860.740918952188,215.82363352241123,-164378.78238483527,-106165.93494119769,4410.4129959892125,0.9999632399610525
