mean,sd,mc_error,hpd_2.5,hpd_97.5,n_eff,Rhat
7.229947253169179,0.2224728810389257,0.0025452398101861355,6.790888685931832,7.662491268702524,6864.8680753093,0.9997803368424893
-361957.5080817559,11037.490301406955,134.29895170394738,-383200.6407509024,-340072.51156958553,6556.389745624968,0.999998627772901
