mean,sd,mc_error,hpd_2.5,hpd_97.5,n_eff,Rhat
13.7619736542459,1.4447313376761768,0.020124279817914446,11.03465438099717,16.657043139895073,5266.366322926472,1.0001198094567916
