mean,sd,mc_error,hpd_2.5,hpd_97.5,n_eff,Rhat
2.747093575387631,0.3018088897368718,0.006775334524701837,2.1391691859644797,3.323935012728851,1925.8365754324836,1.0002179871286374
-153302.4797033927,22704.109163860867,529.5512226908853,-200490.94535463274,-110055.25542298089,1846.3352697998205,1.000341080728289
