mean,sd,mc_error,hpd_2.5,hpd_97.5,n_eff,Rhat
5.6674973934268635,0.3261944709748596,0.0034861228481169065,5.022068127968825,6.303885156276208,8197.137678262561,0.9998544709814932
-256088.59104615153,7700.450801113023,98.21643032965785,-270879.0468395833,-240953.04500888014,7478.853742389742,1.0003158243834311
