mean,sd,mc_error,hpd_2.5,hpd_97.5,n_eff,Rhat
5.414310561939589,0.28275885439167037,0.003218210725231885,4.855410633013431,5.9724126487827,7082.079122602914,0.9999041713919813
-151470.88668639094,23538.360327158945,289.06318846339224,-199437.99558380328,-106616.40090105489,6982.887309304919,1.0001808333796849
