mean,sd,mc_error,hpd_2.5,hpd_97.5,n_eff,Rhat
27.393521751181034,5.16963545611194,0.07437908813271127,18.87250874935978,38.21140066460972,4476.975692616391,1.000266592041316
