mean,sd,mc_error,hpd_2.5,hpd_97.5,n_eff,Rhat
3.590043700788484,0.8777176362586775,0.016947357431954056,1.7808065030884181,5.186617092055322,2189.986635782347,1.0007163979752822
-239523.6706203447,9283.742662790968,211.8148259791506,-258891.3677412551,-222573.85023459935,1594.2224617505751,1.0008942206819516
