mean,sd,mc_error,hpd_2.5,hpd_97.5,n_eff,Rhat
6.353929921507097,0.17203957523020053,0.002467759118819815,6.024776496944236,6.698476189978292,5337.122900919004,1.0002208278969411
