mean,sd,mc_error,hpd_2.5,hpd_97.5,n_eff,Rhat
7.383936833173643,0.30354482626240437,0.0044207713515530996,6.795134479925734,7.988331370242398,5115.559723890189,1.0001810728728058
