mean,sd,mc_error,hpd_2.5,hpd_97.5,n_eff,Rhat
15.629539020859477,0.5884580258325742,0.008457240723659288,14.512896710156353,16.807461833409455,5655.149437315919,1.0001426928819086
