mean,sd,mc_error,hpd_2.5,hpd_97.5,n_eff,Rhat
9.069769230365383,0.5290007486568739,0.006759529417709337,8.05229939506146,10.12216089212674,6491.433894023625,1.0000462083658763
