mean,sd,mc_error,hpd_2.5,hpd_97.5,n_eff,Rhat
15.070555229785787,0.9363219052388084,0.018433900241031483,13.237563320534875,16.906842126353514,2351.6296771732,1.0000884332567928
-321226.54505993496,30363.774615336522,580.896381877616,-378916.5165496873,-259862.97899455036,2422.784562081265,0.999891164746677
