mean,sd,mc_error,hpd_2.5,hpd_97.5,n_eff,Rhat
10.364144030908784,0.5759615277498569,0.006778271574391617,9.247918648166172,11.472589193356907,6271.449858049508,0.9998688375887508
