mean,sd,mc_error,hpd_2.5,hpd_97.5,n_eff,Rhat
19.998088432266403,1.1568352481154767,0.018152718261355248,17.754389031885776,22.317320880429826,4701.544454181383,1.000009716283117
