mean,sd,mc_error,hpd_2.5,hpd_97.5,n_eff,Rhat
4.766512135956821,0.3395749133753342,0.004082571589712399,4.096954617779666,5.425998370153178,7143.389587222648,1.0002294387371589
-339188.72968091496,10157.285406287809,120.08184238710308,-359409.3371114825,-320122.32464569673,7366.478349986655,1.0005205845829395
