mean,sd,mc_error,hpd_2.5,hpd_97.5,n_eff,Rhat
1.6338224707554396,0.41934941035265666,0.010078999176764093,1.000828344837099,2.3981313218633282,1585.7958988568926,1.0008136478294816
-254881.63965713565,27293.462643661413,689.4351762306912,-301449.81034215906,-202869.2121496055,1464.3577688094247,1.0005565093319888
