mean,sd,mc_error,hpd_2.5,hpd_97.5,n_eff,Rhat
11.004438374387604,0.22976593434369527,0.0029799969497086637,10.55591574174757,11.45776263175873,5649.483433525612,1.0003059844124211
