mean,sd,mc_error,hpd_2.5,hpd_97.5,n_eff,Rhat
5.407758919336324,0.5716024127640525,0.006942211168415066,4.263083287949075,6.5033353161850815,6138.960226347072,0.9997665473036115
-194068.98770614646,18298.872575202033,246.60987384164113,-229480.69284950368,-158321.1643526141,6149.622487279395,0.9998713781303741
