mean,sd,mc_error,hpd_2.5,hpd_97.5,n_eff,Rhat
10.034419038925101,0.3444562455227312,0.003735327222095067,9.375346612668382,10.714196408077363,7334.048395304524,1.000001862854816
