mean,sd,mc_error,hpd_2.5,hpd_97.5,n_eff,Rhat
15.51387551933122,0.7207936434905526,0.012706724105093159,14.097787300962148,16.905533324064034,3643.51405359393,1.0004259317673254
-216734.2042409018,33880.63972337241,560.2411818907901,-281249.418232242,-150058.44137359742,3353.523270873586,1.0003944795283146
