mean,sd,mc_error,hpd_2.5,hpd_97.5,n_eff,Rhat
6.106631217583957,0.1546407166948265,0.0018534973194067092,5.807340186119965,6.411013722025288,6462.705889952491,1.0004409166955353
