mean,sd,mc_error,hpd_2.5,hpd_97.5,n_eff,Rhat
8.848912933164982,0.6035100035364355,0.008261899553943715,7.647365535200595,9.99388543612097,6428.674517453127,1.0000499869043606
