mean,sd,mc_error,hpd_2.5,hpd_97.5,n_eff,Rhat
6.145674671188779,0.29780673640702665,0.003758870894961369,5.557043653165903,6.731232628561081,6202.7399054042535,0.9998769881443683
-335738.94220643374,8627.702294656929,107.21560597206312,-352693.8581164633,-318943.39147525904,6356.8300090782905,1.0000673914789182
