mean,sd,mc_error,hpd_2.5,hpd_97.5,n_eff,Rhat
4.211190579793812,0.39413259816566054,0.0063200011213316535,3.4552246333643013,5.007261682824031,4977.277456569256,0.9998968084709223
-216300.48124822963,20571.81172109442,340.8937487921704,-257087.9089458021,-177285.98910485755,4558.3675319263475,1.000362278574503
