mean,sd,mc_error,hpd_2.5,hpd_97.5,n_eff,Rhat
17.84770760304136,0.7217270079956067,0.010788864086773277,16.373104103495805,19.20806632875772,5089.7265579318755,1.001435456335343
