mean,sd,mc_error,hpd_2.5,hpd_97.5,n_eff,Rhat
3.9489873653291174,0.3210391474805783,0.004095156669999767,3.333799574087996,4.588162120789682,5684.181888259395,1.0005330622000679
