mean,sd,mc_error,hpd_2.5,hpd_97.5,n_eff,Rhat
4.0401254496849095,0.4680920073402072,0.00845170986997582,3.1827114847169953,5.014826039468944,2968.713528606376,1.0006913498715875
-272712.55902878783,14241.293796148817,226.95045652860708,-300461.3127588581,-245273.33275352002,3239.829935091578,1.0002169388367204
