mean,sd,mc_error,hpd_2.5,hpd_97.5,n_eff,Rhat
5.40904315481295,0.31765127120279535,0.003788817618415252,4.802837119253264,6.043166603455253,5693.994479741903,1.0001881759799343
