mean,sd,mc_error,hpd_2.5,hpd_97.5,n_eff,Rhat
9.591901414395986,0.45225365157544367,0.0061000674267579925,8.733150595173367,10.486996355780198,5211.780243048489,0.9998597332516699
-458792.43510602997,14567.403686162676,228.9039928047278,-486464.9544688181,-429255.59965406766,3437.266118645222,0.9998467486193248
