mean,sd,mc_error,hpd_2.5,hpd_97.5,n_eff,Rhat
8.591310041801195,0.22233855821096435,0.003197060279199656,8.149656489974594,9.01743206970753,5273.617706712969,1.0004759678958417
