mean,sd,mc_error,hpd_2.5,hpd_97.5,n_eff,Rhat
86.23197416502731,11.26003577274181,0.18347599171507528,63.735626611244165,99.99351333914795,3939.477181451263,1.0005360464046666
-366219.67661191,140154.25627470698,2416.9497007967734,-499915.552221234,-79225.80190291283,3395.323293376938,1.0012582345101104
