mean,sd,mc_error,hpd_2.5,hpd_97.5,n_eff,Rhat
11.113789314154282,1.5948185237441947,0.04057372766985917,8.30726908537927,14.412607258087375,1310.1453914991446,1.0024102341451344
-78036.93806820131,78660.31130568753,1970.702295742051,-223954.1756816606,75789.5732926066,1386.5157124961886,1.0024712891185084
