mean,sd,mc_error,hpd_2.5,hpd_97.5,n_eff,Rhat
4.963908362511622,0.2518021879090625,0.0029335220964387745,4.494560279237488,5.47817839361941,6437.318012494812,0.9998715495877862
-275009.7440323066,6031.349340456117,73.68800702714768,-287134.0568156854,-263634.5142354264,6665.5581387376105,1.0001853036502335
