mean,sd,mc_error,hpd_2.5,hpd_97.5,n_eff,Rhat
5.595559812897615,0.2659577459208999,0.003942299745478074,5.083523501310671,6.117918286945403,5575.530948322948,0.9999936843857952
