mean,sd,mc_error,hpd_2.5,hpd_97.5,n_eff,Rhat
5.510565130647045,0.31697792548077985,0.006339703670700969,4.910054832784786,6.1532562162148885,2360.2196040952676,0.9999022785081576
-450980.39080011845,11561.658263488262,235.63788852486533,-474095.45861638186,-429026.1288672846,2305.574169970134,0.9999195077262192
