mean,sd,mc_error,hpd_2.5,hpd_97.5,n_eff,Rhat
8.718088032440313,0.46957441219172336,0.007084489369429281,7.797564835069839,9.626558141537162,4728.605929461069,0.9998697457430403
