mean,sd,mc_error,hpd_2.5,hpd_97.5,n_eff,Rhat
15.610233784694554,0.26660370808844547,0.003677828869550523,15.113432102263753,16.151166692682043,5484.352049957138,1.0000886848087607
