mean,sd,mc_error,hpd_2.5,hpd_97.5,n_eff,Rhat
10.704180591893799,0.6928531211945667,0.009447954997169137,9.371842519605336,12.06795282778577,4915.770241521338,1.0001085523645203
