mean,sd,mc_error,hpd_2.5,hpd_97.5,n_eff,Rhat
7.735047665174328,0.4309984561796074,0.005461008604512652,6.895357326525164,8.582757043302594,4784.668782087488,1.000290349603322
