mean,sd,mc_error,hpd_2.5,hpd_97.5,n_eff,Rhat
9.138185392335332,0.23570563663211686,0.0033988372361781114,8.6756685095299,9.595296597388874,5614.565726890575,1.000143828241681
