mean,sd,mc_error,hpd_2.5,hpd_97.5,n_eff,Rhat
7.46577456768427,0.4879552620726657,0.005513250752668336,6.538469519284039,8.454678345550604,5865.1889786923575,1.0000839993967425
