mean,sd,mc_error,hpd_2.5,hpd_97.5,n_eff,Rhat
5.5418141917249235,0.13609060953904983,0.0020716924636602846,5.276700403774971,5.808038014571604,4890.323887821251,1.000206133723362
