mean,sd,mc_error,hpd_2.5,hpd_97.5,n_eff,Rhat
8.005819924394968,0.2259411110032847,0.0029700090121777697,7.559586815781747,8.44650779077012,5807.695102107297,1.0001475794459358
