mean,sd,mc_error,hpd_2.5,hpd_97.5,n_eff,Rhat
7.481978756623183,0.4841755730995895,0.006564654977495535,6.530813445679219,8.45908593386824,5986.8933809387245,0.9999388175673231
