mean,sd,mc_error,hpd_2.5,hpd_97.5,n_eff,Rhat
50.02067537248805,28.463908415074275,0.3872890834794807,3.1131402699424586,96.95544182262198,5299.5444055908765,1.0004449405787317
