mean,sd,mc_error,hpd_2.5,hpd_97.5,n_eff,Rhat
18.304508985391504,1.8681078812859215,0.025868162966760012,14.735487583869537,22.01210280904335,6172.638404872985,1.0001975585119522
