mean,sd,mc_error,hpd_2.5,hpd_97.5,n_eff,Rhat
92.6793261073376,5.561126297422523,0.08873174821204668,82.10705863813068,99.999767487077,3432.835605624028,1.0001877709287657
