mean,sd,mc_error,hpd_2.5,hpd_97.5,n_eff,Rhat
49.428226562302704,28.24193637386452,0.4598499035666057,3.2972651999967906,96.63348755951566,4699.756816373077,1.0010048060034877
