mean,sd,mc_error,hpd_2.5,hpd_97.5,n_eff,Rhat
8.900810294933738,0.28875728829200753,0.0037388424035417166,8.330797642908545,9.447617097565685,5885.6137257655255,1.0005021024826684
