mean,sd,mc_error,hpd_2.5,hpd_97.5,n_eff,Rhat
3.8475390809619343,0.1831765766990914,0.002443012285898693,3.4924360614995806,4.2150593969760815,5580.935809927101,0.9999355115441885
