mean,sd,mc_error,hpd_2.5,hpd_97.5,n_eff,Rhat
7.644827195242808,0.23419690530948428,0.003216501082374745,7.191599657000199,8.106220541741036,5346.141483196147,1.000363080653253
