mean,sd,mc_error,hpd_2.5,hpd_97.5,n_eff,Rhat
5.0184664086341755,0.910025246774571,0.021519009963992183,3.2713926958975397,6.743722885490249,1695.5216294118097,1.0017263860318353
-201161.61593120242,18900.52170155102,361.2098654647258,-238342.16023939176,-164268.06513092696,2924.966880298296,0.9999762587108962
