mean,sd,mc_error,hpd_2.5,hpd_97.5,n_eff,Rhat
6.249679660368082,0.21019880974369062,0.0024915929608572657,5.854023190568629,6.672664426668867,6334.26149484256,1.0000784608451612
