mean,sd,mc_error,hpd_2.5,hpd_97.5,n_eff,Rhat
5.794387865582106,0.18399776508939905,0.0023780384557509195,5.430767525623266,6.150386851098567,5434.333026642138,1.0017298159131336
