mean,sd,mc_error,hpd_2.5,hpd_97.5,n_eff,Rhat
51.29928618002159,34.914943277816356,2.9155860087555383,1.0000000007016023,96.49526762164514,2.7091385375337738,1.9978119827977676
88405.92339840565,342075.27479516424,23905.18841816572,-447539.0047239628,500000.0,3.7280533702840915,1.498031096285305
