mean,sd,mc_error,hpd_2.5,hpd_97.5,n_eff,Rhat
1.3649274272849292,0.3273732442400718,0.004737417549147501,1.00089070986721,1.9938498510932092,4359.271898910758,1.0000496240707326
