mean,sd,mc_error,hpd_2.5,hpd_97.5,n_eff,Rhat
84.36654414632783,12.589469710539898,0.19132011065078555,59.40554728780742,99.99851653293247,4037.43321431551,1.000594717381862
