mean,sd,mc_error,hpd_2.5,hpd_97.5,n_eff,Rhat
60.97532675506066,25.106406959829386,0.3806115719390005,16.256446517344212,99.99555502875089,4709.355459381867,1.0002068974586307
