mean,sd,mc_error,hpd_2.5,hpd_97.5,n_eff,Rhat
5.616979549878981,0.351848939207573,0.004966093134201795,4.96062839151128,6.329108186125752,5468.307688949111,1.0012250838340566
