mean,sd,mc_error,hpd_2.5,hpd_97.5,n_eff,Rhat
1.0000470672072388,4.630823649974498e-05,6.989899620130194e-07,1.000000016280094,1.0001399701080007,4743.265170111142,1.0000911227430145
-499991.5629433681,8.534530544871448,0.12106241450118746,-499999.997369001,-499974.260564902,5208.192767227548,1.0003272829334926
