mean,sd,mc_error,hpd_2.5,hpd_97.5,n_eff,Rhat
35.05892598084036,18.887249996399074,0.41160281447898067,10.51542840840509,77.20059233224057,2008.3599097474037,1.0025051482416372
