mean,sd,mc_error,hpd_2.5,hpd_97.5,n_eff,Rhat
74.83340820264556,19.392194492370315,0.48354895275710563,38.182555304165916,99.9777537324243,1689.3225749923063,1.0026624776425206
-40801.97319978791,294539.7304642316,5074.231316355406,-499133.7493315967,444920.4664493385,4304.111225935182,1.0004010267459371
