mean,sd,mc_error,hpd_2.5,hpd_97.5,n_eff,Rhat
11.258335511966337,2.4365967880559363,0.03468478194212173,6.710996582443167,16.335766472288466,4891.039032884098,1.0000704533911091
