mean,sd,mc_error,hpd_2.5,hpd_97.5,n_eff,Rhat
5.032128616567085,0.15227775236983612,0.001799027407838477,4.73855467307523,5.330543448012937,6755.7579491734305,0.999849226794855
-209592.32570239657,9824.808670639799,121.35582966507509,-228514.74508906234,-189794.1063806254,6631.596853587205,1.00015171284287
