mean,sd,mc_error,hpd_2.5,hpd_97.5,n_eff,Rhat
1.0005824308705804,0.0005871577848670958,9.240575584045518e-06,1.000000132033307,1.0017856874910454,4775.4078061666405,1.0006030956074767
-499897.39304505725,102.22805349272053,1.3856167437707287,-499999.94975370885,-499690.8954569635,4909.753019509199,1.0002981435121878
