mean,sd,mc_error,hpd_2.5,hpd_97.5,n_eff,Rhat
1.0001357104188162,0.0001376596607819847,2.0536167397400103e-06,1.0000000807099432,1.0004133658838719,4494.1209143915685,1.0002976808535466
-499975.807014464,24.072464576582608,0.30282724331834193,-499999.99524811644,-499927.5444898798,6184.160320282117,1.00034427771451
