mean,sd,mc_error,hpd_2.5,hpd_97.5,n_eff,Rhat
1.1037591682435264,0.09401161457737758,0.0014246514442903535,1.000010949149919,1.2902997140863581,3900.065922304174,1.000132163667064
