mean,sd,mc_error,hpd_2.5,hpd_97.5,n_eff,Rhat
8.04640601715926,0.18238740749563992,0.0020293395516109,7.689797441605524,8.401528414592132,8328.702285280458,1.000244431944294
-160486.99548398078,15364.710662600806,178.75142879546968,-190405.20536924404,-129888.10610284374,6902.0604282913655,1.0002046236066144
