mean,sd,mc_error,hpd_2.5,hpd_97.5,n_eff,Rhat
5.16228309056361,0.18900179044997012,0.002558795811397933,4.793061117964834,5.534277890582089,6001.83399728786,1.000077702453862
