mean,sd,mc_error,hpd_2.5,hpd_97.5,n_eff,Rhat
31.618663340116843,26.53252724872647,0.33896768379127135,1.0005820231871323,87.1800618655475,5046.038520218475,0.9999966541078147
