mean,sd,mc_error,hpd_2.5,hpd_97.5,n_eff,Rhat
3.999440712715038,0.1954080932979606,0.00267663248582651,3.615713343701392,4.383697623194395,4991.138102887144,0.9999271524284552
-164991.2591392056,14055.040917397857,175.24878445319763,-190820.876226155,-136457.8825083759,4967.987156197346,1.0001295557500234
