mean,sd,mc_error,hpd_2.5,hpd_97.5,n_eff,Rhat
1.0000028020766365,2.8393154951184525e-06,3.672921758001085e-08,1.0000000007285683,1.0000085444382967,4900.529343892872,0.9998783573866524
499998.4687913457,1.5553159335048898,0.022014831440750723,499995.3399605072,500000.0,5373.125444341177,1.0001727945816299
