mean,sd,mc_error,hpd_2.5,hpd_97.5,n_eff,Rhat
5.498056113781855,0.4262384174426288,0.005888057954609237,4.658333662681392,6.308379782585432,5670.771475928516,0.9998781117555581
-185488.4503638729,12594.869013800764,174.4886104151272,-210208.70085434034,-161562.32942759024,5662.1125347292445,0.999933266584223
