mean,sd,mc_error,hpd_2.5,hpd_97.5,n_eff,Rhat
1.1654615281359575,0.14002761527802113,0.0022989197955404508,1.000019031140638,1.4422723759488567,4215.541259919425,0.9998410317062478
