mean,sd,mc_error,hpd_2.5,hpd_97.5,n_eff,Rhat
1.4441670984879325,0.31974442855815455,0.008361455996574755,1.0004312705520473,2.0487748808258055,1371.1482807511363,1.0016442120016713
-315642.66258773487,13522.801557988498,407.08252301273785,-339336.89038301085,-289309.91877998837,1037.6895052125924,1.0019101508435788
