mean,sd,mc_error,hpd_2.5,hpd_97.5,n_eff,Rhat
6.654515737935476,3.2634235438063035,0.0836801467128926,1.118320207512022,12.873259976171962,1526.12664463284,1.001792232422039
30074.115299343743,182317.458444515,4669.267341719472,-281494.33700990776,383303.8097579005,1475.2032937728088,1.0015211572868385
