mean,sd,mc_error,hpd_2.5,hpd_97.5,n_eff,Rhat
8.865788020204652,0.7514460355824282,0.008848001339485854,7.436293356002352,10.339897133591913,5563.558891907281,1.0002091153454122
