mean,sd,mc_error,hpd_2.5,hpd_97.5,n_eff,Rhat
5.3069347317662015,0.3345705912878272,0.004644568130958635,4.63826001124341,5.936550667193303,5476.553695033676,0.9998277252192136
-89074.96127754416,30959.94812175888,396.1941405390479,-147878.14443571394,-27060.65556274012,5924.176201740887,1.000369143571787
