mean,sd,mc_error,hpd_2.5,hpd_97.5,n_eff,Rhat
4.000307242239052,0.4165367214473021,0.005659740667944557,3.1487699224109824,4.795052072805882,5078.091680845706,1.0002203986083895
-273321.00449277734,5712.807322607756,84.27899373896425,-284934.14517858863,-262352.85483190254,4619.061898908324,1.0007036990123774
