mean,sd,mc_error,hpd_2.5,hpd_97.5,n_eff,Rhat
8.441347824042545,0.8213871348098291,0.010677741108545222,6.868504680645973,10.022790700938836,5355.8338148286575,1.0000655632141529
