mean,sd,mc_error,hpd_2.5,hpd_97.5,n_eff,Rhat
18.55948779231974,0.5778975478369711,0.008434025181889567,17.441986158840464,19.702906550491896,5022.475411813844,1.0002215406350168
