mean,sd,mc_error,hpd_2.5,hpd_97.5,n_eff,Rhat
4.695529303628416,0.4994452411624209,0.009870020204616584,3.676513440800758,5.603027127264439,2812.659584699598,1.0003244769501516
-164942.5008152723,29742.034705660135,556.2339681242404,-222472.08611608643,-105799.02227580923,2790.089617991736,1.000146898272982
