mean,sd,mc_error,hpd_2.5,hpd_97.5,n_eff,Rhat
8.04122756775177,0.2902296894694743,0.003605266373883146,7.481824175507575,8.618052703162352,5352.563749321331,1.000267001549158
