mean,sd,mc_error,hpd_2.5,hpd_97.5,n_eff,Rhat
5.113651239148142,0.8274482585166992,0.02375645771376087,3.5160942761598877,6.730018583932066,1119.2759764887533,1.0068136020675769
-444806.1812379953,28557.28373624978,841.8450945605116,-499890.85361321375,-394024.42916978046,1135.0996624352053,1.0066447054305685
