mean,sd,mc_error,hpd_2.5,hpd_97.5,n_eff,Rhat
36.829655373904295,37.37788314206801,3.11576391906914,1.0000180002881707,95.08253220645841,38.54494703038007,1.0915488937106488
