mean,sd,mc_error,hpd_2.5,hpd_97.5,n_eff,Rhat
15.798177958839412,0.6085434286098133,0.013758605880208875,14.569985904868348,16.971262634833252,2626.7333446218213,1.0004306076836993
-490103.09820976347,8752.336584208007,194.36548557791258,-499997.419357876,-472525.2687420155,2146.2379027729116,1.0001357642873228
