mean,sd,mc_error,hpd_2.5,hpd_97.5,n_eff,Rhat
3.5109005428471423,0.3118434047198102,0.004304143673316855,2.9011450777029495,4.1215389585798965,6092.528495302665,1.0000852943548795
-69764.90929903126,31024.99013991673,360.6717718382869,-128912.5079840775,-9511.736942518111,6238.462898306904,0.9998540473915047
