mean,sd,mc_error,hpd_2.5,hpd_97.5,n_eff,Rhat
1.0133062460668123,0.01377659355508861,0.00016496826667608417,1.0000014741947223,1.040983028545834,5352.058258017424,1.0000099980583934
-499585.27166272304,423.751181481609,6.565967798509606,-499999.90652288246,-498724.8262714216,4351.805735436138,1.0001185076312484
