mean,sd,mc_error,hpd_2.5,hpd_97.5,n_eff,Rhat
1.0072004811539768,0.007030648549140111,9.010935318979401e-05,1.0000023923295862,1.0209304237800485,4983.318062222054,1.0004212099028904
-499770.5993308023,230.6069521908406,2.8762958023368763,-499999.98887237883,-499301.32846199226,5476.984097322985,1.0001558138853017
