mean,sd,mc_error,hpd_2.5,hpd_97.5,n_eff,Rhat
1.5831148949791545,5.103168332908234,0.19095048597408998,1.0000130901690079,1.6862424251579227,693.9936961422859,1.0011177675298653
