mean,sd,mc_error,hpd_2.5,hpd_97.5,n_eff,Rhat
44.100618122764274,30.331080032097013,0.4861893730745915,1.7442683946465067,94.97741062996157,4266.603420998225,0.9999377178168456
