mean,sd,mc_error,hpd_2.5,hpd_97.5,n_eff,Rhat
6.065392607113359,2.257640230643802,0.040207123949281796,1.657337509497012,10.305746679138464,3095.365846117575,0.9999521492177836
-77678.84170307116,186560.2037392866,3059.7847725708243,-451815.73894835974,240887.0408657833,3296.781171071397,1.0008121426408414
