mean,sd,mc_error,hpd_2.5,hpd_97.5,n_eff,Rhat
19.504812479770557,1.20323229032161,0.015078432136971642,17.29785033951331,21.989170327349395,4923.2705420323255,1.0001600617060662
