mean,sd,mc_error,hpd_2.5,hpd_97.5,n_eff,Rhat
41.16553115723649,31.258755544721822,0.47067380245610524,1.0026493311245437,93.91804500129327,4053.4119142291106,1.0000768525095338
-87208.67203560713,280655.2773820137,4017.6783823853084,-499400.5293063264,417970.7794280919,4152.061120131344,1.0002035111785472
