mean,sd,mc_error,hpd_2.5,hpd_97.5,n_eff,Rhat
9.775601270713592,0.31794693044509226,0.004292134193016475,9.184713007257043,10.426099387289094,5381.153819937925,1.0000010062487357
