mean,sd,mc_error,hpd_2.5,hpd_97.5,n_eff,Rhat
3.431196227866513,0.7673167295888917,0.017365239174014606,1.9199447501099625,4.911610505919025,1763.68572305606,0.9999654239084127
-312780.742844128,14505.777922487483,364.47125985756765,-340332.01907017746,-284667.0179966163,1185.5756142797636,1.0002011080661466
