mean,sd,mc_error,hpd_2.5,hpd_97.5,n_eff,Rhat
6.790317202847494,1.8555433988291408,0.026186554213683204,3.269811980011,10.452623567430802,4583.596559805711,1.0000141063205108
