mean,sd,mc_error,hpd_2.5,hpd_97.5,n_eff,Rhat
52.71931486984552,28.316069078198577,0.3571246134869798,6.806254214863568,99.95620420282899,6832.944643398526,1.0008090499261335
-15858.436477260231,291064.35962758324,2999.853238346129,-499603.08217635466,446396.014743509,7984.556524747089,0.9997680811431708
