mean,sd,mc_error,hpd_2.5,hpd_97.5,n_eff,Rhat
4.015210456144636,0.39803063082708645,0.007223865840906875,3.200966296467584,4.7562609653826575,3023.8281342961964,1.0000320882341573
-200716.02881613647,8082.567963828193,140.26949828916588,-216008.46945315268,-184628.05736404358,3342.8348394729965,0.9999894651273447
