mean,sd,mc_error,hpd_2.5,hpd_97.5,n_eff,Rhat
6.465355449828108,0.18425814780949099,0.0021850627125825275,6.114922071521932,6.836475870002727,6392.623175714812,0.9999802733278111
