mean,sd,mc_error,hpd_2.5,hpd_97.5,n_eff,Rhat
7.942796894276871,0.37038816012761305,0.004762832692685922,7.215022259503776,8.644437266595244,5695.395216022751,1.0001578983923631
