mean,sd,mc_error,hpd_2.5,hpd_97.5,n_eff,Rhat
5.78759243883925,0.3401968194709801,0.004270108099534305,5.138155753322249,6.4763679888563015,5048.504971943973,1.0006516100750107
-225815.37040429408,8552.942414462372,128.30088316097041,-242289.73672870052,-208716.84804154135,4923.697703003853,1.0007570206334258
