mean,sd,mc_error,hpd_2.5,hpd_97.5,n_eff,Rhat
10.441466648448914,0.7224553748909721,0.01086821191528537,9.014370328578803,11.842937442383759,3501.396696739658,1.0002669165313594
-483152.4886992978,12832.220610683098,216.22425074493086,-499999.5018775753,-458419.2846023054,3716.272161806454,1.0008435909533862
