mean,sd,mc_error,hpd_2.5,hpd_97.5,n_eff,Rhat
5.19973343214215,0.2228768557464667,0.003205446843777087,4.779020441491676,5.642483293848553,5328.494708154488,0.9998720920898704
