mean,sd,mc_error,hpd_2.5,hpd_97.5,n_eff,Rhat
83.47068803567161,13.48865022138576,0.19776566082962344,56.38372029314976,99.99947492404142,5176.8803220748205,1.0003351360840493
