mean,sd,mc_error,hpd_2.5,hpd_97.5,n_eff,Rhat
4.996427172251909,0.3081032757090423,0.0037834229228909818,4.375685066320949,5.59023988607844,6105.966748913485,1.0001039786166648
-292302.3538065958,6464.025380333349,74.92768502538875,-304234.1518225436,-279414.96771110105,6237.234590406141,0.9998838439532667
