mean,sd,mc_error,hpd_2.5,hpd_97.5,n_eff,Rhat
82.47564346100917,13.944187268885242,0.21413943456144885,54.71341743982234,99.999882351947,4792.809848076215,0.9999844740405593
