mean,sd,mc_error,hpd_2.5,hpd_97.5,n_eff,Rhat
13.50475757651316,8.005139066183975,0.12811561646491929,3.3346639502605706,28.118290516144693,3682.662946713264,1.0007463505807839
