mean,sd,mc_error,hpd_2.5,hpd_97.5,n_eff,Rhat
43.5699600702638,28.380114004572164,0.3905455181974602,1.583743919394295,93.77651856315822,5735.452148431275,0.9999441428844581
921.7435264389017,288017.522147949,3683.043875042039,-496668.52489887044,455283.205643793,6117.694001659021,0.9999227926657941
