mean,sd,mc_error,hpd_2.5,hpd_97.5,n_eff,Rhat
3.5281902417866595,0.46127575651698677,0.011670238205446186,2.566549184224851,4.37853180144677,1486.4054421765363,1.0018720826354839
-377807.28903270897,14097.93416443046,359.44629299865585,-404385.5714180239,-349327.83963217493,1461.6888280513099,1.0018929565701098
