mean,sd,mc_error,hpd_2.5,hpd_97.5,n_eff,Rhat
9.544350221044319,0.5241049267430913,0.006670670839465677,8.56090098779577,10.591426621377263,4514.9338153231865,0.9999025079602398
-169314.15364318472,27350.714542348698,416.73818496011353,-224977.79133533407,-118053.8763683649,3800.0086080236974,0.9998429642107939
