mean,sd,mc_error,hpd_2.5,hpd_97.5,n_eff,Rhat
21.36888127592845,0.8421772737995961,0.014330464813013682,19.641045100830123,22.974463392906227,4826.125371111473,1.000143589218976
