mean,sd,mc_error,hpd_2.5,hpd_97.5,n_eff,Rhat
1.0011914904533472,0.0011997408424734956,1.5740543432029735e-05,1.0000002301846511,1.0036083882324618,5541.942574643867,0.9999880588537154
-499816.7681543774,182.70100329722212,2.5368096558707665,-499999.8659508746,-499447.90743694216,5223.092412052665,1.0002341863144772
