mean,sd,mc_error,hpd_2.5,hpd_97.5,n_eff,Rhat
4.598616827466673,0.1611598529916729,0.0021600032655213573,4.286511673051472,4.910240478852327,5608.943946008218,1.0000448641579944
