mean,sd,mc_error,hpd_2.5,hpd_97.5,n_eff,Rhat
1.453286168423087,1.3259251205633495,0.017180288538624307,1.000061520108908,2.193585205763741,5986.818649214423,1.000191907749747
