mean,sd,mc_error,hpd_2.5,hpd_97.5,n_eff,Rhat
5.168483116999137,0.09892072691260714,0.0013049022336356218,4.984087388187037,5.3723790119873644,5548.341647620494,1.0006760371562924
