mean,sd,mc_error,hpd_2.5,hpd_97.5,n_eff,Rhat
5.590346717680637,0.3175254303839618,0.00438413868689856,4.972084549319072,6.2100039113733025,5953.027170275528,1.0002459006574922
