mean,sd,mc_error,hpd_2.5,hpd_97.5,n_eff,Rhat
4.36485238335005,0.16525823230870418,0.0036928585107807582,4.038828820471138,4.67888330053079,2043.110733407677,1.000864529055977
-39046.09886265142,6428.600014227492,142.44515767813556,-51869.87326989029,-26870.301081609872,1957.4404846663929,1.0006874926719032
