mean,sd,mc_error,hpd_2.5,hpd_97.5,n_eff,Rhat
1.3434189094749476,0.3064540045387124,0.004059843176933526,1.000152697468438,1.9450469078906143,5019.163219698218,1.0001970690303121
