mean,sd,mc_error,hpd_2.5,hpd_97.5,n_eff,Rhat
8.453311695937991,1.094556411656234,0.013057759594028346,6.457197851277523,10.6528070293421,6467.688277630915,0.9999096310803907
