mean,sd,mc_error,hpd_2.5,hpd_97.5,n_eff,Rhat
1.0138536603288066,0.014388090577438561,0.0002116906766334253,1.0000034372414301,1.0424096645505803,4752.973768554885,0.9997611525410246
-499581.0802169137,422.8180614616972,5.961939203511606,-499999.9254572224,-498721.23999851313,5371.291005503573,0.9997853127769509
