mean,sd,mc_error,hpd_2.5,hpd_97.5,n_eff,Rhat
13.606507302972618,26.527594472663882,2.2167870717950438,1.000000004633722,83.05245438671832,2.785893336626588,1.9491582436243873
373944.9715911429,260860.14276004597,21919.328546580644,-308200.4925422822,499999.99330209,2.7055215759899234,2.028479401498125
