mean,sd,mc_error,hpd_2.5,hpd_97.5,n_eff,Rhat
55.02105080362106,27.98856504151551,0.37467244465809485,8.225176445161326,99.92282920215305,5184.02323642957,1.0004536850709895
