mean,sd,mc_error,hpd_2.5,hpd_97.5,n_eff,Rhat
4.939251942353434,0.4551812345664533,0.005773905192379479,4.018101691384801,5.832023556383654,5101.123664800736,1.0002060097986558
-205519.6998350208,10979.897180693937,145.29954463823816,-226589.68882069382,-184222.53705908748,5313.769844497882,0.9998558366897549
