mean,sd,mc_error,hpd_2.5,hpd_97.5,n_eff,Rhat
3.5301422453818687,1.269182574387592,0.040007364890739645,1.0137145741055271,5.684193557262644,1120.638110435291,1.000363322059154
-229779.9345369888,15612.55635389881,527.2456560944186,-260687.76976686658,-198653.55662978606,970.0105376042688,1.0005111706861791
