mean,sd,mc_error,hpd_2.5,hpd_97.5,n_eff,Rhat
1.1698441735681577,0.8588086220834232,0.0330726469175843,1.0000000978970054,2.027735818887964,16.180375477657748,1.0845329682724603
-287784.6635284263,371545.139414078,36758.666824512045,-499999.99948409485,451793.133234217,2.0368096794664377,7.833451345890402
