mean,sd,mc_error,hpd_2.5,hpd_97.5,n_eff,Rhat
82.89103042841265,14.251923297361808,0.19846326812901843,54.0004498640473,99.9997436384905,5713.302060135673,1.0005250070879133
