mean,sd,mc_error,hpd_2.5,hpd_97.5,n_eff,Rhat
7.667545283593247,0.5808310794446051,0.008189173473882207,6.620975709825752,8.902100529843285,5126.463657968176,1.000170523420825
