mean,sd,mc_error,hpd_2.5,hpd_97.5,n_eff,Rhat
79.55278477953307,16.0626884633517,0.24995805483342287,47.718804254884326,99.98612977306449,4441.495459409142,1.0002618718181409
-91375.98768433623,282308.7920023181,4821.981228562128,-499888.99928917177,418824.5248242153,3504.6436520403904,1.0004369182769377
