mean,sd,mc_error,hpd_2.5,hpd_97.5,n_eff,Rhat
50.241584174053735,37.99024369267324,2.6055406588943764,1.0001471277890366,97.12766720069116,36.29080779703057,1.0954056625141668
