mean,sd,mc_error,hpd_2.5,hpd_97.5,n_eff,Rhat
1.0136410666293048,0.014076242719413701,0.00019103728630360622,1.0000155004824296,1.0426212030583237,5075.600522027816,1.000258861596935
-499579.0281629604,436.6042474833625,5.839563366735682,-499999.3730415456,-498733.6699394376,4968.438717592814,1.0001296384530283
