mean,sd,mc_error,hpd_2.5,hpd_97.5,n_eff,Rhat
10.627840182293529,0.36238770362239814,0.004986631303940225,9.898533023320654,11.317870791873547,5187.965185277433,1.0003465165678704
