mean,sd,mc_error,hpd_2.5,hpd_97.5,n_eff,Rhat
7.63442911538754,0.35761741233108363,0.004917562638528281,6.933856230227037,8.323387501562872,4524.833973483066,1.0001729284844803
