mean,sd,mc_error,hpd_2.5,hpd_97.5,n_eff,Rhat
54.779640375659824,28.063801474233,0.37790075657571454,8.138770915809033,99.88950936529552,5806.576512016538,0.9999483308759098
-24469.97356056745,285648.07471929607,3416.2840983987844,-496946.8879904421,440279.80783674924,5927.326646444733,1.000254493859968
