mean,sd,mc_error,hpd_2.5,hpd_97.5,n_eff,Rhat
1.0032858212005467,0.0032739948811222387,4.677530726583743e-05,1.0000026801615634,1.009796963198548,5203.568054236721,1.0001515761394373
-499680.40180221817,324.2386410014137,4.852590014096943,-499999.9756380341,-499034.48663879104,4799.105235373224,0.9999526372791673
