mean,sd,mc_error,hpd_2.5,hpd_97.5,n_eff,Rhat
5.0198701131819305,0.36602830502630307,0.0037700448929331052,4.3287160882123885,5.74801176448214,7330.593577647645,0.9998172887491222
-319247.0348666094,12618.08252072058,150.7151033190525,-344078.7345000585,-294410.9361713996,6280.427983841169,1.0000853082999461
