mean,sd,mc_error,hpd_2.5,hpd_97.5,n_eff,Rhat
9.578827938045311,0.5224721664163816,0.007794206368979956,8.629300784767802,10.677315047915297,4006.4904374834346,0.9999835873626189
-417260.05736866005,16537.288123988834,238.98774217170512,-448492.200691492,-384491.9871091063,4096.48722949544,1.0003954404534265
