mean,sd,mc_error,hpd_2.5,hpd_97.5,n_eff,Rhat
4.194199524087669,0.2324216225650557,0.003255719054016766,3.7457891972957125,4.656477216450408,5726.823042946143,1.0007523662923428
