mean,sd,mc_error,hpd_2.5,hpd_97.5,n_eff,Rhat
79.35287387280148,16.368924392185924,0.22253641315144718,47.22138880301745,99.99872586072026,4281.282475293653,1.0000965133445439
