mean,sd,mc_error,hpd_2.5,hpd_97.5,n_eff,Rhat
9.641990089666727,0.7409299574096507,0.010562991189142999,8.237130633635951,11.12421332256378,5217.334126336608,1.0001616831648004
