mean,sd,mc_error,hpd_2.5,hpd_97.5,n_eff,Rhat
61.586745941796494,26.17356864049146,0.3357608800843194,12.707126920059201,99.95583054721608,5139.662717804996,1.0000285989436308
