mean,sd,mc_error,hpd_2.5,hpd_97.5,n_eff,Rhat
21.664633082791152,0.47074157815604173,0.011045229837657213,20.73020902213961,22.611405966025757,2034.516281190924,1.0000454673156771
-55855.730420711436,20409.254013878894,472.5516314339187,-95713.01318774617,-15332.140183542897,1870.3514006174887,1.001068989623213
