mean,sd,mc_error,hpd_2.5,hpd_97.5,n_eff,Rhat
3.33795925821773,0.7250566297896271,0.015531796227802371,1.8731521892644556,4.693266650184146,1969.4063493002955,1.0009556106777868
-312978.0037924702,10808.501275586494,225.56638864522546,-333897.9470027431,-292896.2505284859,2156.559057700281,1.0004324993358462
