mean,sd,mc_error,hpd_2.5,hpd_97.5,n_eff,Rhat
6.313469221327304,1.4950197442788393,0.019297339082755584,3.6100193392044164,9.302419138933082,5319.5466011614135,1.000017883610579
