mean,sd,mc_error,hpd_2.5,hpd_97.5,n_eff,Rhat
3.634947785158461,0.29122963013436537,0.0034803665574618518,3.0731888929543736,4.197226880895897,5835.321428395298,1.0004734480291397
