mean,sd,mc_error,hpd_2.5,hpd_97.5,n_eff,Rhat
5.045730973754921,0.1634487096274181,0.0019528546651294964,4.726332210331501,5.368797301734943,7328.854966435204,0.9999729736061921
-231485.56855731583,9710.533706921278,112.1451725880552,-250380.7871965012,-212701.28126126542,6765.062774089586,1.0002376326586235
