mean,sd,mc_error,hpd_2.5,hpd_97.5,n_eff,Rhat
74.5380834610899,19.702004999734957,0.49694618477451913,37.402356312694366,99.98155569006855,1478.1933779394074,1.0004397154207134
