mean,sd,mc_error,hpd_2.5,hpd_97.5,n_eff,Rhat
5.503685400056586,0.3008821661934927,0.00403331963464897,4.915922793333902,6.086230558699103,5604.502617043506,1.000049879889932
