mean,sd,mc_error,hpd_2.5,hpd_97.5,n_eff,Rhat
5.383112298180822,0.4110611733784944,0.004994036801905592,4.565402812078303,6.178275795252737,6457.2628605012505,0.9998413182992634
-306556.6707679419,8645.304875153213,98.60086222511963,-323208.6938355786,-289353.3644815872,5960.871654610081,0.9998548041692624
