mean,sd,mc_error,hpd_2.5,hpd_97.5,n_eff,Rhat
1.054224994350796,0.055681857030627946,0.0007962831945492483,1.000018475778386,1.166894719308263,5018.974572442102,1.0000220529341157
