mean,sd,mc_error,hpd_2.5,hpd_97.5,n_eff,Rhat
13.678696937669086,1.540915927678646,0.02397547927848016,10.674603106173299,16.617111558401344,5450.598819839072,1.0001002366719676
