mean,sd,mc_error,hpd_2.5,hpd_97.5,n_eff,Rhat
91.41058284195385,7.777585487604591,0.1556552689789234,75.69155572655818,99.99932385713409,2205.379798171832,1.0005351071366697
468633.6931691982,32853.73503560483,814.6736001346115,407386.3411204715,499990.69391670905,1285.46009515109,1.0008948770996797
