mean,sd,mc_error,hpd_2.5,hpd_97.5,n_eff,Rhat
1.4008471789962862,0.3812239160353858,0.006246234343439389,1.0000524764034986,2.1495419496383406,3323.9768955097225,1.000491648748239
