mean,sd,mc_error,hpd_2.5,hpd_97.5,n_eff,Rhat
7.630388518409045,0.2998228838812943,0.004188806666756066,7.02610465509402,8.196112127565748,5550.019688970196,1.0001467307279053
