mean,sd,mc_error,hpd_2.5,hpd_97.5,n_eff,Rhat
6.031832721107576,0.19394663748476232,0.002792595070058219,5.651061234050333,6.4100716625844445,4823.976077010658,1.0001965465025706
