mean,sd,mc_error,hpd_2.5,hpd_97.5,n_eff,Rhat
1.0323789652213013,0.03499221267157402,0.00048534833945850203,1.0000170709980056,1.1018663246401321,4808.246299417257,1.000143511319248
-499054.9183792467,970.3968132213597,14.384791128127034,-499999.7551863281,-497096.9804440152,4530.26467071293,1.000477580974911
