mean,sd,mc_error,hpd_2.5,hpd_97.5,n_eff,Rhat
4.381541146145646,0.261859636294247,0.0034290692336888433,3.87532803011266,4.881076877322078,5636.149918781761,1.0009979438288954
-190206.09503262484,16303.438840457971,258.5306900078516,-222191.1443910862,-158747.52218045318,5138.079796322306,1.000549637308382
