mean,sd,mc_error,hpd_2.5,hpd_97.5,n_eff,Rhat
9.516830412675237,6.533771006779614,0.09082512916664297,1.1956960397363938,20.80377822224424,5625.973247723527,0.9998776928005221
