mean,sd,mc_error,hpd_2.5,hpd_97.5,n_eff,Rhat
5.114947020257056,0.16920171516309132,0.002213642601015895,4.791058641657999,5.452036313261043,6175.759009640272,0.9999399386155234
