mean,sd,mc_error,hpd_2.5,hpd_97.5,n_eff,Rhat
13.422842799062028,0.6204348852823155,0.007112657075796185,12.209595035862502,14.631459606374579,6236.978106893722,0.9999644667950366
