mean,sd,mc_error,hpd_2.5,hpd_97.5,n_eff,Rhat
12.197127643542235,4.859940716772378,0.08700608121479592,3.300265919430662,21.985430763873477,3032.3432885786665,1.0009395535639087
201596.05089936685,182459.93645867246,3434.878819388752,-117821.94703294501,499945.52617631084,2805.7681888699562,1.001044948510828
