mean,sd,mc_error,hpd_2.5,hpd_97.5,n_eff,Rhat
85.75637016399975,11.952980163601241,0.1616020589985704,61.43062918872075,99.9973612497728,4838.289594521554,1.000450699021168
