mean,sd,mc_error,hpd_2.5,hpd_97.5,n_eff,Rhat
4.559785674723641,0.16373292565061331,0.0021521106621236303,4.228772603940477,4.866842528867917,5920.878169970466,1.0002257645121175
-256187.45381765545,7771.071526331532,92.73560738640707,-271558.1405932949,-241246.95747724833,6621.8327115122365,0.9999281437305648
