mean,sd,mc_error,hpd_2.5,hpd_97.5,n_eff,Rhat
1.0202745403699034,0.02129470122023009,0.000286731123868818,1.0000061709689414,1.0613583616139775,4692.90280864714,1.0001078242352337
-499389.8851650064,618.5833031913916,8.630001619824736,-499999.66563847056,-498176.54870695993,5576.838159677829,0.9999375344956253
