mean,sd,mc_error,hpd_2.5,hpd_97.5,n_eff,Rhat
21.32506620349255,33.13020720925723,2.6760069273017137,1.0000158449129812,91.83064102251275,51.659568925882624,1.0396650259301063
