mean,sd,mc_error,hpd_2.5,hpd_97.5,n_eff,Rhat
22.223430306540482,0.4414551924759175,0.005627836993303078,21.375730829278865,23.092159858001445,5355.805540633863,1.0000714367294354
