mean,sd,mc_error,hpd_2.5,hpd_97.5,n_eff,Rhat
1.266270041654953,0.23782509490921613,0.003621681581770246,1.0001364970438944,1.731051188861368,4295.691925956903,1.0001463131161652
