mean,sd,mc_error,hpd_2.5,hpd_97.5,n_eff,Rhat
5.9278313331527,0.37993273307540265,0.004251438300306764,5.163633759250301,6.647411738566179,7472.509213599395,0.9998598712998241
