mean,sd,mc_error,hpd_2.5,hpd_97.5,n_eff,Rhat
6.061019657588841,0.15305078036489098,0.0018280908974210857,5.778992022860061,6.377171001704155,6354.934076540128,0.9998120079186023
-144814.45581870503,8127.923399039332,100.13271260178774,-160152.92263255877,-128550.5872524274,6208.737255044795,1.000021989168912
