mean,sd,mc_error,hpd_2.5,hpd_97.5,n_eff,Rhat
77.38275559679357,19.48156569714935,0.28150698300060883,39.00654937002777,99.99550486406146,4496.086860377937,1.0000245716500158
