mean,sd,mc_error,hpd_2.5,hpd_97.5,n_eff,Rhat
9.265517175379797,0.7287875289658627,0.010182633128422169,7.899436942001622,10.696665535645643,5587.733302130256,1.000142543292664
