mean,sd,mc_error,hpd_2.5,hpd_97.5,n_eff,Rhat
7.596886289498495,0.18562762618592316,0.002415356669844107,7.234592099677679,7.956209041580506,5538.090784240216,1.0000444744190593
