mean,sd,mc_error,hpd_2.5,hpd_97.5,n_eff,Rhat
85.44035276586426,12.252023826431381,0.1582572434442018,60.54118969086389,99.99529229487554,5210.826021717871,1.0001906664006224
