mean,sd,mc_error,hpd_2.5,hpd_97.5,n_eff,Rhat
5.912328618185592,0.15076682682084522,0.0018688323491780254,5.612165146239268,6.19604974052251,5770.159627264179,1.0002129681151783
