mean,sd,mc_error,hpd_2.5,hpd_97.5,n_eff,Rhat
3.4924578036157508,1.0805630370105883,0.034033996519551184,1.4136349701565334,5.5065796125814765,920.9616981384168,1.0023682790576447
-185040.68591180487,23979.22044588705,811.1166432355457,-235203.57301673433,-141749.23644841614,740.2238154095153,1.0034898552042353
