mean,sd,mc_error,hpd_2.5,hpd_97.5,n_eff,Rhat
5.521220056996713,0.35217042693555317,0.004676421662630405,4.827986258312775,6.188026624025763,5149.6061391011435,1.0001315021758936
