mean,sd,mc_error,hpd_2.5,hpd_97.5,n_eff,Rhat
30.162637471407233,32.23647007401858,0.6556108970380994,1.0004090535068684,91.87783363067123,2190.806654455266,1.0004954884630881
