mean,sd,mc_error,hpd_2.5,hpd_97.5,n_eff,Rhat
9.082243036506286,0.209043012081021,0.0027505638470356007,8.682762687331241,9.504855369507016,5509.360518963301,1.000765113230468
