mean,sd,mc_error,hpd_2.5,hpd_97.5,n_eff,Rhat
12.053263929086127,0.30109360936102625,0.003460740357733491,11.473089155246141,12.645374807145297,4915.849976348506,0.9998739013268563
