mean,sd,mc_error,hpd_2.5,hpd_97.5,n_eff,Rhat
5.626304959339691,0.140171796982183,0.0020168337077220715,5.354726942979739,5.906346780454331,5322.408190958036,1.000133363776256
