mean,sd,mc_error,hpd_2.5,hpd_97.5,n_eff,Rhat
17.88390998523838,0.7693217992242989,0.01007606968895218,16.412183775265436,19.413290120178853,5564.705202949009,0.9999321927633281
