mean,sd,mc_error,hpd_2.5,hpd_97.5,n_eff,Rhat
4.522663400370817,0.1819863557042189,0.002244725480900007,4.156167364106166,4.872404847383805,5680.168233041364,0.9998967143191395
-153484.63176861109,4847.668328888685,66.31188158266627,-162968.2526566924,-144100.28336788123,5971.196399629267,1.0004125963074015
