mean,sd,mc_error,hpd_2.5,hpd_97.5,n_eff,Rhat
10.937949291129325,0.37129572247149834,0.004936521139714529,10.19360541670826,11.647204138809482,5718.647632412279,1.0002287046960772
