mean,sd,mc_error,hpd_2.5,hpd_97.5,n_eff,Rhat
85.77686802830837,11.730563555902084,0.21690827165332277,62.13784536269645,99.99999368972668,3000.637515138988,1.0008198579818166
-172427.0090548416,263876.8172925101,5035.284170772333,-499941.7185377658,361421.21359195723,2439.7673373182192,0.9999397088072038
