mean,sd,mc_error,hpd_2.5,hpd_97.5,n_eff,Rhat
12.427657628178915,26.41377561504121,1.224351646959623,1.0000605592014706,84.30327627706197,386.3161892074306,1.0041717857574244
