mean,sd,mc_error,hpd_2.5,hpd_97.5,n_eff,Rhat
4.447247728586001,0.43183302668814416,0.004971937537980671,3.5662279013478533,5.243810463009294,6821.062878975705,0.9999349343663895
-237427.40067743242,7873.090877249695,97.23016449949948,-252321.7393528654,-221518.05101170985,5484.04634185391,0.999905636752145
