mean,sd,mc_error,hpd_2.5,hpd_97.5,n_eff,Rhat
1.0066340576075343,0.00663791898703524,8.821969345988425e-05,1.0000068526155537,1.0197623265643556,5271.883996069754,0.9999552550363555
-499790.7911886562,215.30868722204926,2.9285094495183737,-499999.93126678304,-499378.0915722603,4327.425875228303,0.9999940107299607
