mean,sd,mc_error,hpd_2.5,hpd_97.5,n_eff,Rhat
4.161990400330416,0.7646845853278417,0.013524024786136467,2.64713209142965,5.683983944715603,3065.8797868599154,1.0006119864005394
-220796.82461681648,33613.63107529466,553.1486165695316,-283246.11053855706,-152203.77765761327,3275.2685997398426,1.0008381348448134
