mean,sd,mc_error,hpd_2.5,hpd_97.5,n_eff,Rhat
70.05092565144635,23.526351772358037,0.780846039356842,25.12525228002732,99.99576776015766,745.0620013693688,1.0008556262198598
