mean,sd,mc_error,hpd_2.5,hpd_97.5,n_eff,Rhat
6.026837770444627,0.18614365528946752,0.0021582988752545146,5.681759092741891,6.409097188500761,7087.112666268372,0.999992718683192
-208469.94298606156,9379.180659515107,115.62859314005391,-227065.25208918288,-190217.35125916207,6907.601674105369,1.0000640197548134
