mean,sd,mc_error,hpd_2.5,hpd_97.5,n_eff,Rhat
1.1922780962441812,0.16805174737096995,0.002723423504995076,1.0000226310438132,1.528149856451847,3985.032064038133,1.000048868455972
