mean,sd,mc_error,hpd_2.5,hpd_97.5,n_eff,Rhat
6.411184538691545,0.5233087429369625,0.0058955580030890685,5.43312217433005,7.487218457446331,7563.047734628351,0.9998680582724209
-265204.55967906886,13541.841136942965,169.05285370090124,-291241.62649824633,-237818.57483033126,7576.31569012802,0.9999618548846445
