mean,sd,mc_error,hpd_2.5,hpd_97.5,n_eff,Rhat
1.0738780599026372,0.06760368205029936,0.0009880794575369653,1.0000132084407467,1.2095615319702635,4295.311682254398,0.999880436542065
