mean,sd,mc_error,hpd_2.5,hpd_97.5,n_eff,Rhat
39.37389783940696,26.90139596264396,0.3998798531682716,1.4973854690261912,90.99159195465653,4390.451481125113,0.9999696007194036
