mean,sd,mc_error,hpd_2.5,hpd_97.5,n_eff,Rhat
7.1960689655204675,1.7718584999688867,0.022307234135903402,3.8946672982244346,10.894370468809981,4209.034821304603,1.0008439877594402
-26979.454384409535,95859.49608986311,1481.7840798511322,-201916.35048900446,166354.3273906606,3517.965729609645,1.0005147989324525
