mean,sd,mc_error,hpd_2.5,hpd_97.5,n_eff,Rhat
4.736587326278041,0.22896695004401996,0.002699667539779793,4.25264374257038,5.155896303714099,6280.781282219248,1.0000959462457193
-290387.7631777775,4617.489990286159,53.572990107058544,-299602.9085381062,-281550.1032973111,6422.693407923853,1.0005139092568822
