mean,sd,mc_error,hpd_2.5,hpd_97.5,n_eff,Rhat
4.065313465333669,0.20377958987371417,0.0026377879204063258,3.6564756712471227,4.444277557414424,4807.822418643215,1.000052529991177
-205113.39838477847,11801.986702397104,150.35745711537285,-227293.4126529305,-180916.8776277454,5266.512686763713,1.0003074550709357
