mean,sd,mc_error,hpd_2.5,hpd_97.5,n_eff,Rhat
5.269919221384718,0.35407577855493627,0.005126766419770366,4.587267883313323,5.954626280024935,4827.039205912763,0.9998358763060229
-498017.4120212742,1944.6043132171098,26.64878854835343,-499999.9906025893,-494190.7470719323,5357.765259344658,0.9998329420641174
