mean,sd,mc_error,hpd_2.5,hpd_97.5,n_eff,Rhat
7.979586225177273,0.1849959500044284,0.002444075414823024,7.61631714185061,8.339851758370425,5815.491651197977,1.0001026087161105
