mean,sd,mc_error,hpd_2.5,hpd_97.5,n_eff,Rhat
7.44423129482116,1.57714061081681,0.01987374158518839,4.543344825650559,10.506016386331131,6113.560489816068,1.0001473791646776
