mean,sd,mc_error,hpd_2.5,hpd_97.5,n_eff,Rhat
1.1593821277582392,0.36652399203625874,0.026893490976075553,1.0000003394732246,2.014007858467177,3.6806727896467804,1.5600487930045217
-292669.5105691717,364148.1101359211,35890.6293278525,-499999.9688019146,446349.1423388899,2.0508129726373836,6.687667528207736
