mean,sd,mc_error,hpd_2.5,hpd_97.5,n_eff,Rhat
11.958821067859782,0.6331972604270745,0.009795110169827878,10.736357184472988,13.224316437393632,5353.912944389544,1.0002233257957391
