mean,sd,mc_error,hpd_2.5,hpd_97.5,n_eff,Rhat
8.267433253904297,0.28609528490085756,0.004100363751075456,7.700645485227023,8.819026776641063,5880.744902159812,1.000304864602138
