mean,sd,mc_error,hpd_2.5,hpd_97.5,n_eff,Rhat
80.30973086966019,15.597886702495035,0.2224663491341996,49.57522826235647,99.99725276417358,5339.887517061071,1.0019616333980756
