mean,sd,mc_error,hpd_2.5,hpd_97.5,n_eff,Rhat
6.249987055085022,0.38962355691246126,0.005233477317765511,5.482881999460059,7.0212013170547936,6035.68217293867,1.0001712382647783
