mean,sd,mc_error,hpd_2.5,hpd_97.5,n_eff,Rhat
1.5798293406039765,0.47665368092830734,0.00785573913178002,1.000010508298938,2.5119848739842383,2757.1978844186087,1.0001516168261637
321270.4726354546,129041.19155913226,2658.614416511914,76711.26392265593,499990.2927549893,2330.533305238064,0.9999600136676313
