mean,sd,mc_error,hpd_2.5,hpd_97.5,n_eff,Rhat
1.1862233681369365,0.16415547482445408,0.002300955233619943,1.0000602132908984,1.5162864282879338,4564.070870393171,0.9999337326205218
