mean,sd,mc_error,hpd_2.5,hpd_97.5,n_eff,Rhat
75.28618287559134,25.259528679445086,1.929231283261658,1.000321481441675,98.81360861832364,28.965204371750847,1.0776392682590379
