mean,sd,mc_error,hpd_2.5,hpd_97.5,n_eff,Rhat
3.6003556852671,0.24739274655313953,0.00386673638811827,3.100226706932525,4.064985856162879,3161.1054994053143,0.9998450794102519
-242115.96758244664,9682.728693246347,170.09784015098973,-261059.35957127027,-223208.77939161894,2982.1036863729914,0.9999400431413142
