mean,sd,mc_error,hpd_2.5,hpd_97.5,n_eff,Rhat
6.113574470634652,0.19780049487954174,0.0023457901654279417,5.727865516880065,6.504456152721131,6348.832247793724,0.9999426236942819
-205194.2026018871,7029.926929507005,85.38822991736515,-219160.29939757846,-191784.9211576283,5892.9642639094545,1.0000480283638753
