mean,sd,mc_error,hpd_2.5,hpd_97.5,n_eff,Rhat
10.466496374568882,1.1054332760003784,0.013228768673824276,8.271384801165455,12.637162666731946,6278.275997313956,1.000122503859707
