mean,sd,mc_error,hpd_2.5,hpd_97.5,n_eff,Rhat
10.022182636694135,0.509958218106427,0.007343516650213047,9.054125997908145,11.033672232382749,5236.554997463468,1.0002203398624832
