mean,sd,mc_error,hpd_2.5,hpd_97.5,n_eff,Rhat
5.952319357352671,0.38845052181926787,0.004742528308506036,5.203800897034533,6.723269292849731,5452.732229280681,1.0000373005571406
