mean,sd,mc_error,hpd_2.5,hpd_97.5,n_eff,Rhat
5.488287929754664,0.32660069069739867,0.003812047112089028,4.808886010638198,6.092854695067539,6773.136428703394,1.0008610857552949
-220755.02570470434,8926.467920316005,106.8689372381687,-237381.39782657413,-202280.49916355312,6016.5704534832275,1.00014699391696
