mean,sd,mc_error,hpd_2.5,hpd_97.5,n_eff,Rhat
9.936700106620105,6.78489183056866,0.13640462350887675,1.0430576153637257,21.966145244152468,2275.767696109842,1.0002964855979875
-63049.434408274086,250664.9440390534,3449.106255549591,-499999.4143803697,362088.8791075898,4551.232442501325,0.9999600752991256
