mean,sd,mc_error,hpd_2.5,hpd_97.5,n_eff,Rhat
33.37984426536628,27.26505768355813,0.3497602206845808,1.0165006530636138,88.42538483827782,5953.452686654938,1.0000310921965214
91994.79220650038,269326.3420906609,3486.127293600543,-388866.94378186844,499925.97746624233,5786.443540581121,0.999911919253359
