mean,sd,mc_error,hpd_2.5,hpd_97.5,n_eff,Rhat
7.8052884168572225,0.6542242054816069,0.008755664752964031,6.537980702703341,9.058979616529005,4820.620809064103,1.0003393744461726
