mean,sd,mc_error,hpd_2.5,hpd_97.5,n_eff,Rhat
5.859407324214768,1.0454575794789907,0.01714528386775025,3.8026814538381633,7.935328924564065,3222.469871419862,1.0001827506064558
-298282.4226128546,17738.387326899847,301.8211983038275,-334217.55647088063,-265916.30348888825,3332.0912923937285,0.9998447858376818
