mean,sd,mc_error,hpd_2.5,hpd_97.5,n_eff,Rhat
12.685794434200352,1.179759248946107,0.017478227361275113,10.447073414425578,15.049982125625924,5345.435362738322,1.000180274769149
