mean,sd,mc_error,hpd_2.5,hpd_97.5,n_eff,Rhat
1.1228796149190854,0.10914121199699167,0.0017703336187727928,1.0000050586856157,1.3424177043637673,4025.560657399444,1.000411354756965
