mean,sd,mc_error,hpd_2.5,hpd_97.5,n_eff,Rhat
1.0370303500619558,0.03628651399030865,0.0005086024559518264,1.0000064898299845,1.1098227298856875,5438.946770578863,1.0003106382581837
