mean,sd,mc_error,hpd_2.5,hpd_97.5,n_eff,Rhat
4.973154813136764,0.2541431797385849,0.003060251058207291,4.487738763954775,5.484440624323602,6512.421449383676,0.9999814394306566
-203220.2641472791,6913.115878526524,88.18859004201248,-216363.518040033,-189301.39425273746,5925.158611701151,0.9999473083153623
