mean,sd,mc_error,hpd_2.5,hpd_97.5,n_eff,Rhat
6.775385301359662,1.610320601866309,0.031010377904653896,3.6441422319367063,9.962137156830316,2077.2275777890154,1.0018698977727158
-70592.83571954128,48760.381984023086,948.16954754704,-159248.81933736618,27634.313360501485,2156.9387360749747,1.0017700944032883
