mean,sd,mc_error,hpd_2.5,hpd_97.5,n_eff,Rhat
6.1522304574358255,0.33188033123849386,0.0043034723895091455,5.533883418292689,6.832830197791572,5632.677148013155,0.9998730200897933
