mean,sd,mc_error,hpd_2.5,hpd_97.5,n_eff,Rhat
17.65551459969386,8.512768657008111,0.15660378869582836,6.395532402892444,33.10065324474905,2555.7185510515915,1.0005375802337435
