mean,sd,mc_error,hpd_2.5,hpd_97.5,n_eff,Rhat
5.228967983570515,0.2456233873894767,0.0030174809426030944,4.765411908874871,5.716783164434647,5797.964058360103,1.000028595149269
-225061.84706053656,6799.910804503219,94.35379857786971,-237931.42835837955,-211309.22550126424,5603.361140408414,0.9998495286916451
