mean,sd,mc_error,hpd_2.5,hpd_97.5,n_eff,Rhat
1.0080559329696028,0.00826204005702,0.00011971748839405413,1.0000015194013345,1.0241643034954298,5377.632822270871,1.0001167975690077
-499741.63094811194,259.80296175863174,3.21441805895536,-499999.9961087632,-499219.602906692,5298.87012133281,1.0000895448178602
