mean,sd,mc_error,hpd_2.5,hpd_97.5,n_eff,Rhat
68.7143299640379,24.226062100150433,0.9983366927385775,18.37246964962351,99.97468723826194,230.20000868807324,1.0100117696641415
-30554.16056912834,293507.76662900636,7236.399311827588,-499600.93226331717,440044.7225223018,1045.7279105738262,1.0013408191963056
