mean,sd,mc_error,hpd_2.5,hpd_97.5,n_eff,Rhat
3.2082048884604375,0.77558908678306,0.020430789151544983,1.6441401063713923,4.667726912983959,1581.368812270917,0.9998047087744792
-283927.5197502632,10294.57674888508,191.38221335908995,-305641.4746217194,-265672.21119149856,2946.999273708702,1.000070495364895
