mean,sd,mc_error,hpd_2.5,hpd_97.5,n_eff,Rhat
1.242359609655841,0.20860402479305687,0.0034496603231687255,1.0002445771582904,1.6486768317645986,3138.6707623199504,1.0007226217531962
410128.82038007193,69841.82085618099,1309.049823667037,274318.80008878664,499979.5229346382,2247.0387184167403,1.0001877775307848
