mean,sd,mc_error,hpd_2.5,hpd_97.5,n_eff,Rhat
7.638418549433996,0.14495822960836832,0.0017281427209400965,7.359670752771689,7.92475998277509,6876.356353495259,1.000073966902582
