mean,sd,mc_error,hpd_2.5,hpd_97.5,n_eff,Rhat
10.485814132136392,0.6351652577257139,0.008463968340147397,9.22523654982641,11.702776033747933,4926.5597888182665,1.0002565532443963
