mean,sd,mc_error,hpd_2.5,hpd_97.5,n_eff,Rhat
89.00548826945622,9.909677795183544,0.18563960048108055,68.94757391652702,99.99975170974753,2302.2067989118386,1.0000159216920739
-231540.00600429898,237889.76309556773,4663.189159735614,-499981.11202123424,267396.20858014445,2138.925497253761,1.0002309248928372
