mean,sd,mc_error,hpd_2.5,hpd_97.5,n_eff,Rhat
80.59610437651695,14.735957559811784,0.23491724041400927,51.89373538370098,99.99065720844165,3675.922049340619,0.9999531429476205
