mean,sd,mc_error,hpd_2.5,hpd_97.5,n_eff,Rhat
6.916092466012486,0.14215504686295743,0.0018417148524751848,6.640607360574613,7.193642013487179,5749.1269619463565,0.9999192265867399
