mean,sd,mc_error,hpd_2.5,hpd_97.5,n_eff,Rhat
7.577111266847227,0.20588950066785272,0.0023787769924270815,7.19287231373192,7.9972079621667485,6171.995677848601,1.000274210567589
