mean,sd,mc_error,hpd_2.5,hpd_97.5,n_eff,Rhat
6.12093726068212,0.21575677611764657,0.0028517523961696712,5.700568635063726,6.539107657774445,6093.578951460582,1.000155427422696
