mean,sd,mc_error,hpd_2.5,hpd_97.5,n_eff,Rhat
8.227840582774261,0.21872052384452162,0.0030187367784663883,7.781716212143777,8.635751248211026,5930.3860206099125,0.9998587237841474
