mean,sd,mc_error,hpd_2.5,hpd_97.5,n_eff,Rhat
19.543781333962276,0.5456126070439286,0.007508893069648313,18.480839454389987,20.61288506291488,5062.698919208931,1.000385770050225
-498593.1794954201,1373.2326948104455,17.439798321120545,-499999.9038753614,-495863.4926556089,5850.885227538256,0.9998136365939134
