mean,sd,mc_error,hpd_2.5,hpd_97.5,n_eff,Rhat
71.21771563687915,21.993988559817875,0.3083189743882015,29.154705817745935,99.99931934450385,4545.829697118138,1.0001237702967007
