mean,sd,mc_error,hpd_2.5,hpd_97.5,n_eff,Rhat
1.501252043702459,0.3970371259037194,0.009532515615757638,1.000058583775638,2.2797318577739767,2065.742424701744,1.000285541961843
341815.66970305,117085.12707249753,2892.9282128191417,117064.30604627372,499953.0461128816,1522.549094739423,1.0006874740298781
