mean,sd,mc_error,hpd_2.5,hpd_97.5,n_eff,Rhat
3.584675467298059,0.29100963677767366,0.0038549915856848126,3.026223591774577,4.176086527297159,5158.254510879819,1.00037137677484
