mean,sd,mc_error,hpd_2.5,hpd_97.5,n_eff,Rhat
1.0001473605532072,0.0001480800900594663,1.7926420376184686e-06,1.0000000457144305,1.0004308031649405,5761.360452337884,1.00006123838565
-499974.6268135539,25.177135536968592,0.374250811584977,-499999.9873877684,-499923.82089051994,4753.245408020464,1.0002049700517466
