mean,sd,mc_error,hpd_2.5,hpd_97.5,n_eff,Rhat
4.33596615466176,0.26356458281109774,0.0035505324810044237,3.813420500352927,4.840479922196974,5191.321869176532,1.0001468032506433
-241116.38939673032,12438.788657753295,193.71512397191438,-264753.68589456775,-216837.2093062318,5334.28206039762,1.0001043611030582
