mean,sd,mc_error,hpd_2.5,hpd_97.5,n_eff,Rhat
5.799126208128323,0.2200229939666266,0.003009944494493992,5.380226467192748,6.2394727459059816,5690.128855561091,1.0007996307763791
