mean,sd,mc_error,hpd_2.5,hpd_97.5,n_eff,Rhat
5.476437920129135,0.5423513938070075,0.006034504696163208,4.38470547025799,6.512678587518691,7653.940079743146,0.9998582353428165
-230623.5754100046,11626.322098228808,132.64944448915202,-253572.80745664326,-208095.52497979894,7076.899369065863,0.9998034510300263
