mean,sd,mc_error,hpd_2.5,hpd_97.5,n_eff,Rhat
3.157271958761338,0.5516477563136214,0.011176399269466829,2.038852749579487,4.204177409456574,2080.678742907568,1.0015790378832772
-251591.99009414858,4876.410986583516,100.15074444846347,-261615.00427442498,-242461.52567869972,1920.9520667574805,1.0006955531847546
