mean,sd,mc_error,hpd_2.5,hpd_97.5,n_eff,Rhat
10.811941294527976,0.5555414806804467,0.007644890687371561,9.781830115110422,11.936117336111428,5601.576576844739,0.9999332896942651
