mean,sd,mc_error,hpd_2.5,hpd_97.5,n_eff,Rhat
41.05568358649596,41.47226049544846,4.00806240208613,1.000000264714581,97.14079142441572,2.115608399989354,4.413724447987034
-369292.34165042354,211041.76445743747,13358.301123679514,-499999.9857276533,119368.01551849229,4.829037223413761,1.3506281899903387
