mean,sd,mc_error,hpd_2.5,hpd_97.5,n_eff,Rhat
42.30754198017017,28.46792722745865,0.40724966614380154,1.0406246605850344,92.816557246599,4128.046942798339,1.0001620447510646
