mean,sd,mc_error,hpd_2.5,hpd_97.5,n_eff,Rhat
4.970311794289524,0.20794260044392557,0.002514661385487126,4.566899111136047,5.3820761548755796,7000.66642723273,0.9999329588553337
-217553.4274237268,6819.659601652274,80.65126658596574,-230533.3715635201,-204051.32304814766,7196.155149827556,0.9999775039968646
