mean,sd,mc_error,hpd_2.5,hpd_97.5,n_eff,Rhat
7.574627662113727,0.20184170536837495,0.0026243215474568175,7.18007299189243,7.972234959964081,5502.0065134494425,0.9999772210557712
