mean,sd,mc_error,hpd_2.5,hpd_97.5,n_eff,Rhat
1.4848909246081767,1.9989854046061082,0.03727469887046109,1.000027429685236,2.2567145591504056,2993.377594296713,1.0001831949061049
