mean,sd,mc_error,hpd_2.5,hpd_97.5,n_eff,Rhat
10.298935501049161,0.38444523044322754,0.0043794640035540715,9.548971156520846,11.045204459631304,6002.060305812907,1.000150763160088
