mean,sd,mc_error,hpd_2.5,hpd_97.5,n_eff,Rhat
7.295813462310678,0.3384533666951243,0.004448321414859941,6.631672545478351,7.953643626688531,5167.672648270981,1.0002209107488733
