mean,sd,mc_error,hpd_2.5,hpd_97.5,n_eff,Rhat
83.52056772648739,13.361439918361222,0.17539246671948266,57.04882687172464,99.99983518316772,5321.795858729361,0.9999077472686323
