mean,sd,mc_error,hpd_2.5,hpd_97.5,n_eff,Rhat
4.403956015043674,0.5399459029296266,0.0107936524107084,3.374615194172957,5.491982239553834,2797.9980236486804,1.0008416915984526
21125.007971227475,35832.25934979894,710.0700640860501,-47042.11609040732,92125.68191036541,2643.797483306643,1.0008172562488074
