mean,sd,mc_error,hpd_2.5,hpd_97.5,n_eff,Rhat
6.156067146563208,0.7049717862284074,0.013490227745646172,4.74159261480816,7.518771317642927,2873.5498689743226,1.000080392408412
-485345.3559100203,11758.000243777597,214.63905183177494,-499999.6801680488,-461998.81903928716,2769.1678839651668,0.9998895495266544
