mean,sd,mc_error,hpd_2.5,hpd_97.5,n_eff,Rhat
5.005012550864023,0.17448188598168637,0.002294744673893995,4.6746819564202164,5.3613265631037645,5449.364022178694,1.0002776885232978
