mean,sd,mc_error,hpd_2.5,hpd_97.5,n_eff,Rhat
89.33635989455178,9.422575548921944,0.15388996847891592,70.15676631795374,99.99764495187257,4287.4138633412595,1.0014719449796838
