mean,sd,mc_error,hpd_2.5,hpd_97.5,n_eff,Rhat
32.16815194360838,15.330794063066946,0.3575715526446993,11.538022126404641,65.05047929413992,1767.037405279346,1.000848854804594
