mean,sd,mc_error,hpd_2.5,hpd_97.5,n_eff,Rhat
1.2588663202788752,0.2343818268754098,0.003263869226816751,1.0000027403934098,1.7123243213790464,4829.042990719255,0.9999137159132072
