mean,sd,mc_error,hpd_2.5,hpd_97.5,n_eff,Rhat
52.82823407550435,28.154457951150196,0.39370471783795635,6.751859412208035,99.87220138656463,5211.993349053125,1.0001974625310244
