mean,sd,mc_error,hpd_2.5,hpd_97.5,n_eff,Rhat
6.281125331440285,0.13524190591501695,0.001738397601009883,6.018526843359585,6.548977722215489,5216.029360934515,0.9998992096208854
