mean,sd,mc_error,hpd_2.5,hpd_97.5,n_eff,Rhat
9.244625051564968,3.416620768881769,0.049612707788242394,2.5442418253854764,15.681394963786166,3724.279173008442,1.000472905980396
