mean,sd,mc_error,hpd_2.5,hpd_97.5,n_eff,Rhat
3.997645084806668,0.40190598913778297,0.008651850397100003,3.172880717677202,4.750083440906761,1820.3794130018941,0.9998713980808491
-233058.18793192648,18698.114582576443,401.9519996034452,-269760.04309142794,-196024.04134805073,1869.5668662856158,0.9999008774730762
