mean,sd,mc_error,hpd_2.5,hpd_97.5,n_eff,Rhat
52.736924146540325,28.427624484723136,0.4370372281742627,5.963965499063946,99.42076654695938,4260.085614273602,1.0005611210737377
