mean,sd,mc_error,hpd_2.5,hpd_97.5,n_eff,Rhat
6.6420564190056055,0.12763433098208773,0.0015621771700293037,6.398962650874087,6.892505285979159,5846.020639183939,1.0003026286631473
