mean,sd,mc_error,hpd_2.5,hpd_97.5,n_eff,Rhat
6.111596646801569,0.24842682352151887,0.003081362476269344,5.635431750777553,6.607258933299927,7241.409279895158,1.0005141094263241
-176388.49248742175,19455.377392615123,209.30478091327578,-214517.9978562285,-138354.03338673196,7628.850297404883,0.999764027422555
