mean,sd,mc_error,hpd_2.5,hpd_97.5,n_eff,Rhat
1.189220984806164,0.43410934656689487,0.03151138880772893,1.0000029609993295,2.1927673954705784,3.689200013640815,1.550258262951414
-298354.9445435239,355825.78335776244,34899.085193888,-499999.9163147508,443461.4170603789,2.0690320145599315,5.783323314798338
