mean,sd,mc_error,hpd_2.5,hpd_97.5,n_eff,Rhat
5.352343355966255,0.15450289563361289,0.0019878667646315755,5.038604962491855,5.645795024151495,6930.52411476603,0.9999358343044773
-264252.96966837876,8319.368034704705,100.49654492136298,-280457.5226755564,-247819.24548926094,6825.419108770501,0.9998186903262667
