mean,sd,mc_error,hpd_2.5,hpd_97.5,n_eff,Rhat
4.286198584838788,0.33802928173541247,0.0048632250048004436,3.609618790886708,4.931049774138905,5428.266113029507,0.9998934342642121
