mean,sd,mc_error,hpd_2.5,hpd_97.5,n_eff,Rhat
8.390804659807616,0.42647443877173885,0.00577114856233593,7.556117951934072,9.212363680332551,5029.084495838158,0.9999443339542263
