mean,sd,mc_error,hpd_2.5,hpd_97.5,n_eff,Rhat
75.46744870581315,18.698509735534653,0.27467649814927253,40.007810668859356,99.99836292357007,4796.057956659574,1.000426877505735
