mean,sd,mc_error,hpd_2.5,hpd_97.5,n_eff,Rhat
4.32365670286124,0.3736495382552237,0.005359149184965892,3.589697215111848,5.0593946090128075,6554.418864604235,0.9998091980086037
-298077.2598015812,11459.622498201647,146.84762048597287,-320332.7520068126,-275578.391956096,5768.037774732039,0.999867337842644
