mean,sd,mc_error,hpd_2.5,hpd_97.5,n_eff,Rhat
5.996230670434044,0.14595026696133095,0.0020589436019769294,5.706639168482042,6.279097383116271,6046.325996543223,1.0003442290567515
