mean,sd,mc_error,hpd_2.5,hpd_97.5,n_eff,Rhat
22.807646947210642,31.084289518803587,2.2974569193499095,1.000029517739035,89.0322655979625,61.791128679726675,1.0032480719448635
-295560.2309276279,297541.77344151057,21520.627138402917,-499998.75294438296,359352.82101812394,66.91170053838358,1.0026402888701667
