mean,sd,mc_error,hpd_2.5,hpd_97.5,n_eff,Rhat
6.831524120847434,0.30928530588076214,0.004307025094166314,6.188530614402936,7.420110664819302,5453.973897154542,0.9998915647982688
