mean,sd,mc_error,hpd_2.5,hpd_97.5,n_eff,Rhat
2.9619152786338874,0.5628773576923747,0.012756369303929802,1.804110192278322,4.01242695583704,2140.705594126138,0.9999482801962368
-225002.9291367248,24802.770111310845,569.0304948388763,-273495.58667766035,-176671.26930202643,2151.157883625012,1.000447859572316
