mean,sd,mc_error,hpd_2.5,hpd_97.5,n_eff,Rhat
5.070487173085828,0.21179251696448592,0.0024283585079324607,4.653137613085629,5.476994144402498,7348.045769949032,0.9997759436609055
-193214.3547849153,7639.854152073814,88.65770245057952,-208017.04669679704,-177934.99378462657,7155.906331696349,0.9999362053943212
