mean,sd,mc_error,hpd_2.5,hpd_97.5,n_eff,Rhat
6.581285577104748,0.22125829993246984,0.002965740930691221,6.147141279570434,7.005070926407877,5087.450798587733,0.9999186948754882
