mean,sd,mc_error,hpd_2.5,hpd_97.5,n_eff,Rhat
15.280232102982346,10.528555996285505,0.21751977774847986,1.8881345688297873,34.98615992335296,2485.624930120561,1.0007999826217122
63546.986082131705,236466.2184808776,4945.164599304215,-301677.58646088606,487921.35142483696,2136.948544139999,1.0004683077514702
