mean,sd,mc_error,hpd_2.5,hpd_97.5,n_eff,Rhat
90.8199694855014,7.950621052030328,0.11987002857827818,74.76471310572657,99.99759428001448,4804.026491120293,0.9999102923976899
