mean,sd,mc_error,hpd_2.5,hpd_97.5,n_eff,Rhat
3.965514787610334,0.4056881483619194,0.006122508576213615,3.17095055564433,4.764534148414366,4060.93794049646,0.9998294961931761
-251755.2072588405,15851.725647846404,230.34225373479018,-281400.96123295336,-220098.00459247202,4138.988672841911,0.9998459289337474
