mean,sd,mc_error,hpd_2.5,hpd_97.5,n_eff,Rhat
3.3533826776779443,0.34025448987082385,0.005223504869764022,2.7100043437442904,4.022649451708676,4303.938996755039,1.0003408915748628
-77907.65828302306,35481.23237870077,466.8017580629683,-144881.0818349956,-5879.057328144588,4746.761087253604,0.9999436000845294
