mean,sd,mc_error,hpd_2.5,hpd_97.5,n_eff,Rhat
40.79152047262798,1.1588892361294922,0.015892121960048945,38.57470604504908,43.0828760749699,4792.02483726496,1.0003104738416277
