mean,sd,mc_error,hpd_2.5,hpd_97.5,n_eff,Rhat
6.575726855604861,1.1736596904011332,0.019374046286721118,4.481666267145342,8.953953601917043,4756.40885652726,1.0006871929674834
