mean,sd,mc_error,hpd_2.5,hpd_97.5,n_eff,Rhat
10.002637540606793,0.4375157890522155,0.005640052690952048,9.189074703527691,10.905356992155589,5479.8535544236465,1.0002880748291048
