mean,sd,mc_error,hpd_2.5,hpd_97.5,n_eff,Rhat
1.3316335360118319,0.2813664578207041,0.004196775603289328,1.000035192831253,1.890645122919678,3620.255938299148,1.0000797349188653
395962.71536814305,80696.18769986501,1486.1657752727624,238307.37849661676,499949.23852250964,2715.8928371532083,1.0000198467897994
