mean,sd,mc_error,hpd_2.5,hpd_97.5,n_eff,Rhat
6.09377725503886,2.1586553550639898,0.03280267137059153,2.2883625150101428,10.390590457385365,5562.245561695804,1.0010880793790031
