mean,sd,mc_error,hpd_2.5,hpd_97.5,n_eff,Rhat
4.945336912379912,0.29234346233849023,0.004439323675398212,4.37205656292378,5.506050432104701,4105.250193350748,1.0001161117424822
-245835.44667289895,13313.026575380567,209.3507039088412,-270493.30611774453,-219411.0591483107,4364.067557820192,0.999835978491643
