mean,sd,mc_error,hpd_2.5,hpd_97.5,n_eff,Rhat
78.6337177411681,17.144754462108082,0.33189796964497553,45.48531452938271,99.99733913536588,2752.1403226057027,1.0018988796422548
