mean,sd,mc_error,hpd_2.5,hpd_97.5,n_eff,Rhat
6.187042459471372,0.6292970742445788,0.00777776899583988,4.986457856623009,7.427063984738987,5393.198321551245,0.9999647440583217
