mean,sd,mc_error,hpd_2.5,hpd_97.5,n_eff,Rhat
13.27725807631752,0.6997405994231861,0.009413548101877266,11.878537619535264,14.620863035120282,5625.76282828811,1.0004752348048214
