mean,sd,mc_error,hpd_2.5,hpd_97.5,n_eff,Rhat
13.777994004571985,0.5989675466198541,0.006855922639654344,12.62152160434161,14.954697820737326,6738.112114183147,0.9998955812912919
