mean,sd,mc_error,hpd_2.5,hpd_97.5,n_eff,Rhat
8.468988012967937,0.19351602963115241,0.0022802191280194206,8.095915886759325,8.846319074359219,5675.628791430198,1.0002801459067254
