mean,sd,mc_error,hpd_2.5,hpd_97.5,n_eff,Rhat
78.3417107243096,16.312003132985634,0.25419972486837034,46.60039491654838,99.99264503142405,4209.035872498135,1.000398563196063
-81651.33264092103,284156.7654818248,4870.4839479360835,-499777.8471939845,422009.8718937674,3316.0689215508132,0.9999057271139187
