mean,sd,mc_error,hpd_2.5,hpd_97.5,n_eff,Rhat
24.309577138783958,1.6019261655935995,0.024083293787850953,21.234250768175006,27.4888058259813,6011.9323068524245,1.00026665413993
