mean,sd,mc_error,hpd_2.5,hpd_97.5,n_eff,Rhat
8.278321146332411,0.3775445328855952,0.005668704201674544,7.572860276363884,9.047136710457172,4285.172910344353,1.000620258884097
