mean,sd,mc_error,hpd_2.5,hpd_97.5,n_eff,Rhat
1.1130738570735688,0.09929861408532432,0.0016344080023769675,1.0000331355787724,1.311070994485592,3676.33288857453,1.0001260267382823
