mean,sd,mc_error,hpd_2.5,hpd_97.5,n_eff,Rhat
8.877047646555939,0.3968387295841555,0.005300098798084521,8.113622644458255,9.66733163382657,5505.7377623213515,1.0008422400573405
