mean,sd,mc_error,hpd_2.5,hpd_97.5,n_eff,Rhat
4.073376436756279,1.6346305989633296,0.05810382941577593,1.114368695312451,7.107157029565917,705.7044133162766,1.0022213362208066
-207022.06546903384,24125.072022009215,955.5361486970085,-255265.7648006628,-159898.66279674898,547.459226716027,1.0023428581754896
