mean,sd,mc_error,hpd_2.5,hpd_97.5,n_eff,Rhat
48.939311482783516,29.069110157666334,0.4139791447383897,1.009576255106047,95.08648899649218,4830.720555809212,0.9998606175360771
