mean,sd,mc_error,hpd_2.5,hpd_97.5,n_eff,Rhat
88.16931050363497,10.130704469042952,0.15556100157827213,67.82193780413422,99.99873986362421,4332.321027714553,1.0004364974740927
