mean,sd,mc_error,hpd_2.5,hpd_97.5,n_eff,Rhat
4.347378678693857,0.43457065736671546,0.005544336924874557,3.5066660416722035,5.192935846069132,5502.0625186659945,1.0000281125757162
-201783.2401624227,9369.875886633978,110.3609498918809,-220149.4890753344,-183853.08982891112,5707.995588567777,0.9999884470660217
