mean,sd,mc_error,hpd_2.5,hpd_97.5,n_eff,Rhat
91.07440715209489,7.93754590480868,0.12056696950099613,75.3368850658047,99.9990923461494,3598.5143065340153,1.0003316658246653
