mean,sd,mc_error,hpd_2.5,hpd_97.5,n_eff,Rhat
5.844798744106156,0.3109685773906928,0.0035519975862354967,5.243402302020148,6.459534743808277,6656.543812062914,0.9998021610499597
-307919.65746400156,13601.949814527798,145.7064216028162,-334588.68069351296,-281660.74736087065,6660.071739731756,0.9998947513257667
