mean,sd,mc_error,hpd_2.5,hpd_97.5,n_eff,Rhat
8.106312980831165,0.22650173177115304,0.002842060787465529,7.648811916717145,8.535173848992184,6075.904503078245,1.0001914591340733
