mean,sd,mc_error,hpd_2.5,hpd_97.5,n_eff,Rhat
4.1994769062045405,0.3322627348763161,0.004458992900006781,3.570971093032067,4.882075719449914,5834.789604529556,1.0001491816148462
-282068.3422861091,5234.530110694592,66.34569540240061,-292281.87976180465,-271807.5967432184,5577.539399143855,1.0000666270771028
