mean,sd,mc_error,hpd_2.5,hpd_97.5,n_eff,Rhat
4.230396785413777,0.4064398542963178,0.004859738369669659,3.4213417852978685,5.00500710874203,5564.684162530656,0.9999315141050616
