mean,sd,mc_error,hpd_2.5,hpd_97.5,n_eff,Rhat
53.08516031343455,28.289808936451042,0.36481308691404396,7.065293374927154,99.98571342863241,5023.089511925318,0.999919278526684
