mean,sd,mc_error,hpd_2.5,hpd_97.5,n_eff,Rhat
5.686650964373149,1.0803504507174069,0.0158499722163327,3.61348282233151,7.801653319142193,3594.776746564805,1.0000722190267828
-271029.36703831115,23342.045216909028,340.6541280360653,-315244.4907807102,-223581.3097592721,4566.278290926492,1.0001513777547433
