mean,sd,mc_error,hpd_2.5,hpd_97.5,n_eff,Rhat
85.84027755200921,11.707650553071714,0.16833942709398172,62.40368742954973,99.99725526902242,4937.650991685855,1.0003105362514526
