mean,sd,mc_error,hpd_2.5,hpd_97.5,n_eff,Rhat
79.23088979192217,16.14269882902982,0.24580139448895982,47.11324003028246,99.996543399424,4407.419137255608,1.0000730092523669
-262949.9584526312,223183.59567250026,4032.21732128273,-499993.5412275445,219780.65284228433,3228.103733002533,1.0004900004047756
