mean,sd,mc_error,hpd_2.5,hpd_97.5,n_eff,Rhat
79.4435068961511,16.346022319772814,0.34556481837784137,47.66608457212798,99.99864153764153,2660.9418470244887,1.0007282898106458
