mean,sd,mc_error,hpd_2.5,hpd_97.5,n_eff,Rhat
4.297299716205293,0.7431073059719999,0.009800732912488095,2.9122393387828502,5.783110079833194,5129.406317193971,0.9998885319978131
