mean,sd,mc_error,hpd_2.5,hpd_97.5,n_eff,Rhat
8.648364494003523,0.4402988221331879,0.005863565789178747,7.815792319328098,9.52969827744547,6252.365740091518,1.0001569596510158
