mean,sd,mc_error,hpd_2.5,hpd_97.5,n_eff,Rhat
4.560424119679616,1.6904405896527956,0.03878552354941413,1.1523671179524735,7.490001760444424,1934.6320823103788,1.000196308084082
-114503.71565378814,63362.01822068375,1659.9740463400317,-229160.9554212548,6569.130345158492,1598.3888120869804,0.9999144142361056
