mean,sd,mc_error,hpd_2.5,hpd_97.5,n_eff,Rhat
1.2320128601012301,0.20343623816940787,0.002920278634834673,1.0000206325956278,1.6340441555704,3839.7708379197943,0.9999808675780611
