mean,sd,mc_error,hpd_2.5,hpd_97.5,n_eff,Rhat
17.369309288308244,1.1850401716925456,0.01610607727206288,15.113675784201106,19.75888159354705,5663.638600968193,1.0000828684727936
