mean,sd,mc_error,hpd_2.5,hpd_97.5,n_eff,Rhat
10.37760903463815,7.289745414791107,0.18304525791093446,1.5076486826755084,22.235850352054136,1541.0547521911362,1.001345746444656
-301501.72562998306,72821.16382580792,1758.1972872779938,-464345.453366571,-175876.1368172127,1349.2566182336004,1.0009929403013051
