mean,sd,mc_error,hpd_2.5,hpd_97.5,n_eff,Rhat
13.836283950909698,0.6303027007388159,0.008797270012240722,12.607838319761468,15.054641689830405,4857.281544127928,1.000559252820765
