mean,sd,mc_error,hpd_2.5,hpd_97.5,n_eff,Rhat
5.284047844827684,0.3787474830919737,0.004449686669967124,4.556564242675473,6.0449008201037735,7151.6878615391915,1.0001836726456792
-153355.89478142842,31121.21502196378,379.23511928180096,-212586.96541207517,-91958.63654204395,6965.715733520064,0.9998057829430583
