mean,sd,mc_error,hpd_2.5,hpd_97.5,n_eff,Rhat
41.64080217386222,26.993744620015494,0.3528060262467367,2.7315363339053125,93.40567259828143,5764.703702989294,0.9997756928460504
62301.322549230215,274997.00011351536,3844.0534208200784,-406908.50139163225,499203.6506700247,5778.790062211889,0.9997756998836564
