mean,sd,mc_error,hpd_2.5,hpd_97.5,n_eff,Rhat
6.252081493372034,0.1314120905136206,0.0014716705165120198,5.994333641220819,6.514292298197023,7234.19411721562,0.9998186726675616
-227110.1664655909,9347.782510535544,100.6530846645252,-245670.26824426203,-208884.2975394896,6806.989332445994,1.0002718041410115
