mean,sd,mc_error,hpd_2.5,hpd_97.5,n_eff,Rhat
1.0000475082861204,4.753163702837246e-05,8.683950131599027e-07,1.000000015356054,1.0001389499235205,3105.338794809865,0.9999921315815489
-499991.57114341325,8.467608892270418,0.12250980808129112,-499999.9898914797,-499974.2270867155,4975.12340885397,1.0002178063779077
