mean,sd,mc_error,hpd_2.5,hpd_97.5,n_eff,Rhat
7.1882468637517185,0.2761942961008143,0.00430594792922038,6.673528289750243,7.74607602744174,4617.509927785457,1.0003892034787183
