mean,sd,mc_error,hpd_2.5,hpd_97.5,n_eff,Rhat
1.0700804826277877,0.07231427440977661,0.0008558050508082162,1.0000090620178974,1.214371179417926,5037.34023652476,0.9998428035866843
