mean,sd,mc_error,hpd_2.5,hpd_97.5,n_eff,Rhat
1.3766568612640497,0.30612077143068106,0.006610192480733822,1.0000766869362874,1.9910312847767517,1810.2687015474432,1.0006354265753548
359978.5712075368,103570.20986886843,2252.4298106454744,159321.60605893043,499822.0262839898,1684.5140716079327,1.000379349371679
