mean,sd,mc_error,hpd_2.5,hpd_97.5,n_eff,Rhat
12.212365112348389,0.4205473736756111,0.005436502507916668,11.370501237224788,13.03276549126446,5567.8166226718795,1.000344389478173
