mean,sd,mc_error,hpd_2.5,hpd_97.5,n_eff,Rhat
9.071132250523512,0.5182997891113948,0.006573129852578291,8.055427418892702,10.073242187588255,5328.398286159707,0.99983960413104
