mean,sd,mc_error,hpd_2.5,hpd_97.5,n_eff,Rhat
19.61538424672154,2.6842886101858876,0.038042969097511675,14.589657462908168,24.955870623197953,5010.142252601461,1.0002272000818873
