mean,sd,mc_error,hpd_2.5,hpd_97.5,n_eff,Rhat
6.168482697889558,0.4039526626905196,0.004668367620948149,5.411568798814396,6.982075424959478,6818.662492171184,0.9999487262533406
-146364.51719982596,34326.785344369244,407.17859966451323,-213538.23507044296,-78537.7105128624,7176.66363985434,0.9998530579044053
