mean,sd,mc_error,hpd_2.5,hpd_97.5,n_eff,Rhat
13.267632951369949,0.6553284697766902,0.0072437986088629905,11.975595487483835,14.510911653212212,6213.781115054313,0.9999341605796657
37942.470871780446,50520.617552118325,706.9310916498006,-59678.042952134914,139001.3994095497,5250.520000801791,1.0000006761051725
