mean,sd,mc_error,hpd_2.5,hpd_97.5,n_eff,Rhat
77.43234469071696,19.247379017469697,0.27066183380453157,40.027810524649944,99.99405149176312,4663.911588766069,1.0001146974064172
-187717.88352557243,255198.14673790272,3543.4835538450798,-499948.69360141834,337005.49950375844,4936.46913361962,1.0001138900460724
