mean,sd,mc_error,hpd_2.5,hpd_97.5,n_eff,Rhat
1.0479100486645607,0.11269271686121188,0.0011880081658486345,1.000000927982691,1.1532660786918327,7844.801683101887,0.9999720791899468
