mean,sd,mc_error,hpd_2.5,hpd_97.5,n_eff,Rhat
82.6444981860332,13.925028082358086,0.16917554744253654,55.3746089784601,99.9963946812971,5578.5212383472635,1.0001676556474477
