mean,sd,mc_error,hpd_2.5,hpd_97.5,n_eff,Rhat
1.0002695334706866,0.00027004639325106,3.4567378300075764e-06,1.000000099084911,1.0008318061011467,4903.131184768158,1.000048694278845
-499958.9534158377,41.86718018350169,0.508598134012992,-499999.9989070911,-499873.19359035173,4405.2351025513535,1.0002557607134346
