mean,sd,mc_error,hpd_2.5,hpd_97.5,n_eff,Rhat
85.01121788947165,12.055131447184978,0.19278231175982188,60.988269698548436,99.99926571042559,3875.367606255102,0.9999930722422059
-167651.233998137,260537.2184345163,4971.113179837694,-499934.0539623527,353048.15535211866,2212.696285504511,1.0009009954228274
