mean,sd,mc_error,hpd_2.5,hpd_97.5,n_eff,Rhat
5.7186733245236425,0.14030325129671437,0.0017241038197929408,5.451455182531082,6.007690029073827,6371.448030474419,0.9998603471323672
