mean,sd,mc_error,hpd_2.5,hpd_97.5,n_eff,Rhat
1.0202673766461376,0.021957115109202646,0.0002673146147235884,1.0000261646983144,1.0622940924467141,5967.847471311202,0.9999019760204944
-499393.7225157743,610.6935800904088,8.812071349809862,-499999.36099270143,-498228.24799576553,4953.573514519847,1.000485263338009
