mean,sd,mc_error,hpd_2.5,hpd_97.5,n_eff,Rhat
5.637951104663798,0.35314200721565886,0.004386104313798466,4.925059162282059,6.326138111216012,4706.758982934939,1.000362436712655
