mean,sd,mc_error,hpd_2.5,hpd_97.5,n_eff,Rhat
1.0000009368494855,9.368219163092728e-07,1.4079140382254142e-08,1.0000000001039648,1.000002821748976,4636.9551044111495,0.9998552381798905
499999.5411315364,0.4553883460028414,0.006132151163020314,499998.6021724642,500000.0,6234.951091616089,0.9998323923600722
