mean,sd,mc_error,hpd_2.5,hpd_97.5,n_eff,Rhat
96.08474429309265,3.609423404751596,0.05824305200375923,88.71459251950037,99.99885090928147,4143.104646212771,1.0001502335918895
