mean,sd,mc_error,hpd_2.5,hpd_97.5,n_eff,Rhat
11.632042056757374,0.9762848742671543,0.01327922018548464,9.757432299385707,13.588057685444632,5187.215969888179,1.0001955517131254
