mean,sd,mc_error,hpd_2.5,hpd_97.5,n_eff,Rhat
1.0315537827790981,0.031309700579500416,0.000485696868030229,1.0000011416889432,1.0938389597875076,4613.783475942342,1.0022993167741294
