mean,sd,mc_error,hpd_2.5,hpd_97.5,n_eff,Rhat
78.01452197923147,17.369447801034703,0.23663048228338285,43.95360729864091,99.997692707676,4903.525121024128,1.0004395333113105
-44245.09162226141,288332.24877104006,4619.7206798349125,-499196.0810942222,438690.06688682735,3689.3621014418027,0.9999065306035676
