mean,sd,mc_error,hpd_2.5,hpd_97.5,n_eff,Rhat
10.886415769288387,0.2804772806784006,0.003959197355094774,10.348133135590361,11.438420413808894,5499.403509504833,0.9998764654515533
