mean,sd,mc_error,hpd_2.5,hpd_97.5,n_eff,Rhat
77.54681870064307,17.44027256566882,0.2745358927599163,43.612506244632556,99.98986220310361,4646.457395358064,1.0002611318156664
