mean,sd,mc_error,hpd_2.5,hpd_97.5,n_eff,Rhat
7.084555035455252,0.16328100987957134,0.002339993915866312,6.774201563083621,7.410263679082827,5221.30797111805,1.0003050140603174
