mean,sd,mc_error,hpd_2.5,hpd_97.5,n_eff,Rhat
13.217945826325735,1.3061946109148121,0.014581851180002126,10.676044985901084,15.765583538560286,6324.477865742593,1.0000320734951693
