mean,sd,mc_error,hpd_2.5,hpd_97.5,n_eff,Rhat
1.0031940631161398,0.0034109782781688073,6.120875553764048e-05,1.0000001296782566,1.009728310328162,3049.7229479998464,1.0001294435386134
-499897.4358418782,101.89226208329592,1.327306070043344,-499999.9999637378,-499690.92948460404,4847.014562632436,1.0001004705649563
