mean,sd,mc_error,hpd_2.5,hpd_97.5,n_eff,Rhat
1.0002659910215193,0.00026231842069375657,3.4272931668737884e-06,1.000000023376542,1.000793262028343,4809.335952892332,0.9999862631037224
-499959.7650941179,40.75125289375307,0.5584416128065579,-499999.99695198506,-499881.60051326355,5497.466382692261,1.000732247016021
