mean,sd,mc_error,hpd_2.5,hpd_97.5,n_eff,Rhat
20.73752722196108,1.2611904598163415,0.017744767501832133,18.388309871995336,23.2762663846571,5716.019523342058,1.00114535664951
