mean,sd,mc_error,hpd_2.5,hpd_97.5,n_eff,Rhat
3.4214397749550636,0.26788202547822504,0.0037901217609799228,2.9063381995073803,3.933717660143576,4093.5482839651354,0.999911444834915
-289453.81348808005,3350.4934541073167,56.10665182572188,-295832.7886223513,-282783.8135024479,3570.878910560456,0.9999280495733729
