mean,sd,mc_error,hpd_2.5,hpd_97.5,n_eff,Rhat
48.46611859892208,28.664679803555117,0.3028721047002816,1.0067482431400845,94.18112672628934,6320.921813095565,0.9999429877108114
1450.8711062094142,285457.6226436614,3536.0719830651933,-499560.56233388104,446027.39434979035,6248.088540758181,0.9997659148623174
