mean,sd,mc_error,hpd_2.5,hpd_97.5,n_eff,Rhat
1.5856111317303643,0.4668511472276099,0.009734704707353926,1.000211082497764,2.484769948056089,2337.7696525482424,1.0004205438684883
334512.29064927815,121192.7179546521,2500.8129440816856,103017.8123423674,499957.9296478884,2189.7689696404746,1.000241947508518
