mean,sd,mc_error,hpd_2.5,hpd_97.5,n_eff,Rhat
77.58423121433152,16.653468038249216,0.24963694582389864,45.61598468489952,99.99952235167675,4730.531715755117,1.0005638546095015
