mean,sd,mc_error,hpd_2.5,hpd_97.5,n_eff,Rhat
9.324698849797235,0.3979477013529238,0.006146887349366739,8.526125379734307,10.072112439090898,5415.398364178982,0.99993872567063
