mean,sd,mc_error,hpd_2.5,hpd_97.5,n_eff,Rhat
85.68778734152302,11.926618450806307,0.18130382651928562,61.92373142294412,99.99989210755226,4104.739222979071,1.0013885190177605
