mean,sd,mc_error,hpd_2.5,hpd_97.5,n_eff,Rhat
1.0030097764399817,0.003144309805066138,4.369716536032665e-05,1.000000061364331,1.0092234112488048,5759.411361918469,0.9999998692398371
-499710.74697283877,295.43249358334214,4.33931084201627,-499999.98974938225,-499101.0970591052,5058.954615619927,1.0000704839131649
