mean,sd,mc_error,hpd_2.5,hpd_97.5,n_eff,Rhat
6.3055209542755914,0.26937436060055586,0.003535422479052476,5.773351294225494,6.825598951539831,5594.42838253833,1.000029184266283
