mean,sd,mc_error,hpd_2.5,hpd_97.5,n_eff,Rhat
1.2279283231948586,0.18834961280161436,0.0034646226294630334,1.000006744890016,1.6002171818511528,3028.59495480514,0.9999144424136545
416910.270590603,64212.74639303375,1436.6466213832614,293189.29746220476,499998.12993153214,1804.664351010348,1.0000379872191307
