mean,sd,mc_error,hpd_2.5,hpd_97.5,n_eff,Rhat
78.08935442254456,17.222189816816577,0.23298542249901896,44.22044199201347,99.9888995127742,4637.713353601194,1.0000363848631937
