mean,sd,mc_error,hpd_2.5,hpd_97.5,n_eff,Rhat
5.121172572574043,0.14406843455806248,0.001759092797223139,4.8547166171946055,5.414387368504149,7343.549277770326,0.9998820822065012
-311145.4642281962,5389.693186332728,60.65217905996707,-321527.25262572453,-300545.98021825514,7455.377965665812,0.9997828795396024
