mean,sd,mc_error,hpd_2.5,hpd_97.5,n_eff,Rhat
81.65371573122107,14.883383778108836,0.20984837507333148,52.68412146431184,99.99865774033317,5135.657276256494,1.0003874325025623
