mean,sd,mc_error,hpd_2.5,hpd_97.5,n_eff,Rhat
10.723509675565488,0.41331103507998873,0.005579150269520513,9.919826352172329,11.521152653891278,5581.066251168275,0.999976734953801
