mean,sd,mc_error,hpd_2.5,hpd_97.5,n_eff,Rhat
35.16988279895479,23.34284906494399,0.4548409252862925,6.113709563328742,87.24290711565727,2347.0261765735227,1.00021804830386
