mean,sd,mc_error,hpd_2.5,hpd_97.5,n_eff,Rhat
81.51805070144536,14.337516266308972,0.20786954666876872,53.79681700975424,99.99869598005026,4891.6646603139325,1.0001943882797244
