mean,sd,mc_error,hpd_2.5,hpd_97.5,n_eff,Rhat
6.932380473828584,0.18834598949542666,0.002788338252705188,6.569093508376456,7.307023158445817,5666.496198269395,1.0006795716688746
