mean,sd,mc_error,hpd_2.5,hpd_97.5,n_eff,Rhat
3.514829400037523,0.2628125974349661,0.004384201147542024,2.995060401675056,4.0172673484939105,3555.0791429047545,0.9998926869101397
-223778.7262824318,12295.509086276079,191.03385434253795,-248783.0502474316,-201379.0283271733,3609.064462004268,1.0001644294865504
