mean,sd,mc_error,hpd_2.5,hpd_97.5,n_eff,Rhat
1.001323173293286,0.0013669245942521434,2.1168830539303284e-05,1.000000844211371,1.0040517206322084,4848.738313840643,0.9999419963285253
-499875.56528358016,121.86554408244575,1.5212299531876223,-499999.9802169353,-499634.5855373813,5099.801957743994,1.0001119337235689
