mean,sd,mc_error,hpd_2.5,hpd_97.5,n_eff,Rhat
4.459576989604635,0.2791354562655504,0.003750843685865258,3.9184369878085348,5.015174296241016,5476.720762292746,1.000450908304988
