mean,sd,mc_error,hpd_2.5,hpd_97.5,n_eff,Rhat
1.2218230155112357,0.19504164318007125,0.0030488350626954835,1.000102304171108,1.606263097148008,3777.5523951402342,1.0001692868194825
