mean,sd,mc_error,hpd_2.5,hpd_97.5,n_eff,Rhat
8.012149165114504,0.24055612060644885,0.0034116079522535717,7.535443717121832,8.478378421886056,5608.835212658503,1.0001334654685314
