mean,sd,mc_error,hpd_2.5,hpd_97.5,n_eff,Rhat
9.245944633662448,0.3876954701962373,0.005356712677619007,8.508956128526442,10.001843434499822,5279.257934743306,1.0004574781480438
