mean,sd,mc_error,hpd_2.5,hpd_97.5,n_eff,Rhat
8.423854743679463,0.3514564065206845,0.005367104242357585,7.7373752255551445,9.113842053459303,5031.724809215971,1.000207949607975
