mean,sd,mc_error,hpd_2.5,hpd_97.5,n_eff,Rhat
5.381013622187856,0.12242685099258283,0.0016209485558866324,5.15489418242777,5.627170663290072,5936.0549485822885,1.0001420769999274
-200466.09036556972,7562.901898066306,98.57172401329532,-215292.77758801752,-185861.0877987273,5770.3584798682705,1.0000908353892148
