mean,sd,mc_error,hpd_2.5,hpd_97.5,n_eff,Rhat
2.790361803251496,0.9830537969596943,0.022251622388874508,1.005261227224867,4.463505188475151,1952.1291278672177,1.0026535617059535
