mean,sd,mc_error,hpd_2.5,hpd_97.5,n_eff,Rhat
6.796981485234761,0.18087098196390133,0.0023687520880679566,6.454392724417821,7.1680728058710965,5504.91936187529,1.0000598252410058
