mean,sd,mc_error,hpd_2.5,hpd_97.5,n_eff,Rhat
7.664511778787173,0.2623125241332691,0.003159389243483303,7.161537522504359,8.17741770548766,6458.533577577775,1.0001343268773808
-405450.42063597526,8764.788743609364,97.14413246994874,-422394.96252955304,-388186.60786710616,7249.322777987718,1.0001675721200185
