mean,sd,mc_error,hpd_2.5,hpd_97.5,n_eff,Rhat
5.674921786608876,0.4065442509478676,0.0047837486935864565,4.886536850183691,6.480728223734893,5709.784211244784,0.9998539904371455
-22629.94449758844,49805.15212666092,636.8734120304545,-116929.37592300629,74042.7871808369,6262.499023433722,1.0000701798176415
