mean,sd,mc_error,hpd_2.5,hpd_97.5,n_eff,Rhat
5.818379000509527,0.09569649805933801,0.001368978263931914,5.633262053864712,6.008346626304526,3796.557677051595,1.0008769294740196
26038.786101628408,3865.299396733776,55.81422375747646,18613.785586633956,33691.77256398959,3974.1684463677498,0.999941261627104
