mean,sd,mc_error,hpd_2.5,hpd_97.5,n_eff,Rhat
8.076119456351027,0.23939688034787238,0.0030713312402876466,7.602166947864941,8.531371497131701,4877.060315232845,1.000137286144772
