mean,sd,mc_error,hpd_2.5,hpd_97.5,n_eff,Rhat
8.691699369860725,0.3029205324718149,0.003636130538125655,8.094396433146336,9.270824287260703,5337.348755239732,0.9999666438574153
