mean,sd,mc_error,hpd_2.5,hpd_97.5,n_eff,Rhat
4.084024905161637,0.12119587260364527,0.004682196710253096,3.8692928090933276,4.33634015401074,626.5448282477585,1.0023203343818012
320624.1281100199,14241.379232095427,553.5773520588783,294115.6665004104,348810.9713058833,624.526092915649,1.0022300037305145
