mean,sd,mc_error,hpd_2.5,hpd_97.5,n_eff,Rhat
6.724344554685047,0.1880491849519638,0.0024293784180477113,6.352377164728038,7.089705625208588,5542.8100617172495,1.0001962988103246
