mean,sd,mc_error,hpd_2.5,hpd_97.5,n_eff,Rhat
9.08901347965874,2.261413066127039,0.019984435600339023,4.857696563165993,13.584239774960508,12474.838281160739,1.000286759308899
