mean,sd,mc_error,hpd_2.5,hpd_97.5,n_eff,Rhat
18.564897841517396,0.9987382935192333,0.019286068128792924,16.54683703410265,20.471814338676936,2078.4368649277253,1.0000596730486158
211668.14493588216,69403.19974764333,1397.8109054284037,77434.17226263849,350635.2874153475,1975.572005547467,0.9999263339474019
