mean,sd,mc_error,hpd_2.5,hpd_97.5,n_eff,Rhat
14.62929641484678,0.5194376984394764,0.006682219963836321,13.601632721819778,15.641548928894839,5667.725361466658,0.9999490616700163
