mean,sd,mc_error,hpd_2.5,hpd_97.5,n_eff,Rhat
4.728769209800636,0.6589172927415491,0.01929332341008983,3.493655623538967,5.915671816050081,1205.2960929118094,1.0008085793505148
227186.30904699044,144371.60362135104,4042.7812431759107,-5557.506625421149,496817.8853535503,1283.047850288283,1.0008773607903192
