mean,sd,mc_error,hpd_2.5,hpd_97.5,n_eff,Rhat
14.22050400852445,1.2798174375208387,0.03490864711805012,11.75819223143189,16.70867961240878,1241.7830401252093,1.0034617891350812
-22255.046595063,65696.36656463996,1836.541953240442,-145376.78073603899,107081.86768212791,1217.9321076356746,1.0032829124888216
