mean,sd,mc_error,hpd_2.5,hpd_97.5,n_eff,Rhat
4.4598391511376105,0.14664669148668036,0.001458016763159986,4.162809648767117,4.736830072672998,7739.090059219343,0.9997834010391076
-271222.6712945422,3698.0760180983434,40.485680618533785,-278549.1755575308,-264156.84692541434,7044.080833777374,1.0002232265921054
