mean,sd,mc_error,hpd_2.5,hpd_97.5,n_eff,Rhat
7.7915266712174365,0.19301682432008235,0.0026789376813629484,7.408675617804947,8.1609459577604,5709.801960162101,0.999914666005359
