mean,sd,mc_error,hpd_2.5,hpd_97.5,n_eff,Rhat
8.075966784950626,0.2731372882960689,0.0031845907903312793,7.529959071525816,8.598934221708316,6955.453914714307,1.0000863641964937
-342730.81898501015,11746.156104960986,139.22786856079378,-365817.30280670704,-320075.59396056057,6834.898732099998,1.0000026358023792
