mean,sd,mc_error,hpd_2.5,hpd_97.5,n_eff,Rhat
1.1017078436585375,0.15581176774655467,0.002859069896838965,1.0000024639802494,1.3201797207943242,3781.999001492423,1.000987857483242
-497458.03781151946,2701.0765147464626,40.04323624716417,-499999.5217621529,-492280.4584042918,4641.130002590579,0.999847344199642
