mean,sd,mc_error,hpd_2.5,hpd_97.5,n_eff,Rhat
3.834341149781811,0.11805749757177611,0.0030288979723048105,3.600916022833442,4.065084264029869,1533.235531486924,1.003364195776273
175276.41834216684,10739.230081415733,272.91192121761475,154193.3470074891,196273.69794908765,1511.5745692667012,1.0035523701344682
