mean,sd,mc_error,hpd_2.5,hpd_97.5,n_eff,Rhat
6.139804446618009,0.3042468984404178,0.005956979759723011,5.573985270681137,6.75464843172209,2705.398537435778,0.9999072597645629
-433869.0356860003,21397.7942156737,400.2452766280463,-473082.0100662631,-389008.5840426671,2613.3328076794096,1.000051009666816
