mean,sd,mc_error,hpd_2.5,hpd_97.5,n_eff,Rhat
16.03159904053978,0.9174857753782129,0.01343730844826584,14.280013285995727,17.877044358430307,5840.913560724235,1.000379907072329
