mean,sd,mc_error,hpd_2.5,hpd_97.5,n_eff,Rhat
3.9488799992818793,0.3627842978529368,0.006302954971360479,3.2340960069405185,4.649163092917913,3342.2970587163823,0.9998832314196576
-132355.95631157345,9563.588069351566,166.77903693684266,-150529.85795629324,-113378.0906135436,3109.4402624728164,0.999911059803533
