mean,sd,mc_error,hpd_2.5,hpd_97.5,n_eff,Rhat
3.3029722687503793,0.2530427692746973,0.006144785734503612,2.8000685068677864,3.804418101305392,1765.6801040889145,1.002355315803723
-84061.03460961366,9719.2732598039,237.1483908313159,-103641.66814196574,-65161.455854189866,1751.403222997992,1.0023814498418364
