mean,sd,mc_error,hpd_2.5,hpd_97.5,n_eff,Rhat
4.808325359129165,0.1165397498676561,0.0014716760499973558,4.586328721561583,5.037730327704274,6765.732696147878,0.9998411006552517
62152.503417317006,12117.849594523612,160.2422240657828,38776.83862508996,86438.24891558594,6188.908594903271,0.9997980453666561
