mean,sd,mc_error,hpd_2.5,hpd_97.5,n_eff,Rhat
7.036060853709014,0.46370595206213355,0.007729628833997351,6.108066390757579,7.919441000207783,3902.662061009954,1.0013053675716208
74427.94516059184,69836.72036269293,1148.2486887392597,-60780.521027039795,212791.35261971538,3708.4564953899862,1.0006654480381947
