mean,sd,mc_error,hpd_2.5,hpd_97.5,n_eff,Rhat
5.508703005091941,0.23673228197484367,0.0034677556478736457,5.0412796737887176,5.974509327904212,5116.780765864968,1.0001614237691014
