mean,sd,mc_error,hpd_2.5,hpd_97.5,n_eff,Rhat
7.432582392301114,0.10852335096671632,0.0012753360407951194,7.220119381107109,7.644046987560067,4982.389422327147,1.000025741307553
