mean,sd,mc_error,hpd_2.5,hpd_97.5,n_eff,Rhat
5.676523650330198,0.09257240138228261,0.0013633313328196123,5.50009966677607,5.861445214122039,5201.1441064445635,1.0001873085467428
