mean,sd,mc_error,hpd_2.5,hpd_97.5,n_eff,Rhat
9.706317506824638,0.17738695159517404,0.0023580276546998893,9.367937426544914,10.051305649432367,5420.747189369156,1.000098207111598
