mean,sd,mc_error,hpd_2.5,hpd_97.5,n_eff,Rhat
9.059599428038629,0.2525721063376225,0.0029730951326160573,8.586566676297851,9.557727520712712,6415.025387636514,1.0000897993891247
