mean,sd,mc_error,hpd_2.5,hpd_97.5,n_eff,Rhat
10.128275711643548,0.28647799004623364,0.003987837448642029,9.572547777173698,10.690904489725217,5220.462803598185,1.0002517253743717
