mean,sd,mc_error,hpd_2.5,hpd_97.5,n_eff,Rhat
4.46966555015798,0.04788729038312193,0.000704482491766114,4.37776277294743,4.562841920257769,5768.161680821328,1.0001357038679255
