mean,sd,mc_error,hpd_2.5,hpd_97.5,n_eff,Rhat
7.330409824090154,0.28408945659838286,0.0032129169221691103,6.782472964300792,7.908266196220361,6791.916252276241,1.0000217507107743
-356615.41435942845,9293.44780922221,112.69104635035528,-374305.26361637976,-337820.1971104714,6243.497781016698,1.000060843868956
