mean,sd,mc_error,hpd_2.5,hpd_97.5,n_eff,Rhat
6.779308760001095,0.20641484378812194,0.002623938923831822,6.392791500588343,7.192434806160645,5924.4065470192545,1.000478022765618
-289564.4974860524,9066.246589706545,111.54920945424328,-307212.5435434593,-272025.1464830235,6234.464491931522,1.0001423276992276
