mean,sd,mc_error,hpd_2.5,hpd_97.5,n_eff,Rhat
6.233041235364991,0.1982299130984761,0.002558376266374877,5.854668722826349,6.624023405388075,5411.229162706827,1.000960230260777
