mean,sd,mc_error,hpd_2.5,hpd_97.5,n_eff,Rhat
4.917123346789639,0.39105447075587424,0.005800024198435132,4.151862452958647,5.668784371276601,4336.233504940326,1.0011554830316192
-340058.77548385074,9497.81724488686,135.92186410668535,-358522.10404273064,-321822.8176841894,4198.119929612427,1.0005209627857206
