mean,sd,mc_error,hpd_2.5,hpd_97.5,n_eff,Rhat
5.907040020604239,0.7870700187836241,0.014387087951280714,4.423201117771428,7.508590164922392,2660.2343744873547,1.000161720580577
-259215.60166276514,62227.0855293353,1086.9957390609657,-373341.90377955785,-130788.89329962718,2841.3167984572146,1.0004293786251526
