mean,sd,mc_error,hpd_2.5,hpd_97.5,n_eff,Rhat
12.35558090779526,0.3442562534735203,0.005986172374282341,11.652917246789263,13.010619316917309,3369.5243228425907,1.000264211491342
-144957.901642625,18032.73141323327,368.6355224097854,-179810.98426307918,-109497.54289273944,2320.636446782486,1.0011970925525457
