mean,sd,mc_error,hpd_2.5,hpd_97.5,n_eff,Rhat
9.52925758235816,0.3159380192569669,0.0037768821576815203,8.913035110118598,10.144948154711393,6160.773925650189,0.9998878212780772
