mean,sd,mc_error,hpd_2.5,hpd_97.5,n_eff,Rhat
34.056402797525415,1.4269157405725021,0.029016508592138595,31.42650582922261,36.94750688826328,2280.942060255048,0.999868401044715
-447132.49061726354,34767.96055176626,792.834732725466,-499980.50798253756,-382694.3221108499,1953.2984173238344,1.0005497743808027
