mean,sd,mc_error,hpd_2.5,hpd_97.5,n_eff,Rhat
5.141369718511952,0.2108941773844741,0.002863937460902104,4.740261803812225,5.556223639652706,5664.481426914816,1.0002191425789322
