mean,sd,mc_error,hpd_2.5,hpd_97.5,n_eff,Rhat
6.29639093866222,0.19333169537829842,0.002054490225458981,5.923451418864837,6.6820139322531205,6802.42280744711,0.9998313464745742
-133001.25051357457,10928.8222130325,157.17530314920668,-153957.18611672075,-111357.1282727343,6480.121548945131,1.000660496822904
