mean,sd,mc_error,hpd_2.5,hpd_97.5,n_eff,Rhat
28.95597559297857,1.5358898482428114,0.019536771861808043,26.068510158561974,32.049433518405166,5756.268547233625,1.0000509950460728
