mean,sd,mc_error,hpd_2.5,hpd_97.5,n_eff,Rhat
71.3306375694737,4.405851204046807,0.06205930677871509,63.007313607469236,80.35987253308457,4133.776592471179,1.0002535849464227
