mean,sd,mc_error,hpd_2.5,hpd_97.5,n_eff,Rhat
7.565141569504528,0.3689832858217477,0.004508455116828765,6.855108129460477,8.292897728222405,6592.729790193467,0.9999775217571295
-239309.2997437714,15377.868672211314,186.010171764508,-268305.9617576222,-208784.46805796085,6177.15811229204,0.9998470763179673
