mean,sd,mc_error,hpd_2.5,hpd_97.5,n_eff,Rhat
6.389854342629244,0.17073484509121986,0.002206692134633629,6.059985574787123,6.730114707304524,5949.677249413535,1.0008111022264923
