mean,sd,mc_error,hpd_2.5,hpd_97.5,n_eff,Rhat
5.379000916813471,0.40569820257071093,0.00638562828453681,4.588264642396631,6.154452091631477,4743.431276684796,1.0002653241286843
