mean,sd,mc_error,hpd_2.5,hpd_97.5,n_eff,Rhat
8.789543253590237,0.19966586689079904,0.0034681609319181365,8.393040656830514,9.17617682381785,3010.9137396256633,1.0002850944307138
-131213.70883031134,9520.924356495565,167.1441739151683,-150826.07924134194,-113434.82874585975,3031.737376743806,1.000433625159256
