mean,sd,mc_error,hpd_2.5,hpd_97.5,n_eff,Rhat
6.133562441648943,0.12041676427458398,0.0016254016482844039,5.8910718575649215,6.364575833244302,5005.622376495517,0.9998556106756752
-281736.22278560104,4842.207560182857,72.7712289727003,-291416.48052613187,-272629.7709488013,4730.147821393339,0.9999016508140081
