mean,sd,mc_error,hpd_2.5,hpd_97.5,n_eff,Rhat
40.94982558380317,1.76790111953377,0.026986347515615627,37.68821463163467,44.53682970466556,4879.743321033833,1.0006107849013808
