mean,sd,mc_error,hpd_2.5,hpd_97.5,n_eff,Rhat
11.303694777833819,0.3955179226034441,0.005364201157645041,10.540840941115974,12.065013872204585,5428.8986417238775,0.9999574892602386
