mean,sd,mc_error,hpd_2.5,hpd_97.5,n_eff,Rhat
9.889117957655383,0.25588808457658396,0.0034739671891371227,9.409493669062599,10.408170008224694,5294.58279097698,1.0002009338678246
