mean,sd,mc_error,hpd_2.5,hpd_97.5,n_eff,Rhat
7.028112288436232,0.2781436444758516,0.0028630420628855215,6.492390170882954,7.587183937984924,7056.129295164474,0.99999569305703
-282962.6303803737,13085.530042593275,157.40689703263868,-307300.8360183897,-256605.13118864447,6880.605240329152,0.999821921972569
