mean,sd,mc_error,hpd_2.5,hpd_97.5,n_eff,Rhat
4.184904585490804,0.2573780347124783,0.005519224190831807,3.664998662610489,4.6676821432152495,2186.531024431885,1.0016014331069998
-239563.83482911842,11780.045645015929,249.1187905462613,-263530.51586132386,-217017.3849390485,2324.180278825544,1.000486725939585
