mean,sd,mc_error,hpd_2.5,hpd_97.5,n_eff,Rhat
5.38251624515821,0.08223026832238603,0.0011252099317228454,5.226397256225795,5.550315034266384,5512.390251581101,0.9999964712088849
