mean,sd,mc_error,hpd_2.5,hpd_97.5,n_eff,Rhat
3.560054285236163,0.14058370635443918,0.0020207431043418192,3.277616987743592,3.823638144607919,5598.552790847994,0.9998782838742086
-219270.44291957092,2860.909885205624,36.19323227475857,-224864.6147087948,-213652.3744491814,5848.07431046848,0.9998177910005744
