mean,sd,mc_error,hpd_2.5,hpd_97.5,n_eff,Rhat
8.046552133338658,0.2347076893730012,0.0026097513818547084,7.601013253675257,8.516595343610037,6011.827485189099,1.0000848970373544
