mean,sd,mc_error,hpd_2.5,hpd_97.5,n_eff,Rhat
18.8001367535929,1.9113632015590296,0.02721419965166188,15.28609878599131,22.62067687891934,4994.355733731198,1.000275942569365
