mean,sd,mc_error,hpd_2.5,hpd_97.5,n_eff,Rhat
9.629458074416787,0.20075909231390815,0.0023169779032954454,9.208266987036009,9.997700789101227,5684.168824845789,0.9999813470000527
