mean,sd,mc_error,hpd_2.5,hpd_97.5,n_eff,Rhat
8.445361819047926,0.5160959373874836,0.006188197185531373,7.42787908893491,9.442444423817639,5570.134852359939,1.0001077139279673
