mean,sd,mc_error,hpd_2.5,hpd_97.5,n_eff,Rhat
5.479201163964115,0.5997755200264602,0.007955556211342212,4.334260898287417,6.67550349000096,6206.769145031312,1.0003384125310157
-118102.10798652763,16441.525189010903,220.18821853530412,-151191.40230464088,-86373.32648370649,5845.449744218095,0.9999741545849512
