mean,sd,mc_error,hpd_2.5,hpd_97.5,n_eff,Rhat
4.472842602975411,0.050508359564067185,0.001411644312020256,4.3732047299257655,4.5701984172375045,1402.3319191365692,1.0003218056170213
59272.533628994024,2762.7562507335656,77.60177753426025,53946.230805115956,64629.28294597814,1376.5457571815637,1.0005926812404087
