mean,sd,mc_error,hpd_2.5,hpd_97.5,n_eff,Rhat
4.1028382260754785,0.26146528232377086,0.0037641459417144863,3.6029449996590794,4.611084857013039,4985.344208186999,1.0001934869977092
-184400.57016449785,6999.275073694861,93.87872814670745,-197613.62362275668,-170780.8674172851,5022.987189814452,0.999983290010489
