mean,sd,mc_error,hpd_2.5,hpd_97.5,n_eff,Rhat
7.401132531483773,0.20242804285782287,0.0021692073285226794,7.01672691753509,7.8093680139066235,6524.268144409402,1.0005644048040827
