mean,sd,mc_error,hpd_2.5,hpd_97.5,n_eff,Rhat
5.3339830417083505,0.1265462946545372,0.00148851124287785,5.096726818841929,5.591824714172672,6413.647499902184,0.9997881977215223
-164819.83091614963,5594.948811080278,72.39599787979995,-176089.78657892148,-154211.2323188786,6310.432211902929,0.9999250804169543
