mean,sd,mc_error,hpd_2.5,hpd_97.5,n_eff,Rhat
6.452367242180083,0.09850892320210555,0.001093502037996031,6.257447400107159,6.640051643227884,6753.044579974767,1.0000754780030354
