mean,sd,mc_error,hpd_2.5,hpd_97.5,n_eff,Rhat
9.744952449393153,0.21063934735523956,0.0023110529398755342,9.315124653201485,10.144034042677957,7832.839578788138,0.9998680767605649
-147602.26384421712,16705.554167972783,178.73789584868,-180319.01915101171,-115008.87788711028,7587.564085009371,0.9998891089995474
