mean,sd,mc_error,hpd_2.5,hpd_97.5,n_eff,Rhat
4.102621565826785,0.735802738440903,0.011921339711757132,2.5759663767898626,5.509341817573784,3187.4667754249494,1.0002131299339776
