mean,sd,mc_error,hpd_2.5,hpd_97.5,n_eff,Rhat
8.60352721013714,0.25263402501927434,0.003387773372091086,8.130427630612958,9.12225297995019,5358.650015199587,1.0000647497958184
