mean,sd,mc_error,hpd_2.5,hpd_97.5,n_eff,Rhat
54.01145733532077,2.2822736011522355,0.039465411617953756,49.80073547558166,58.64909728364698,2839.560366360915,1.0016043607474026
491046.4289562659,8578.359000570747,172.30928829684672,473813.45977020584,499999.94083371566,2060.802721679276,1.0015168165909103
