mean,sd,mc_error,hpd_2.5,hpd_97.5,n_eff,Rhat
6.800171220113151,0.41076616168311125,0.0064462988660954805,5.991431198107452,7.606031025790287,5379.7445617844505,1.0012407900726816
41796.52965627339,56449.154087375115,707.8944792875666,-59183.1038605839,159626.69545313824,6080.367924458482,0.9998980013873893
