mean,sd,mc_error,hpd_2.5,hpd_97.5,n_eff,Rhat
7.083963586500449,0.27422036249481757,0.003089981298760855,6.5557985298933925,7.620165184535057,7395.719843006862,1.0000590468954247
-41316.61361725335,30258.22699547646,394.4925599252912,-97188.91570792177,20534.34384512709,6574.326266648568,0.9998815658665721
