mean,sd,mc_error,hpd_2.5,hpd_97.5,n_eff,Rhat
7.616185160031967,0.14144051226607451,0.00199021012191143,7.337941741224489,7.891500775825643,5140.1667647251015,0.9998988898907447
