mean,sd,mc_error,hpd_2.5,hpd_97.5,n_eff,Rhat
5.6446290423544365,0.195846975925291,0.0029098672427785134,5.274771901010479,6.034638088213599,5198.584587675189,0.9999409282756401
