mean,sd,mc_error,hpd_2.5,hpd_97.5,n_eff,Rhat
99.76788468347921,0.2319274787556647,0.004189149828955923,99.30384433869057,99.99998025794106,2889.458858487864,0.999936085066472
-499414.4372153559,588.9698779950673,11.013638763027574,-499999.89376809465,-498221.8323008834,2430.583105765625,1.0001375264697439
