mean,sd,mc_error,hpd_2.5,hpd_97.5,n_eff,Rhat
7.576306374542802,2.177883355528401,0.020862648505483045,3.4407363437729646,11.901921605983112,11960.146792703757,1.000019208742799
