mean,sd,mc_error,hpd_2.5,hpd_97.5,n_eff,Rhat
9.202720851806378,0.2884003674558061,0.00364864940111811,8.626460759581649,9.752348726619443,5783.730821948426,1.000095525232022
