mean,sd,mc_error,hpd_2.5,hpd_97.5,n_eff,Rhat
6.999678602522795,0.26879077802623585,0.003695395212778113,6.484481382725027,7.5359122224646224,5381.5072585194675,1.0011216311165436
