mean,sd,mc_error,hpd_2.5,hpd_97.5,n_eff,Rhat
5.282009773912842,0.1814293759403088,0.00257812866703592,4.936335857710877,5.640454944706386,4720.6380249414,1.0002788996820071
