mean,sd,mc_error,hpd_2.5,hpd_97.5,n_eff,Rhat
1.674727339038389,0.5638344052845198,0.010790452974979561,1.0003654231883312,2.779790703014659,2822.7332577088373,1.0003250446732344
207077.19591411168,149164.9456355435,3364.067943324967,-26955.67483979283,499920.37734884873,1659.6848861980152,1.0004041607552627
