mean,sd,mc_error,hpd_2.5,hpd_97.5,n_eff,Rhat
7.54311738560034,0.3343889402275187,0.005408806499895073,6.896924927656338,8.201849980797057,4708.120237969329,1.0003461033633771
