mean,sd,mc_error,hpd_2.5,hpd_97.5,n_eff,Rhat
9.303954252502878,0.33240038719747916,0.004122272035431631,8.671428379017652,9.95710370824944,5651.886859066857,1.0004570155934787
