mean,sd,mc_error,hpd_2.5,hpd_97.5,n_eff,Rhat
6.005329914835239,0.09930781927842604,0.001154655029874803,5.815792690037212,6.200672070207407,6067.486220800632,1.0005956398438298
