mean,sd,mc_error,hpd_2.5,hpd_97.5,n_eff,Rhat
16.733920066564362,0.57507292835078,0.007409147901355153,15.58597479507026,17.86963884829965,5678.506204324554,0.9999750577551971
