mean,sd,mc_error,hpd_2.5,hpd_97.5,n_eff,Rhat
2.767553814729623,0.7993409769065871,0.039957498590792756,1.0004475049724075,3.9901838512782373,67.03954429223008,1.0289166203879656
-313157.44398980064,16510.847666375514,850.8574650064986,-341883.62449760776,-283847.704047098,63.52834367815252,1.0282969468398417
