mean,sd,mc_error,hpd_2.5,hpd_97.5,n_eff,Rhat
7.155772769439126,0.1660994723244508,0.0020884834346035614,6.847686123457841,7.499194013891495,5771.636793550704,0.9999086092051159
