mean,sd,mc_error,hpd_2.5,hpd_97.5,n_eff,Rhat
1.0013956959606203,0.0013740719614688188,2.009270851091741e-05,1.0000001264956968,1.00411232006164,5315.023541711318,1.00035527385923
-499761.64056164125,240.8537129284947,3.8274956751633953,-499999.99966821953,-499282.1891774055,4472.159573749391,0.999993131460812
