mean,sd,mc_error,hpd_2.5,hpd_97.5,n_eff,Rhat
20.24823638562601,0.8671078362923785,0.009362983842835652,18.53599722558781,21.88957040996259,5566.15934929627,0.9999474985271278
