mean,sd,mc_error,hpd_2.5,hpd_97.5,n_eff,Rhat
12.938173680010118,0.2626687839208557,0.004017195149843653,12.416981114689449,13.445503469722105,5354.293138032783,1.0005153248886198
