mean,sd,mc_error,hpd_2.5,hpd_97.5,n_eff,Rhat
14.786150921825758,0.34962352506366595,0.0048856106302471395,14.130380767840467,15.511489277918804,4600.048381284939,1.0003791813379581
200954.09009429786,8714.42543571044,104.28039221022365,183746.52035777617,217751.74732259384,5485.799278263721,0.9999954000261551
