mean,sd,mc_error,hpd_2.5,hpd_97.5,n_eff,Rhat
4.9896036518925495,0.12966975105996537,0.001878719552176973,4.7397456498342105,5.248795097855697,5531.360261037429,1.0000833054315963
-129953.41519905916,5926.493745253716,82.33835890255752,-141967.46531230243,-118763.57669700909,5326.681002081038,1.0001054147359199
