mean,sd,mc_error,hpd_2.5,hpd_97.5,n_eff,Rhat
8.274906458033419,0.4118682817208776,0.005169749938977575,7.471312537021694,9.084702523693696,5092.602986742439,1.0003643030735996
