mean,sd,mc_error,hpd_2.5,hpd_97.5,n_eff,Rhat
16.891796616086516,0.39935527408854027,0.005398830643694065,16.128841096177588,17.688524811977317,6153.624134260718,1.0001177988007532
