mean,sd,mc_error,hpd_2.5,hpd_97.5,n_eff,Rhat
1.3437416720251891,0.2889638788602944,0.004228417549605344,1.000066938265344,1.9219163500499359,3974.638113054324,0.9998718456222098
