mean,sd,mc_error,hpd_2.5,hpd_97.5,n_eff,Rhat
5.718740769450906,0.20749336312620273,0.002882623418347573,5.324147588347358,6.1338335147357155,5265.027162747725,1.0000176225921782
