mean,sd,mc_error,hpd_2.5,hpd_97.5,n_eff,Rhat
7.19344363817168,0.37116702077819425,0.006874203064395748,6.471192231934074,7.923965223930471,2725.5770716684237,1.0005116708130326
-332413.36702991853,22139.36141254656,379.27273628295825,-373362.5621405248,-287133.8599574965,2963.5865870523944,1.000380362812158
