mean,sd,mc_error,hpd_2.5,hpd_97.5,n_eff,Rhat
4.080086748282017,0.12232658032721035,0.002619626084870453,3.846152693928474,4.31957316376906,2360.9687382176844,1.00024612970956
-53414.56395356791,4730.163453394594,100.9145697103996,-62143.208627244094,-43532.9904488479,2289.479663932245,1.0007621048026167
