mean,sd,mc_error,hpd_2.5,hpd_97.5,n_eff,Rhat
25.725104636276722,0.8275387137819878,0.01100752529002642,24.214663838430713,27.44457900500728,5448.0261066651365,1.000551329478429
