mean,sd,mc_error,hpd_2.5,hpd_97.5,n_eff,Rhat
8.29297656752762,0.21883496175870437,0.002987643447802426,7.8835595386887505,8.741380148282168,5543.655268073645,1.0001106731260485
