mean,sd,mc_error,hpd_2.5,hpd_97.5,n_eff,Rhat
3.8301403993349443,0.18298730917077194,0.004217127173457264,3.4771012305081572,4.206393482287728,1781.3804399236121,1.0001687615396797
-235143.28006237536,9144.019694270095,218.017593046294,-253008.74626028675,-217198.65307639545,1736.013489753847,0.999949205570676
