mean,sd,mc_error,hpd_2.5,hpd_97.5,n_eff,Rhat
5.239548722445378,0.0895424641380747,0.0010343500296848072,5.069963229024604,5.41795354037033,5845.72742891653,1.00016058872726
