mean,sd,mc_error,hpd_2.5,hpd_97.5,n_eff,Rhat
14.34552548136566,2.009211216503926,0.02751914750244645,10.551344976012604,18.255674154528446,4827.898772992892,1.0004617342810747
