mean,sd,mc_error,hpd_2.5,hpd_97.5,n_eff,Rhat
6.770238357331747,0.12743327779261904,0.0016720097380782187,6.518690280778308,7.011345788562836,5971.404986174843,0.9999267859107682
