mean,sd,mc_error,hpd_2.5,hpd_97.5,n_eff,Rhat
6.989901457537621,0.20813277539408837,0.0032593610275215242,6.608348575397768,7.429568370145055,3295.0184811746826,0.9998131113186932
106699.0613982417,8096.315878960704,127.83494684574768,90117.62158589276,121946.65520208703,3357.7735897912735,0.9997821307319383
