mean,sd,mc_error,hpd_2.5,hpd_97.5,n_eff,Rhat
9.217954918976424,0.16214976428998318,0.0017914637230229441,8.914016469771033,9.553287401398801,5832.390706586929,1.0000727949495472
