mean,sd,mc_error,hpd_2.5,hpd_97.5,n_eff,Rhat
9.857301839347965,0.2716566490067261,0.0029316341055401146,9.31786173156977,10.379210680062345,7633.133600652745,0.9998577782784934
-8138.85966689813,26648.635404776393,298.3331442249386,-59864.62911069468,43044.69619062423,7086.355894949802,0.9998239392138263
