mean,sd,mc_error,hpd_2.5,hpd_97.5,n_eff,Rhat
11.325328299695869,0.33429187054941556,0.004172062406934684,10.669201193754402,11.988334403729583,6079.500692148124,1.0000378739082414
