mean,sd,mc_error,hpd_2.5,hpd_97.5,n_eff,Rhat
7.153662945707184,0.2504599129130956,0.002837213136055108,6.667527490458139,7.632701271691108,6089.817293457465,1.0002205159382749
-342674.69370903255,8716.330899729295,119.16005490275919,-359059.48675954156,-325014.7309961526,4964.865005158107,0.9998895720300941
