mean,sd,mc_error,hpd_2.5,hpd_97.5,n_eff,Rhat
11.998317795212726,0.3406811217595647,0.0041222254173170405,11.344731196648283,12.674238021059738,6591.705810036444,0.9997917262546202
-108802.84198838302,27529.122941622576,322.7941697793661,-163414.5578084381,-54897.82646394103,6543.289221023669,0.9998740733706574
