mean,sd,mc_error,hpd_2.5,hpd_97.5,n_eff,Rhat
20.725505429428253,1.3162867389966806,0.04528456233111126,18.366190205737063,23.20393765805721,887.3674181367961,1.0028504907455078
-447231.74987804383,49887.392888271635,1586.9744503236275,-499995.5781796445,-349385.0542195076,1007.3076844194879,1.0003924124343224
