mean,sd,mc_error,hpd_2.5,hpd_97.5,n_eff,Rhat
2.419808860587922,1.0067865727051473,0.02607536809172311,1.0014364882765026,4.327478680337979,1364.8808243813364,1.0062864124795572
93428.7032587686,194021.2215332654,4424.94088602968,-183462.9465426648,493745.7153126875,1777.414973750531,1.0012468390834142
