mean,sd,mc_error,hpd_2.5,hpd_97.5,n_eff,Rhat
3.7740014809681353,0.8715494663759741,0.025788086220571372,1.8558124235069307,5.38590666130953,1016.7808311073993,1.0022551431359235
-263799.3078460199,34875.05364286796,1046.853491032026,-337243.80682239035,-194370.18348680672,997.8775678824499,1.002757646956151
