mean,sd,mc_error,hpd_2.5,hpd_97.5,n_eff,Rhat
5.792094331065436,0.38844546395787405,0.00558969343364113,5.037655956882366,6.561215803163274,4592.662881216429,1.0006567641002595
-90935.98596792208,12178.71610863737,177.2222676298696,-115704.54745784131,-68413.44950282785,4241.445940335536,1.0013645134403903
