mean,sd,mc_error,hpd_2.5,hpd_97.5,n_eff,Rhat
77.8081495216395,16.8393442247113,0.23127283562195675,45.195777060655715,99.99894400203995,4930.8957503151005,1.0004137246610703
