mean,sd,mc_error,hpd_2.5,hpd_97.5,n_eff,Rhat
5.055174883638733,0.06802534938535214,0.0007936836268985692,4.921287334556786,5.18733852360854,6095.238884660372,1.0003240437521514
