mean,sd,mc_error,hpd_2.5,hpd_97.5,n_eff,Rhat
5.686363865148641,1.7151602665084853,0.014040053927140944,2.5154617925270615,9.44644280058204,11011.863954936573,1.0000426528710542
-135011.0060157592,69705.75901260586,711.8360166110206,-279382.11747182085,2336.6365858412673,10212.844117763623,1.0000299150981355
