mean,sd,mc_error,hpd_2.5,hpd_97.5,n_eff,Rhat
7.7779240170192425,0.30959552613191216,0.003910099925825871,7.175302109718144,8.379515310933147,6189.73578687163,0.9999877613886368
