mean,sd,mc_error,hpd_2.5,hpd_97.5,n_eff,Rhat
4.552914024565847,0.4380173480389355,0.0087761743962108,3.6944813815139597,5.403557761583737,2320.0704263482503,1.000532396849144
-231797.48580907643,19647.37388583051,409.7002645781957,-269775.61554473266,-193308.59638014296,2282.0376752785937,1.0019510176945612
