mean,sd,mc_error,hpd_2.5,hpd_97.5,n_eff,Rhat
7.561128204104924,1.514041417145903,0.012699253480526567,4.585705756945786,10.488976588707908,11809.841141181734,0.9999981328775881
