mean,sd,mc_error,hpd_2.5,hpd_97.5,n_eff,Rhat
8.111824176673332,0.4602500554152215,0.006686710678120327,7.188792855142313,8.981595526874214,5384.045888048569,0.9998867990482676
