mean,sd,mc_error,hpd_2.5,hpd_97.5,n_eff,Rhat
4.1433954593733375,0.15624751272120566,0.0019340976428713955,3.838905039984453,4.444885466445969,6746.001169481911,1.0000870668594053
-200321.35985600375,4299.554071952675,57.11443052282415,-208802.11470214126,-191982.6643865778,6317.289290886381,1.0001817338405319
