mean,sd,mc_error,hpd_2.5,hpd_97.5,n_eff,Rhat
3.130311188159428,0.12907695314154952,0.0018844197980683697,2.87951300004151,3.380339738955417,4974.814174788279,0.9997753861356433
100658.26632039435,15375.207371487662,225.57754716315827,69778.86134076539,129867.57417795213,4365.492186405272,1.0007054963137012
