mean,sd,mc_error,hpd_2.5,hpd_97.5,n_eff,Rhat
6.286971000874856,0.18609634669561637,0.0025535193713900877,5.909679727098076,6.632848679439099,5760.001741591107,1.0000569229821614
-212803.51197451336,8007.216947226162,104.41734685644124,-228332.82908775032,-196897.8408978835,6517.511242105933,0.9997814135715055
