mean,sd,mc_error,hpd_2.5,hpd_97.5,n_eff,Rhat
4.26599116001894,0.18656232438401285,0.003565653430693359,3.8982062970474387,4.630162496484475,2596.0775037343956,1.0005423492555576
-86279.54353466973,6035.460709685919,111.38708777486245,-98590.27658365965,-74725.03415655019,2657.734971306966,1.0001317283592888
