mean,sd,mc_error,hpd_2.5,hpd_97.5,n_eff,Rhat
8.3066261609563,0.19539718680651402,0.0023451510052595907,7.91227290847359,8.67760889294557,6109.808414331432,1.000283566279449
