mean,sd,mc_error,hpd_2.5,hpd_97.5,n_eff,Rhat
9.930062767492494,0.29262282119682487,0.003479524354209221,9.33107739314359,10.47917668977909,7775.376376665577,0.9999164114502761
-231209.46943157632,20460.94533205683,240.87651530946056,-271139.0196559544,-191873.70905216533,7357.771416909576,0.9998658006011168
