mean,sd,mc_error,hpd_2.5,hpd_97.5,n_eff,Rhat
8.10785211991298,0.26003418096643516,0.003836925690358457,7.604961807061556,8.625394682033326,5284.5562448036035,1.0002742224783665
