mean,sd,mc_error,hpd_2.5,hpd_97.5,n_eff,Rhat
5.921887072824851,0.3319334547632886,0.004094452115363556,5.274146966214001,6.552213782614299,7227.047320243338,1.0003809760429951
-57156.53332739751,31801.301085793144,396.47229631439666,-118553.4510740333,6247.588029400286,6500.151302231403,0.9997812005649535
