mean,sd,mc_error,hpd_2.5,hpd_97.5,n_eff,Rhat
11.999872201250582,0.34887572482637175,0.004244802693200314,11.304049622202054,12.666207661217268,6526.596982468016,0.9998547851286764
-108447.72758439885,27670.392491648836,353.82600786943686,-163543.53777146112,-54655.46729710064,5806.889798028227,0.9998233057265591
