mean,sd,mc_error,hpd_2.5,hpd_97.5,n_eff,Rhat
7.680712424984003,0.1022442731198945,0.001397823220783704,7.487160716032495,7.8849432739145024,5623.914552274445,1.0000860877521986
