mean,sd,mc_error,hpd_2.5,hpd_97.5,n_eff,Rhat
11.082230437768686,0.4240503958575132,0.005040755778294357,10.266531112773531,11.934431045065587,5127.512232795283,1.000222883821265
