mean,sd,mc_error,hpd_2.5,hpd_97.5,n_eff,Rhat
3.869750678132306,1.5192442367407681,0.03678237962270586,1.0036037990272209,6.461217523162228,1494.877781035255,1.0024430427280537
-105275.33070806881,116263.28672808947,2937.2915018090707,-324045.95776862546,105284.20128310235,1341.8795537665026,1.0026211987476095
