mean,sd,mc_error,hpd_2.5,hpd_97.5,n_eff,Rhat
99.97629066311767,0.023233841887841916,0.00033992259698372525,99.9287753138979,100.0,5379.207542246125,1.0004859719144394
