mean,sd,mc_error,hpd_2.5,hpd_97.5,n_eff,Rhat
6.290539339079665,0.5875736304848163,0.00827911895805899,5.119308662780697,7.39486902123992,4971.0523263222585,0.9998431676691615
-351259.3860407638,13931.937760518891,183.06305692606276,-378324.7739611939,-323880.11238527595,4867.170155149929,1.0000458757511541
