mean,sd,mc_error,hpd_2.5,hpd_97.5,n_eff,Rhat
9.042042849920165,0.22845720276352827,0.002976975446735146,8.60449769572351,9.497371381371378,5524.85937753346,1.0001481054413335
