mean,sd,mc_error,hpd_2.5,hpd_97.5,n_eff,Rhat
88.5493168664171,10.04662787678081,0.1471790926006057,68.11624478232234,99.9956705295758,4444.592162576265,1.0003594117617363
