mean,sd,mc_error,hpd_2.5,hpd_97.5,n_eff,Rhat
7.708635855480865,0.2796618197933195,0.003799308288278712,7.183453724430219,8.269715469128833,5291.887017856795,1.000391855321257
