mean,sd,mc_error,hpd_2.5,hpd_97.5,n_eff,Rhat
7.57358634698224,0.28049408804752035,0.0045319888368489224,7.038411197686994,8.131817860048626,4255.4915543433945,0.9999249205168325
-180259.63466340804,13401.302100857427,181.93950128268594,-207433.9426345087,-154616.82764063915,4414.83461746428,1.0001869554002334
