mean,sd,mc_error,hpd_2.5,hpd_97.5,n_eff,Rhat
86.17115499540957,11.564144419021593,0.1697363546510306,62.73918031014549,99.99330169748798,4121.518915902975,1.0002537602920825
-324170.57816033845,173776.09129474763,3094.5331676487576,-499932.70703986014,40862.21245585064,3486.0949905522043,0.9999039927181949
