mean,sd,mc_error,hpd_2.5,hpd_97.5,n_eff,Rhat
3.9443890556336356,0.13708665705716047,0.001992351013108254,3.668843934732789,4.209310196047117,4233.740648040405,1.0001613525559332
-148481.6765764969,4744.694485672859,71.75684547759234,-158185.484172407,-139505.7100023606,4421.355659896088,0.9999469927850196
