mean,sd,mc_error,hpd_2.5,hpd_97.5,n_eff,Rhat
7.889374100884274,0.23759181156601605,0.0031864875979585143,7.415967116894677,8.35658229203213,5140.252037593031,1.0001120489069912
-224825.46006174953,11434.78018220587,171.06098168629234,-247276.44652042087,-202004.36658659522,4749.992821276393,1.0003154773802228
