mean,sd,mc_error,hpd_2.5,hpd_97.5,n_eff,Rhat
4.987867518855662,0.1976224094863615,0.0024166854949395555,4.620201745132295,5.399216328493098,6562.633258120816,1.0002225609250937
-231383.14754029925,5935.646855103128,73.77237057206318,-242683.33118316004,-219628.56746781513,6953.858754392762,0.9997649956950002
