mean,sd,mc_error,hpd_2.5,hpd_97.5,n_eff,Rhat
6.953040315004475,0.1679063230775235,0.002544114379068406,6.628656880872342,7.284399281951016,3927.009820346322,1.0002861688341027
-107826.51955642406,10298.010109751685,150.71400415009438,-128456.7461583639,-88710.52204166735,3944.808080666112,1.000649155104085
