mean,sd,mc_error,hpd_2.5,hpd_97.5,n_eff,Rhat
5.62227792589322,0.31204922881760716,0.00403769268545493,5.010007006393022,6.238955731234094,5144.175357998041,1.0001051315691851
