mean,sd,mc_error,hpd_2.5,hpd_97.5,n_eff,Rhat
10.923521891758828,0.1938659448088239,0.0024867493549839597,10.523832011031123,11.287468475783594,5461.975092262108,0.9998519116285172
