mean,sd,mc_error,hpd_2.5,hpd_97.5,n_eff,Rhat
9.799380554543683,0.22694638080379256,0.0027753120935791703,9.356863376226828,10.242150605511341,6020.2382222748365,1.0002511682916273
