mean,sd,mc_error,hpd_2.5,hpd_97.5,n_eff,Rhat
4.5608309709172135,0.4729900458176274,0.008459809510782974,3.619742323766121,5.482856636846676,2330.493360196705,0.9998532861646999
-277823.4069670432,16469.227911913247,314.79614452693176,-308695.01009011146,-244883.34923269085,2242.1648309833095,1.0001233914404288
