mean,sd,mc_error,hpd_2.5,hpd_97.5,n_eff,Rhat
6.910228201241917,0.399091021024985,0.005298967627987509,6.111584853261213,7.6731735172647655,5749.324162651742,1.0002097136468393
