mean,sd,mc_error,hpd_2.5,hpd_97.5,n_eff,Rhat
4.19233446601826,0.2922404160594479,0.0037962825605056317,3.6182691533696416,4.769771324397441,5298.286206294669,0.9998193472238177
-292989.2054189644,11673.858832949669,164.42789404222165,-316051.72512560413,-270274.34399990144,5657.952322562076,1.0000019038459453
