mean,sd,mc_error,hpd_2.5,hpd_97.5,n_eff,Rhat
5.498736852004536,0.23728034892802985,0.0031352131278282354,5.040430121530918,5.974603898711688,5320.828422733037,0.9998839654267667
-211694.91998089518,13210.180972736589,160.0900346775171,-235974.89205680756,-184759.5037680903,5326.014902176103,0.9997913219831804
