mean,sd,mc_error,hpd_2.5,hpd_97.5,n_eff,Rhat
5.6652899172597015,1.1074478154347078,0.015320051411707475,3.5894315191227943,7.9380277040970535,5052.105255137947,1.000197402406438
