mean,sd,mc_error,hpd_2.5,hpd_97.5,n_eff,Rhat
12.912588050650694,0.30958761248470174,0.003990623658786336,12.321176526317995,13.537908416129698,5001.282550888375,1.0000891072547635
