mean,sd,mc_error,hpd_2.5,hpd_97.5,n_eff,Rhat
11.685185553107146,0.32254308443162244,0.003256357538563767,11.060425329283591,12.338547656793395,6609.887595358576,0.999841180303903
