mean,sd,mc_error,hpd_2.5,hpd_97.5,n_eff,Rhat
5.9370050537557,0.16249349460380727,0.003674060814422076,5.63734591852372,6.261830500276601,1988.2277425252514,1.0001125093166896
-1113.7335591572785,5905.434938995871,133.80712371205377,-12767.309176537845,10174.621640843374,1947.3943890630867,1.0001835780663668
