mean,sd,mc_error,hpd_2.5,hpd_97.5,n_eff,Rhat
23.40160004287219,0.6836121899204349,0.009223972101146626,22.071225576905807,24.73533017099658,5872.479062905063,1.0000571305916874
