mean,sd,mc_error,hpd_2.5,hpd_97.5,n_eff,Rhat
15.942307345764362,0.11804903282174264,0.0018013969885136993,15.70901231213595,16.166447449331088,5155.083121201219,1.0001247904024895
