mean,sd,mc_error,hpd_2.5,hpd_97.5,n_eff,Rhat
72.51497181403506,4.68394008603695,0.11212199443181134,63.53966771035971,82.13439065481232,1829.4674475401353,1.0006357400400698
58540.49436114523,68074.22080098007,1588.1625695557095,-74370.62279676233,193935.59438448303,2216.067041212736,0.9999060264587207
