mean,sd,mc_error,hpd_2.5,hpd_97.5,n_eff,Rhat
18.16102204591934,0.5375399777842687,0.01082265196116035,17.126137931204997,19.229061012454626,2839.141731861203,1.000301290757919
326082.66655242146,11489.579898129516,220.14950214353635,304170.1586185079,348532.9848408534,2256.4333058448674,1.0002616046303967
