mean,sd,mc_error,hpd_2.5,hpd_97.5,n_eff,Rhat
27.605457130823158,1.3912692195150158,0.015673601093693944,25.03153950617571,30.38347621224555,5655.514277669572,1.000224778630057
