mean,sd,mc_error,hpd_2.5,hpd_97.5,n_eff,Rhat
7.779696361624345,0.11165099337300387,0.0015236329170657422,7.549186736798085,7.9860384322318305,6102.526879947371,1.0006424389551616
