mean,sd,mc_error,hpd_2.5,hpd_97.5,n_eff,Rhat
6.428756540693253,0.1908151078844383,0.0024803217568661767,6.063572427011919,6.8044499896234125,5351.315720564665,1.0000092590791299
