mean,sd,mc_error,hpd_2.5,hpd_97.5,n_eff,Rhat
6.098545434031767,0.10314841287880967,0.0013853745307309785,5.8918823081375455,6.292541082853255,5468.48961238985,1.0000229648160524
