mean,sd,mc_error,hpd_2.5,hpd_97.5,n_eff,Rhat
4.3590322162843895,0.25604210820385004,0.0042647791876295384,3.8454078241064806,4.855293743454613,3398.146501190242,1.0004320509318496
-164825.21887537523,16934.437634658003,262.6879228402041,-197024.65625318637,-130677.78272255743,3623.5392169613474,1.0002534888944117
