mean,sd,mc_error,hpd_2.5,hpd_97.5,n_eff,Rhat
5.407885511459843,0.4446556397647313,0.0075924899938872,4.520478027923396,6.244392708513469,3295.8772268770617,0.9998990992573433
-307946.94950720394,13361.486575380157,213.26861701837552,-333304.7874569701,-281826.9183166187,3292.955033392364,1.0001981423059894
