mean,sd,mc_error,hpd_2.5,hpd_97.5,n_eff,Rhat
9.702953610516143,0.18122250909306645,0.0024853869873742536,9.355983889279143,10.060832172911757,4746.3012682770395,1.0002398243503374
