mean,sd,mc_error,hpd_2.5,hpd_97.5,n_eff,Rhat
1.3218747669410698,0.25767654803582857,0.004361327919968304,1.0000122170673265,1.8274840113828181,3770.0623129061373,1.000383058582666
