mean,sd,mc_error,hpd_2.5,hpd_97.5,n_eff,Rhat
11.090728678459016,0.10089135688726789,0.0018198209762618496,10.895864729273718,11.287619617570954,2739.350829361581,1.0001639409376197
-222377.23473664682,5229.455592485131,119.36895655390519,-232781.70252635266,-212166.97591618367,2037.4146461571172,1.0011141011079736
