mean,sd,mc_error,hpd_2.5,hpd_97.5,n_eff,Rhat
7.1374168326813665,0.12238015614597897,0.0015770444477635457,6.891377550188811,7.374941096986576,5664.78550686756,1.0005710630776328
