mean,sd,mc_error,hpd_2.5,hpd_97.5,n_eff,Rhat
4.773838021887014,0.2131187405825652,0.003037587604630008,4.349522597979841,5.177882873467545,5005.850134653685,1.000594011942843
