mean,sd,mc_error,hpd_2.5,hpd_97.5,n_eff,Rhat
4.630450139941505,0.2648843269606351,0.004250556833781469,4.143608077830368,5.163552359231376,3388.067239771137,1.0008500306909351
-288726.5340277963,8902.08100918733,143.9323599018865,-305421.64402897237,-271034.4138762855,3339.875364545233,1.0003718729563227
