mean,sd,mc_error,hpd_2.5,hpd_97.5,n_eff,Rhat
4.911098698599967,0.10999669030144082,0.0014038403775457143,4.700103381067575,5.126943950400053,5767.256594776748,0.9999668714320117
-132449.16493677456,5290.2012104267915,68.07657019281247,-143382.33720223536,-122654.13777540457,5600.366435527491,1.000068888365419
