mean,sd,mc_error,hpd_2.5,hpd_97.5,n_eff,Rhat
5.3123132589302,1.9664820647801087,0.02602655911961837,1.3587038209526847,9.154956266322525,7650.272582404867,1.0006753511694657
-218751.39062510338,95073.02136779879,1232.3816746542575,-408243.5394209022,-28965.177240636298,7556.025764374099,1.0003552208963342
