mean,sd,mc_error,hpd_2.5,hpd_97.5,n_eff,Rhat
2.4882972440927356,0.12790930995829758,0.0015765756913006291,2.2331122475864786,2.7314464804552876,5842.665591104644,0.9998573266848325
