mean,sd,mc_error,hpd_2.5,hpd_97.5,n_eff,Rhat
5.965621397682261,0.09752778302475885,0.0017637031099209776,5.7804167955517824,6.16464909752463,2973.6501152748874,0.9998025240121199
4230.127984543791,3646.7201202372034,67.32058882079062,-2873.6734601931826,11432.507889478915,2889.9951766903723,0.999864681761627
