mean,sd,mc_error,hpd_2.5,hpd_97.5,n_eff,Rhat
5.964777997523163,0.06793482539309179,0.0008861463416098706,5.8325071425541815,6.0978967043074315,5536.538872547719,1.0000064412139948
