mean,sd,mc_error,hpd_2.5,hpd_97.5,n_eff,Rhat
8.066942018963118,0.2508035310099592,0.0027287171913039222,7.5825184440318365,8.554488604899033,6863.958530593981,0.9999498580207279
