mean,sd,mc_error,hpd_2.5,hpd_97.5,n_eff,Rhat
3.729994071316512,0.4322468272722266,0.007634008048286978,2.840994818859237,4.551675683749343,2458.1804801565568,1.0000934295142423
-352035.16696267773,9390.591755923795,169.5465816167079,-369573.86249770544,-332437.2231944268,2556.0571003701953,0.9999024239943028
