mean,sd,mc_error,hpd_2.5,hpd_97.5,n_eff,Rhat
16.488665452136335,0.8129065351802498,0.01118985410510294,14.932011338531527,18.088808457657205,6286.03971822114,1.000035247263205
