mean,sd,mc_error,hpd_2.5,hpd_97.5,n_eff,Rhat
3.618236983247118,0.15566023446538033,0.0032465495092822575,3.3224000912610863,3.9333038990810203,2097.1104102729596,1.0003738012923207
-89869.89619579673,5332.972497183049,111.69573651292615,-100248.60679828213,-79399.68929709934,2026.516541935482,1.0003533518694459
