mean,sd,mc_error,hpd_2.5,hpd_97.5,n_eff,Rhat
5.661584121936068,0.09880615250898432,0.00136034182525466,5.460843141699524,5.84843692599103,4814.572778023691,1.000011464797449
