mean,sd,mc_error,hpd_2.5,hpd_97.5,n_eff,Rhat
4.100488834997083,0.26604970945989664,0.004250470324319964,3.563599084039129,4.600635668091881,4259.79143452546,1.0004684019933932
-184474.0838737009,6872.314587165036,93.35217518908607,-197615.7510244869,-171107.36210826645,4497.994549909857,0.9998446754751452
