mean,sd,mc_error,hpd_2.5,hpd_97.5,n_eff,Rhat
6.3219687697712565,0.1145084630292707,0.0016750039320286105,6.1033353827675345,6.54861241360526,4850.605030967979,1.000840422516025
