mean,sd,mc_error,hpd_2.5,hpd_97.5,n_eff,Rhat
25.711013292350902,0.8159013550764042,0.0100717966848891,24.19339287079384,27.386390999169336,5741.3543605885925,1.000077696057694
