mean,sd,mc_error,hpd_2.5,hpd_97.5,n_eff,Rhat
4.762396209157215,0.18628779686615093,0.0023185048620174755,4.395827981878358,5.115986407203015,6716.554517351675,0.999832735441898
-285008.9497217081,5308.400321566696,62.340999539114456,-295791.57513730525,-274900.91421139875,6284.860467880564,1.0000504822527083
