mean,sd,mc_error,hpd_2.5,hpd_97.5,n_eff,Rhat
9.226964813569978,0.317301267152694,0.0037875607650971798,8.609999828558363,9.85007479421516,7220.752077945691,1.000316443465887
