mean,sd,mc_error,hpd_2.5,hpd_97.5,n_eff,Rhat
7.3866041196670125,0.1672551944906582,0.002189723736074585,7.04558991297941,7.695007556256145,5198.644064802595,1.00063591858374
