mean,sd,mc_error,hpd_2.5,hpd_97.5,n_eff,Rhat
15.769190115871842,0.4044581520760332,0.005260344903529413,15.002765372484479,16.58100671026454,6160.593745936062,1.0001265740010625
