mean,sd,mc_error,hpd_2.5,hpd_97.5,n_eff,Rhat
4.619336902465453,0.19996641008247132,0.0023477723978368,4.235946533713882,5.006639125506907,5911.562085955492,1.000040601144378
-197819.35604335967,6245.732943232291,83.31917037376442,-210060.12363722708,-185865.33539399842,5812.3918715646805,0.9999253395006888
