mean,sd,mc_error,hpd_2.5,hpd_97.5,n_eff,Rhat
9.864543537100136,0.2731300414711565,0.0037181775808268697,9.351335534984482,10.42363154391856,5325.863490991298,0.9999673899432675
