mean,sd,mc_error,hpd_2.5,hpd_97.5,n_eff,Rhat
71.24914758606496,0.9186180807373029,0.017390277521754677,69.46591142642866,73.02389149049067,2668.7756063490247,1.0005584680515403
499021.5781499505,954.8129328491733,15.980009766229822,497133.78664408345,499999.7155314076,3352.1574941659815,0.9999670936903896
