mean,sd,mc_error,hpd_2.5,hpd_97.5,n_eff,Rhat
10.507547218006316,0.2866555303192531,0.003703555385236059,9.964173151345248,11.074666034495575,5292.332013131998,1.0000265358235008
