mean,sd,mc_error,hpd_2.5,hpd_97.5,n_eff,Rhat
6.531590791376949,0.5821025238481075,0.008867140458986959,5.423753296973819,7.706537132592571,5484.421991591297,1.0002463645931607
