mean,sd,mc_error,hpd_2.5,hpd_97.5,n_eff,Rhat
10.983330073613587,0.4042034433005691,0.0063770295237146075,10.219053713735327,11.798971915187945,3856.8103548929953,1.0001997345048834
32285.133086043053,14474.341582589692,272.01632541569063,4362.157923629928,60848.22609487983,3036.4813042922924,1.0001584737275995
