mean,sd,mc_error,hpd_2.5,hpd_97.5,n_eff,Rhat
8.314249137944069,0.19160341096883476,0.0027960688679655307,7.966028743593102,8.704269278467118,5862.961874168006,1.0001258408974025
