mean,sd,mc_error,hpd_2.5,hpd_97.5,n_eff,Rhat
6.473332698362403,0.12373045075718851,0.0015538533486276383,6.2308560500459595,6.714074751662691,5572.861639049221,0.9998557487769578
