mean,sd,mc_error,hpd_2.5,hpd_97.5,n_eff,Rhat
7.1123201519620975,0.23894173607247535,0.003153689261388655,6.662594386489584,7.60581911249496,6494.80878309201,0.9999383649757287
-160155.14319419608,12768.40165396731,159.83146485801223,-185098.84075867027,-134864.05029115983,6108.7176596171,0.9997978028070076
