mean,sd,mc_error,hpd_2.5,hpd_97.5,n_eff,Rhat
8.418784291714491,0.3966593823381191,0.005151211806433119,7.6245269721822355,9.183043039360074,4818.739003204418,0.9999488061918785
-163054.47573427134,20441.72595911211,307.24361035538226,-203827.78643907025,-124221.42981064731,3713.4489755946065,1.00024386267763
