mean,sd,mc_error,hpd_2.5,hpd_97.5,n_eff,Rhat
6.784664991205525,0.11718910538005538,0.00159270494965402,6.547126894396094,7.0055199491261675,5403.637371147421,1.000234627469973
