mean,sd,mc_error,hpd_2.5,hpd_97.5,n_eff,Rhat
13.155913060473651,0.3590176802666186,0.00471453226641212,12.45599188146127,13.88046820449027,5338.656455818748,1.0003379927043583
