mean,sd,mc_error,hpd_2.5,hpd_97.5,n_eff,Rhat
5.200990448043329,0.6610811111171514,0.009725049369137673,3.948749138058573,6.520044745337789,5320.215082520023,1.000710558493263
