mean,sd,mc_error,hpd_2.5,hpd_97.5,n_eff,Rhat
8.617185940055979,0.15224565887379002,0.0021453050287363004,8.320203577697004,8.913849572723924,5637.289183111795,1.0000071367031094
