mean,sd,mc_error,hpd_2.5,hpd_97.5,n_eff,Rhat
9.191311213713037,0.34131780719135824,0.0041411612477244165,8.53583814097729,9.882049353872693,6738.037461273831,1.0000513722581403
-364573.41442892,13973.854216403746,163.60685202527566,-393830.1462510195,-338783.0343496352,7311.353707380581,1.000030387897811
