mean,sd,mc_error,hpd_2.5,hpd_97.5,n_eff,Rhat
8.482908649559562,0.27487589688040487,0.0035692427108502288,7.96530624636133,9.02872703070344,5626.080367295284,0.9999617753701459
