mean,sd,mc_error,hpd_2.5,hpd_97.5,n_eff,Rhat
87.6920219125645,10.483557283379692,0.15191267237936587,67.06873767121823,99.99998884749058,5038.777827320481,1.0010559202814675
