mean,sd,mc_error,hpd_2.5,hpd_97.5,n_eff,Rhat
4.187568766129508,0.1725069512006418,0.0033063323032491527,3.850785795993645,4.527954383322101,2258.367060621539,1.0010401976768903
-108824.56654749918,4867.899120855663,91.85839268267472,-118154.97963444094,-99273.42208657674,2252.0336593017814,1.0016863948564412
