mean,sd,mc_error,hpd_2.5,hpd_97.5,n_eff,Rhat
7.358627418041651,0.0726650073682538,0.0009131934414517943,7.215090312212318,7.500292748324862,6648.3256546144685,1.0001089842848405
