mean,sd,mc_error,hpd_2.5,hpd_97.5,n_eff,Rhat
8.124382001724202,0.4558794646672753,0.005569178422717314,7.23005805795314,9.008677798166124,6803.626508669664,1.0004216228524814
-86910.5904212225,43897.0793455281,489.65630046091,-169551.22854368383,867.1391277651486,6960.621605819886,0.9999517500501949
