mean,sd,mc_error,hpd_2.5,hpd_97.5,n_eff,Rhat
10.136869951390267,1.0231533537668973,0.02450485134348947,8.081585725533937,11.98999775252205,1917.849839998381,1.0018879680925554
-387417.5192065008,39789.86471143833,955.7587914425934,-463394.7404685768,-310558.979008131,1938.5336237153701,1.001736372616042
