mean,sd,mc_error,hpd_2.5,hpd_97.5,n_eff,Rhat
6.6354362253754635,0.19756136217696801,0.002201570395257459,6.2351519860926246,7.005118566918984,5579.951321014049,0.9999021837471586
