mean,sd,mc_error,hpd_2.5,hpd_97.5,n_eff,Rhat
6.046138813793588,0.16791739340090048,0.0020538836650619,5.714568779565948,6.369477600651742,5304.002424478489,0.9997561262073902
-18195.605611454775,6433.164496289057,88.813928570132,-30842.640416320897,-5517.6873560563445,5406.363184297643,0.9999223259942401
