mean,sd,mc_error,hpd_2.5,hpd_97.5,n_eff,Rhat
2.537980230214358,0.7644372002722649,0.014274760822077312,1.022496787193376,3.879584716102106,2913.1854588080514,1.0002473962374112
