mean,sd,mc_error,hpd_2.5,hpd_97.5,n_eff,Rhat
6.732990163586141,0.12065710753099868,0.0015729262351269423,6.510727107571691,6.9785839310744615,5158.536770956545,0.9999914318759495
