mean,sd,mc_error,hpd_2.5,hpd_97.5,n_eff,Rhat
7.76230767644482,0.3532228796782119,0.004681467877008148,7.097292772497123,8.476477375277856,5901.87419732857,1.0006024873392192
