mean,sd,mc_error,hpd_2.5,hpd_97.5,n_eff,Rhat
9.448763722797114,0.23866419443022624,0.0036438402685222667,8.98499598761127,9.917885891663069,4946.21113969595,1.0008566781203425
