mean,sd,mc_error,hpd_2.5,hpd_97.5,n_eff,Rhat
7.844233908494738,0.5242545953623502,0.008447352629279958,6.871486634524179,8.906734941963352,4780.736995420843,1.0004508903615332
