mean,sd,mc_error,hpd_2.5,hpd_97.5,n_eff,Rhat
13.085950039753548,0.22789133032232678,0.0035033260954495807,12.642453735183212,13.52737032563967,4111.154305891052,1.0000273854738846
-139038.3119423754,10899.22576385522,216.18093570986184,-160191.96819801207,-117590.96251808354,3271.559021238161,0.9999248002914073
