mean,sd,mc_error,hpd_2.5,hpd_97.5,n_eff,Rhat
5.457318047732908,2.0240653710846983,0.020372132194152397,1.5423059235335563,9.733154157614969,11164.06340706937,1.0005971942977463
-253127.97435351106,73399.98958258718,749.743474967481,-397293.86447482696,-95710.6239571981,11749.701157193489,1.0001351396512166
