mean,sd,mc_error,hpd_2.5,hpd_97.5,n_eff,Rhat
7.532664879866914,0.26816136348023445,0.003629574112354074,7.010798664793334,8.056257213843967,4510.492253493208,0.9998679982501404
-258247.40567191935,14402.732529570589,211.86157501716997,-286289.87891701184,-230107.83773549902,4797.08428953269,0.9997868451567979
