mean,sd,mc_error,hpd_2.5,hpd_97.5,n_eff,Rhat
7.9859338548858325,0.1486492302532236,0.0019205099812224734,7.695668028626018,8.276360504707537,5692.6439339228855,0.9999381289500893
