mean,sd,mc_error,hpd_2.5,hpd_97.5,n_eff,Rhat
5.827692964876494,0.17334540592129286,0.0020564591725005703,5.489867955537705,6.170168667605789,7002.045956815645,1.0001975736057813
-187817.99458240133,8008.398306730574,105.1069164848632,-202686.68966136154,-171997.46225886254,5951.024208389381,0.9998238530956679
