mean,sd,mc_error,hpd_2.5,hpd_97.5,n_eff,Rhat
15.434256990389096,0.7688295704092662,0.010566305584005892,13.919043649972226,16.957014621555345,5285.175381980197,1.000070313004955
