mean,sd,mc_error,hpd_2.5,hpd_97.5,n_eff,Rhat
4.22459279835511,0.5443979947458207,0.013647995427822454,3.1335758043096855,5.283449552211018,1718.7016782806031,1.0004046529789261
-272648.10234900727,19459.769526288066,493.22754396954895,-310511.12383287854,-234123.1699174821,1683.083187982073,1.0000822213219087
