mean,sd,mc_error,hpd_2.5,hpd_97.5,n_eff,Rhat
6.927471684492336,0.13790814711775828,0.0030484998712368796,6.659911923927402,7.191258556418586,2005.4056120096022,1.0003025872030433
164210.91612927153,5649.514953224689,132.25743974949262,153303.09653899499,175358.85465075562,1952.873426730797,1.0004263426179476
