mean,sd,mc_error,hpd_2.5,hpd_97.5,n_eff,Rhat
7.479525269743198,0.25129371690559354,0.003256412895641092,6.993328079221425,7.970103238007192,5159.69282865013,0.9999538066546999
