mean,sd,mc_error,hpd_2.5,hpd_97.5,n_eff,Rhat
9.028222770170999,0.1795243408312023,0.0025333684490304958,8.674809655233117,9.380252099975209,5105.196165419503,1.0003283639487845
