mean,sd,mc_error,hpd_2.5,hpd_97.5,n_eff,Rhat
15.896364537046027,0.40686310533972203,0.004578870285813168,15.10931319363038,16.703187619003266,6074.535354453065,1.0000566552198953
