mean,sd,mc_error,hpd_2.5,hpd_97.5,n_eff,Rhat
6.107412127990802,0.11615358268078974,0.001642499819042495,5.8887295205625145,6.336642860852728,5605.836761667251,1.0002943847519261
