mean,sd,mc_error,hpd_2.5,hpd_97.5,n_eff,Rhat
10.380545769823085,0.2872011640991148,0.00402819498111392,9.830159753359721,10.935779755117558,5679.261288446671,0.9999029831037051
