mean,sd,mc_error,hpd_2.5,hpd_97.5,n_eff,Rhat
5.253501404006961,0.2919365851540778,0.003585634778079655,4.686703797966411,5.8298881863370475,6294.826678003472,1.0002601104401623
-308449.12488891924,16758.10267112006,215.59397549821728,-340918.8113792363,-276427.4475203682,6762.402372007152,0.9997595695942658
