mean,sd,mc_error,hpd_2.5,hpd_97.5,n_eff,Rhat
6.910853619237108,0.18733115508866124,0.0025916093080070946,6.552465172061911,7.28929475768574,4672.085469280389,1.0006173680773731
