mean,sd,mc_error,hpd_2.5,hpd_97.5,n_eff,Rhat
6.8146323752259,0.12050270050765216,0.001496111131586074,6.5741068759878285,7.046209224536504,6214.458511829454,1.0005095319229074
