mean,sd,mc_error,hpd_2.5,hpd_97.5,n_eff,Rhat
7.280449572327818,0.4096273338760735,0.006040364857163411,6.457567367267206,8.046850878235558,5797.11379233081,1.0001547413361709
