mean,sd,mc_error,hpd_2.5,hpd_97.5,n_eff,Rhat
7.549875236912786,2.1447767761376033,0.020038247798149302,3.516193452445713,11.848352321591408,11692.507450480818,1.0003124026984476
