mean,sd,mc_error,hpd_2.5,hpd_97.5,n_eff,Rhat
9.338056183477512,0.3125150989078226,0.003610414695284764,8.74443110380134,9.956983657274977,6050.22483745477,1.0000925731209376
