mean,sd,mc_error,hpd_2.5,hpd_97.5,n_eff,Rhat
5.296367265080553,0.6498284157317722,0.009147957556724724,4.006723855659427,6.548109142031922,4788.161683162938,1.0003066952250963
