mean,sd,mc_error,hpd_2.5,hpd_97.5,n_eff,Rhat
8.491527032417427,0.15210690969063317,0.0020867537156356295,8.201949689752142,8.792941056220938,5412.9555659149055,0.9999997724913818
1767.0400724642614,13216.685836723474,184.90310378135578,-23599.443794525556,28052.570667943088,4900.883720986764,1.0004588888046957
