mean,sd,mc_error,hpd_2.5,hpd_97.5,n_eff,Rhat
6.345123606891487,0.0320196661889426,0.00038459277678017594,6.283958209847452,6.409781649653212,6361.293175571531,1.0001625340179856
