mean,sd,mc_error,hpd_2.5,hpd_97.5,n_eff,Rhat
8.559736713573708,0.3638645408819065,0.004914739635763949,7.865664595625145,9.267092428477214,5500.012952002066,1.0000139580860825
