mean,sd,mc_error,hpd_2.5,hpd_97.5,n_eff,Rhat
3.207255843792035,1.9720717138288382,0.03305156825271756,1.0007001784033933,7.004831889860618,3658.936963622295,1.0010444963994727
-394095.1127515869,76705.20375539912,1130.112699414654,-499977.2922732704,-251797.82305226332,3351.9980418956693,0.9999394575924121
