mean,sd,mc_error,hpd_2.5,hpd_97.5,n_eff,Rhat
6.997148231288115,0.27013671824404484,0.0034769785236479674,6.491423419283573,7.544475069891086,5139.8607298335355,1.0001476638641829
