mean,sd,mc_error,hpd_2.5,hpd_97.5,n_eff,Rhat
8.15416022187053,0.46223157765794054,0.006073614346694094,7.2278843506624355,9.039564050948279,5223.182963317464,1.000091165437438
