mean,sd,mc_error,hpd_2.5,hpd_97.5,n_eff,Rhat
2.870794917129903,0.6670775830299402,0.01543540196473248,1.5207915487471808,4.185883728027892,1351.849089390445,1.0003092663718163
-203946.5985701157,11715.234439002268,294.983528039268,-227695.38662174955,-179915.72358692938,1253.5847641176927,1.0005391503277747
