mean,sd,mc_error,hpd_2.5,hpd_97.5,n_eff,Rhat
6.753641818473087,0.2115461368405243,0.0025863974487204218,6.33278536757685,7.1548252800277,5965.8244477423905,0.9998925944061738
