mean,sd,mc_error,hpd_2.5,hpd_97.5,n_eff,Rhat
5.142759757366725,0.13189550877789002,0.0016950492833046758,4.900379628922842,5.4147605469470665,6204.050400115464,0.999879664862868
-208571.1424974352,4788.56269846325,70.48333722019393,-218203.2043898472,-199489.77125244276,5492.4858499498405,0.9998743603233646
