mean,sd,mc_error,hpd_2.5,hpd_97.5,n_eff,Rhat
5.320881368872962,0.11723430279887335,0.0014224322806963817,5.0833643807087485,5.543120336502744,6350.370335922912,1.0003230198141266
-164164.08284447656,5016.099962500273,62.13594389652835,-173775.7067951769,-154154.76078224616,6269.888811086312,1.000167183441791
