mean,sd,mc_error,hpd_2.5,hpd_97.5,n_eff,Rhat
16.34157849503773,0.7269325454688969,0.01015463523699201,14.915198595505569,17.748208724632118,5177.063027648235,1.0001183541771854
