mean,sd,mc_error,hpd_2.5,hpd_97.5,n_eff,Rhat
1.7234884840390399,0.6570818195346098,0.015279358467285637,1.000253191607471,3.08427375095745,2131.178872402663,1.0003391584816568
