mean,sd,mc_error,hpd_2.5,hpd_97.5,n_eff,Rhat
3.503932459614922,0.18111153605816957,0.0031214149622885313,3.172347548653938,3.871725923525334,2664.027187182334,0.9999680325265807
-165993.46735042476,5061.337000076154,92.19549110760036,-175948.65257192004,-156147.63022437572,2456.9397291789924,0.9999105329242295
