mean,sd,mc_error,hpd_2.5,hpd_97.5,n_eff,Rhat
4.3784299590086375,0.2633615023359975,0.0058168433884639,3.8298965884710037,4.858021698998635,2265.5763419996592,1.0009418374628671
-254240.10370021666,11148.354868537146,227.34974367124374,-275936.8373232046,-232535.4073538608,2404.1498346644644,1.001203090648728
