mean,sd,mc_error,hpd_2.5,hpd_97.5,n_eff,Rhat
12.607287332883335,0.7305088772549132,0.00975120798347746,11.23440670148196,14.080060915192584,5016.886386703552,1.0002021086553894
