mean,sd,mc_error,hpd_2.5,hpd_97.5,n_eff,Rhat
5.153301299478422,0.1728700940257829,0.0018544399525148511,4.800412726854379,5.474579626167622,7086.496611881429,0.9998122324544673
-262740.4225033773,5580.532467757852,71.09006340738676,-274167.19005707884,-252296.07981962457,7410.059891021214,1.0000774639283376
