mean,sd,mc_error,hpd_2.5,hpd_97.5,n_eff,Rhat
7.027761498656843,0.18790141725771492,0.002572410639701809,6.663283230239926,7.398312253258737,5357.126386907944,1.000070168001195
