mean,sd,mc_error,hpd_2.5,hpd_97.5,n_eff,Rhat
5.3099936445199925,0.15917543767407458,0.002242962898499599,5.000620103072262,5.620606746388205,4581.783801737911,1.000080546319467
