mean,sd,mc_error,hpd_2.5,hpd_97.5,n_eff,Rhat
12.948058103075843,0.33501639223671964,0.003563166677615537,12.264673589442983,13.585456401868859,5900.057538120121,1.00011073915694
