mean,sd,mc_error,hpd_2.5,hpd_97.5,n_eff,Rhat
3.6548961370324524,0.16705768295093554,0.004078528460525892,3.3356025470187722,3.9827568530439237,1721.5818866833392,1.0016413293986823
-226214.23758269232,9025.387702791242,217.18245741519058,-243890.49747823254,-209065.2259003057,1749.505806974847,1.001496734423199
