mean,sd,mc_error,hpd_2.5,hpd_97.5,n_eff,Rhat
6.007948550337281,0.08146518272569385,0.0011778904102845724,5.856721206768375,6.173890908472333,5827.169803831043,1.000477098685714
