mean,sd,mc_error,hpd_2.5,hpd_97.5,n_eff,Rhat
8.378735291411905,0.3852159334242211,0.004933074996721032,7.630236006897961,9.143640946348206,6822.883040310748,1.0003941865495043
-232713.25037212335,22917.086395824655,257.01798538105606,-276509.91159964405,-186804.63013213672,6741.081617675556,1.0000142320859169
