mean,sd,mc_error,hpd_2.5,hpd_97.5,n_eff,Rhat
4.887259406203844,0.08519280679827165,0.0014400051514863962,4.7186066235525574,5.0515272178305315,3990.418605433185,0.999782002335593
-80137.19525127247,2808.8670053690817,40.99460344705777,-85770.77034506059,-74901.85026253387,4010.0398452646455,1.0003174495165392
