mean,sd,mc_error,hpd_2.5,hpd_97.5,n_eff,Rhat
5.233119467611051,0.22039427269649486,0.0028100935670278353,4.820684919786095,5.682018035559403,5510.400033617143,1.000034601781562
-73042.17137498179,13417.171524517427,169.16506183356373,-99399.45948362428,-47071.32497730243,5842.906040643114,0.9997902564107071
