mean,sd,mc_error,hpd_2.5,hpd_97.5,n_eff,Rhat
10.207467597626769,0.6375683382173399,0.010323825575193148,8.919444971480987,11.428382563610997,3232.077176657821,1.000039629493278
-293713.5515514918,23523.960956398107,442.3127887622089,-339341.5809803056,-248455.50742468546,3096.3729129618273,1.0001376246643248
