mean,sd,mc_error,hpd_2.5,hpd_97.5,n_eff,Rhat
5.025974598050824,0.20663751661583882,0.0028436225179260715,4.61848119303619,5.432723636509855,5839.258524979613,1.0000493616069552
-126088.3221918228,6550.611110803844,83.63753649123124,-138969.58237843,-113255.2850093797,6062.569424344443,0.9999208188045844
