mean,sd,mc_error,hpd_2.5,hpd_97.5,n_eff,Rhat
6.492334385359156,0.08752317694788153,0.0011805834160170702,6.318217041581565,6.665010156189611,5159.855381288716,0.9998757326568642
