mean,sd,mc_error,hpd_2.5,hpd_97.5,n_eff,Rhat
4.473060840950739,0.11875151001385631,0.003007654231363136,4.251816948779209,4.723649734443305,1682.8329295846809,0.9998974038727372
-480745.73472981056,5897.500578166681,141.18905704712202,-492814.2337139318,-469592.6986725524,1769.4035023102279,0.9997842908953394
