mean,sd,mc_error,hpd_2.5,hpd_97.5,n_eff,Rhat
6.6132949147649,0.24799705299570102,0.0030717682977544295,6.152578929449731,7.1208193726644025,6939.522498214561,0.9998879119522158
