mean,sd,mc_error,hpd_2.5,hpd_97.5,n_eff,Rhat
9.436196686560752,0.5076278766748911,0.007097099161582475,8.500215843156482,10.494634976891666,4907.840459521366,1.0003580691944525
