mean,sd,mc_error,hpd_2.5,hpd_97.5,n_eff,Rhat
7.6548829879480955,0.1960961700903418,0.0024401315049115287,7.278374213350105,8.035862295628242,5472.73363328063,1.0000196326982818
