mean,sd,mc_error,hpd_2.5,hpd_97.5,n_eff,Rhat
6.068623479608936,0.13080640697396967,0.0019639776388896005,5.816299149737655,6.330969242675682,5323.309928596278,1.000045749064782
