mean,sd,mc_error,hpd_2.5,hpd_97.5,n_eff,Rhat
5.460071511068476,0.14928618824224146,0.0021512870709103045,5.170698104626717,5.751751395369606,4611.972102985468,0.9998390052368646
-242901.3664923007,7403.856491910397,100.35533570969241,-257289.2226764084,-228588.34744245038,4619.287772339993,1.0000162320812631
