mean,sd,mc_error,hpd_2.5,hpd_97.5,n_eff,Rhat
8.007286484513864,2.631747587665668,0.03603426142529838,3.8138532524641597,13.20947349690364,5687.615185711779,1.0000571875879714
