mean,sd,mc_error,hpd_2.5,hpd_97.5,n_eff,Rhat
4.836896998258539,0.14392660878896538,0.0022843218901865935,4.5642028253717495,5.116266685391114,3566.3925011800675,0.9998379705087209
-300128.4063079418,4835.579499030555,80.89173397737274,-310131.5640257703,-291323.2260218493,3645.9947922657566,0.9999262859501595
