mean,sd,mc_error,hpd_2.5,hpd_97.5,n_eff,Rhat
8.83391359185861,0.240080223601972,0.0033198676249663202,8.390807045346362,9.325145059947452,5359.058315908724,0.9998446433427776
