mean,sd,mc_error,hpd_2.5,hpd_97.5,n_eff,Rhat
2.004731873417298,0.01528175339881125,0.00023177866132963095,1.9746197899115727,2.034245167298428,5291.927942361064,1.0006793840815593
