mean,sd,mc_error,hpd_2.5,hpd_97.5,n_eff,Rhat
6.138924141001026,0.1257566568445788,0.0018001746384081814,5.892023125305601,6.384203609738135,5031.189555836636,1.0001271568273014
