mean,sd,mc_error,hpd_2.5,hpd_97.5,n_eff,Rhat
3.488813750048878,0.01831327419508527,0.00022346172784226806,3.452026254460039,3.52355556898328,5629.953707343138,0.9998590282092809
