mean,sd,mc_error,hpd_2.5,hpd_97.5,n_eff,Rhat
39.30693394584759,1.201986541672573,0.015488517925578576,36.99752818900641,41.701831043901564,5962.039799001348,1.000591128173899
