mean,sd,mc_error,hpd_2.5,hpd_97.5,n_eff,Rhat
7.753751383292356,0.452515340554697,0.005502975425570855,6.8923395309259,8.652449003868051,6587.455282033241,1.0000225460146215
