mean,sd,mc_error,hpd_2.5,hpd_97.5,n_eff,Rhat
8.473481032067438,0.2947243058978589,0.003436269335248586,7.900694990456349,9.036780733599844,6404.387355947232,0.9998419943264241
-407292.82475330227,8714.156419817511,99.71351524066314,-423610.09750491846,-389609.23359991447,5801.49776399904,1.000029458088174
