mean,sd,mc_error,hpd_2.5,hpd_97.5,n_eff,Rhat
9.034861963536459,0.05603975708230503,0.0007680750062071801,8.924720451565868,9.145721028485902,5378.22878860026,1.0000919320910386
