mean,sd,mc_error,hpd_2.5,hpd_97.5,n_eff,Rhat
5.6639098123514815,0.3977644626546347,0.004742323286045429,4.8940080047726955,6.471628305975659,7608.835909055697,0.9999071151700247
-159658.2456021645,15122.962649588511,170.815773972253,-189453.16930680312,-130524.63951045417,7330.981819868757,0.9998812260321502
