mean,sd,mc_error,hpd_2.5,hpd_97.5,n_eff,Rhat
4.8679958162000245,0.6990582265247837,0.012338786314963776,3.495111970559434,6.211356160272004,3100.846472835934,1.0001912364515608
-78042.73420089202,69840.56200941475,1218.2576945006144,-207230.37323183185,58309.239707891036,3092.187431313559,1.0000470369318974
