mean,sd,mc_error,hpd_2.5,hpd_97.5,n_eff,Rhat
2.9845101855568146,0.11912147392652127,0.0018516358682970988,2.7593363511788738,3.224015289757593,4001.1940453549482,1.0000065157501064
-499297.55715081166,684.4738803577646,9.884447223312074,-499999.84356037754,-497901.7971420207,4580.306149792558,0.9999156997258432
