mean,sd,mc_error,hpd_2.5,hpd_97.5,n_eff,Rhat
6.566784564892792,0.176001284518535,0.002530300939616481,6.222160785242255,6.917097038396388,4439.5664640987725,1.0004202693606474
68195.9429495263,6854.87422720476,95.54406061943344,54904.58748395821,81722.74928174472,4387.0067907621205,1.0002186097530634
