mean,sd,mc_error,hpd_2.5,hpd_97.5,n_eff,Rhat
6.599513345464103,0.11232837845579832,0.0012871840408162313,6.3789007809511755,6.815750050980631,5893.034417216187,1.0001659708723305
