mean,sd,mc_error,hpd_2.5,hpd_97.5,n_eff,Rhat
3.690372513651425,0.22181780027391843,0.0028150848909332775,3.2460314313251213,4.119155112548494,5539.143643985718,1.0000075920700016
-234933.1107349996,3969.6034497639616,47.52936115381094,-242532.71181407015,-227100.9270203667,6349.861127346881,0.9998763515200128
