mean,sd,mc_error,hpd_2.5,hpd_97.5,n_eff,Rhat
9.109424586384478,0.1531693134879354,0.0018227719684991146,8.807394076465506,9.404156380682783,6166.97846427659,1.0005988649122306
