mean,sd,mc_error,hpd_2.5,hpd_97.5,n_eff,Rhat
85.8154306398936,11.73756944599355,0.17344252021353918,61.97333674691606,99.99957094426522,4019.847140716211,1.0001487573819092
-368762.2252714715,142543.89307350147,2788.528211409684,-499979.8543189348,-76034.66426148298,3080.0222148943953,1.0003690935877925
