mean,sd,mc_error,hpd_2.5,hpd_97.5,n_eff,Rhat
4.776447492367008,0.09610059177260034,0.0011200397470376598,4.583550161953265,4.962948862508272,5935.431410837968,1.000183535716674
-185785.54683549827,3749.172728689211,49.183069541419165,-192985.61368460127,-178333.26362095308,5309.016372996528,1.0004320346811897
