mean,sd,mc_error,hpd_2.5,hpd_97.5,n_eff,Rhat
7.796039853610118,0.20711103219758964,0.0027134228316530356,7.3871491719697975,8.20138264708216,5376.8127612283115,1.0003671993793903
