mean,sd,mc_error,hpd_2.5,hpd_97.5,n_eff,Rhat
1.3934882454432602,0.30285010497086995,0.005096459781758214,1.0002712454915739,1.9865425840503532,3511.3131479963395,1.0002754242754592
