mean,sd,mc_error,hpd_2.5,hpd_97.5,n_eff,Rhat
74.26071909804455,18.926938004371834,0.271956426801555,37.94657532516188,99.9472139702578,4491.16999196146,1.0001826382462073
