mean,sd,mc_error,hpd_2.5,hpd_97.5,n_eff,Rhat
4.353189830991153,0.39055057341097565,0.014888239754354701,3.55501761650241,5.078369810707184,727.9674091444278,1.0038356794807124
132908.80232933682,94790.8483036949,3751.759804323944,-34297.0956403858,320668.6953226906,665.5531722621502,1.0045558414933098
