mean,sd,mc_error,hpd_2.5,hpd_97.5,n_eff,Rhat
13.81730625855854,0.6373966181871665,0.008993817321128677,12.582313082949423,15.081376903912936,6559.837921509659,1.000017752890236
84890.07717351084,19030.81756935042,210.90315066699048,48019.795490615856,121456.85678978624,6211.540794815209,0.9999675199133371
