mean,sd,mc_error,hpd_2.5,hpd_97.5,n_eff,Rhat
1.0002306741260285,0.00022981026994719963,5.161970676290115e-06,1.000000101530825,1.0006893782718358,2131.8192319067375,1.0004518569684102
-499932.4905741644,64.39641770156663,1.5385897907810329,-499999.9375164007,-499800.2986756058,1689.1086184407789,0.9998659699265994
