mean,sd,mc_error,hpd_2.5,hpd_97.5,n_eff,Rhat
3.949655215831817,0.3323571454126138,0.004707704251309796,3.2761280272212656,4.576239840051716,5185.921665831657,1.0011176058892672
