mean,sd,mc_error,hpd_2.5,hpd_97.5,n_eff,Rhat
9.855747415374084,0.08192517685536536,0.0014470046827588776,9.691675335571823,10.018394962240974,2745.413170302381,1.000172802177586
-437882.9818344721,2860.031862197362,60.831064920477594,-443421.07344583794,-432289.9443920091,2180.1241115683188,0.9999244980194669
