mean,sd,mc_error,hpd_2.5,hpd_97.5,n_eff,Rhat
60.2333796471596,0.8147222821717687,0.010693031118716155,58.6138748842653,61.82230688886607,4933.104664249925,1.0001433130887982
