mean,sd,mc_error,hpd_2.5,hpd_97.5,n_eff,Rhat
5.0605606812603225,0.13612901074794176,0.0018366004535373247,4.800831159473067,5.327469690144316,5449.867551465899,1.0001614123775908
-162301.4709790783,5837.27845088249,74.78750734851965,-173329.76861738114,-150756.29912232808,6010.80882498842,0.9998026672493039
