mean,sd,mc_error,hpd_2.5,hpd_97.5,n_eff,Rhat
6.360187246017123,0.06502696189450426,0.0007410287778333395,6.231398919907354,6.4848639904248,6186.261421682218,0.9998809556853829
