mean,sd,mc_error,hpd_2.5,hpd_97.5,n_eff,Rhat
4.001076106909399,1.5272788420502519,0.04944745104522727,1.1051318352587025,6.716893574478977,817.1455405588345,1.0067757614765498
-240517.58836110262,15354.680452961524,315.47201802750396,-270189.4803524368,-208211.20103642755,2742.8016835265594,1.001212200687653
