mean,sd,mc_error,hpd_2.5,hpd_97.5,n_eff,Rhat
10.338723622621883,0.2924938450071311,0.005469405080256589,9.735870792532008,10.875201482262208,2457.3408961549158,1.0007744520841655
-232805.34219649446,14195.150799173709,278.7655580078109,-261078.16297198,-205486.2249267918,2321.426501655145,1.0015288532076028
