mean,sd,mc_error,hpd_2.5,hpd_97.5,n_eff,Rhat
7.739413594712363,0.35056997688173297,0.004509754443945633,7.073875533263709,8.44664694052524,5346.141191388309,1.000233670638022
