mean,sd,mc_error,hpd_2.5,hpd_97.5,n_eff,Rhat
5.702515589846064,0.12751917423885473,0.0017349617482135056,5.462343578569216,5.96025436108495,5441.88870712467,1.0002572800514653
