mean,sd,mc_error,hpd_2.5,hpd_97.5,n_eff,Rhat
7.6711173280285045,0.31439317333789285,0.00396441123028183,7.053809703430699,8.261853162975155,6119.110382517732,0.9997744186944071
-305249.2928034084,14437.246106916893,163.42177057489715,-333099.32619773014,-276761.0131338856,5766.929989446479,0.9999030731038322
