mean,sd,mc_error,hpd_2.5,hpd_97.5,n_eff,Rhat
6.639142383548515,0.5397694546485308,0.007658530375567964,5.6126237886815895,7.720276030887909,4938.27127665203,0.9997847795695769
-218871.2260747698,25076.044999264683,355.62364721337514,-265494.2894456503,-168367.3305611012,4626.729779097128,1.0001297798873747
