mean,sd,mc_error,hpd_2.5,hpd_97.5,n_eff,Rhat
5.676727514151304,0.39749407808220066,0.005232870122740062,4.951861236310016,6.481660340210291,5734.695941567819,1.0001912946829825
