mean,sd,mc_error,hpd_2.5,hpd_97.5,n_eff,Rhat
5.214076273235645,0.2071526680310719,0.002324443117289045,4.8257199145594845,5.628419434928924,7212.426576425713,1.0002272344719976
-89476.70273930812,30702.34928276211,372.17461582695927,-151498.44619252317,-31221.1345053221,7453.715349618421,1.0000875554471673
