mean,sd,mc_error,hpd_2.5,hpd_97.5,n_eff,Rhat
8.316857810105017,0.10220074433029198,0.001303572178844985,8.121577705902174,8.52209103386184,5782.130989404691,1.000053680951175
