mean,sd,mc_error,hpd_2.5,hpd_97.5,n_eff,Rhat
5.688000650506477,1.7146612135747006,0.018437486505642482,2.4383941848295123,9.38493610079766,10615.000711277804,1.0000367950920042
-134837.04162803487,70067.41832713933,744.6404214247946,-282014.6838448734,986.9164881692872,9364.617977812773,1.0000167682443728
