mean,sd,mc_error,hpd_2.5,hpd_97.5,n_eff,Rhat
6.264584327865402,0.26487956491626996,0.0031676952781836236,5.775233316717028,6.8113276652553365,7320.370876812458,0.9999859348977056
-263986.19266697095,9243.669423850042,94.42903183010543,-281874.1405330967,-245960.48525360692,7120.604631946354,1.0001083302276055
