mean,sd,mc_error,hpd_2.5,hpd_97.5,n_eff,Rhat
15.237737795817894,0.9830729185527493,0.021316101524291108,13.325376074281678,17.115122328760368,2102.6017740526017,1.0041098317425015
-285888.41383495857,38037.08158828354,845.6111925362535,-356373.34331515647,-208577.48542944816,1789.7491660257647,1.0032304107256216
