mean,sd,mc_error,hpd_2.5,hpd_97.5,n_eff,Rhat
7.041951073481677,0.17641143829552047,0.0026630652425541764,6.693976600579424,7.3843216518754815,5250.6544690623305,1.0008426376297794
