mean,sd,mc_error,hpd_2.5,hpd_97.5,n_eff,Rhat
7.435241140324837,0.24976920150048518,0.002889331693603765,6.970934178951557,7.941490684828999,6290.654742838627,0.9998567460056803
-228604.2969194009,12921.402231861803,145.2707423853121,-252900.3134476136,-202340.90908008124,6708.384793873673,1.0002277685451821
