mean,sd,mc_error,hpd_2.5,hpd_97.5,n_eff,Rhat
6.813259460967312,0.09597310540411541,0.0012098130378912875,6.62648819452865,7.001985618760505,5377.755563217526,0.9998679026166541
