mean,sd,mc_error,hpd_2.5,hpd_97.5,n_eff,Rhat
4.97620533054539,0.09704383181331463,0.0016342269819100222,4.784935483827915,5.167543302110241,3689.1769903840313,1.0009001784174452
-268117.1678241548,3805.308707547303,65.35862201203437,-275588.32505345816,-260765.87944912814,3634.280287507243,1.0005525751751962
