mean,sd,mc_error,hpd_2.5,hpd_97.5,n_eff,Rhat
9.106845236097467,2.2070181173534764,0.020029899919939073,4.576039373598911,13.216751845198848,11498.135296661934,1.0000374600956874
