mean,sd,mc_error,hpd_2.5,hpd_97.5,n_eff,Rhat
5.705801453085949,0.34727917708610956,0.00410037330180698,5.046387486347935,6.401383108523132,5786.027952532733,1.0003432223981301
