mean,sd,mc_error,hpd_2.5,hpd_97.5,n_eff,Rhat
8.8642731924509,0.43127038053944955,0.009328001396848756,8.03008010381998,9.724256317509884,2166.692354806428,1.0005084106033477
-62502.462599224076,25414.036818390312,568.228709769455,-111882.48084105462,-12560.906365977731,2024.2421115869604,1.000568978581542
