mean,sd,mc_error,hpd_2.5,hpd_97.5,n_eff,Rhat
20.960039995866268,0.9570683375859268,0.011510291674967416,19.067583801088333,22.805872997970955,5855.8682781908765,0.9998655095426179
