mean,sd,mc_error,hpd_2.5,hpd_97.5,n_eff,Rhat
5.203971996640804,0.6637413083885115,0.009119576410625383,3.9844330402329753,6.561585577257276,5166.888661924453,0.9999726504377257
