mean,sd,mc_error,hpd_2.5,hpd_97.5,n_eff,Rhat
8.495945289000558,0.201663477089254,0.002683523428830052,8.105645124235918,8.891722670797117,5430.36653557165,1.000796653459509
