mean,sd,mc_error,hpd_2.5,hpd_97.5,n_eff,Rhat
8.147582349572621,0.210718948350047,0.002579395677668946,7.737403081086605,8.558023942131094,5412.179136634845,1.0002046757733845
-312383.48967599095,9685.897929531646,160.39795387989616,-331063.4674030891,-293124.0257646194,4783.714817280857,1.0001686161143832
