mean,sd,mc_error,hpd_2.5,hpd_97.5,n_eff,Rhat
11.257623786187619,0.3502156980064247,0.007004581542574703,10.598227118880784,11.954120371386804,2578.541374633272,1.0003843134027997
-388216.87054562615,17962.757565673863,334.8939470547922,-424175.20609359816,-354289.0568703261,2572.29390287729,1.0004736842902915
