mean,sd,mc_error,hpd_2.5,hpd_97.5,n_eff,Rhat
6.831082006727823,0.3056128838145682,0.003970812855688502,6.225063317092602,7.408742120545594,5521.96727268589,0.9998917659532761
