mean,sd,mc_error,hpd_2.5,hpd_97.5,n_eff,Rhat
7.800809002958062,0.32607125022437206,0.0038800933714378378,7.173780957570105,8.440050926755772,5559.617721162404,1.0000759737304756
