mean,sd,mc_error,hpd_2.5,hpd_97.5,n_eff,Rhat
4.144389395079318,0.09350762053997014,0.0012421189756030705,3.972486591152518,4.335191083478973,5489.3758481494915,1.000016638199933
