mean,sd,mc_error,hpd_2.5,hpd_97.5,n_eff,Rhat
6.846071540665336,0.09944078591219795,0.001254021365429662,6.648641405317795,7.0333406207490565,6366.2334601240245,1.0000951229952453
