mean,sd,mc_error,hpd_2.5,hpd_97.5,n_eff,Rhat
6.9241635648209385,0.22274027306934246,0.0029984026592597434,6.505868380702158,7.380005884760035,5096.709747298128,1.000329838430156
