mean,sd,mc_error,hpd_2.5,hpd_97.5,n_eff,Rhat
7.3683347624307025,0.12717498597115034,0.0016667334800755378,7.120493260691394,7.616046977508583,5158.483947816744,1.0000391427603217
