mean,sd,mc_error,hpd_2.5,hpd_97.5,n_eff,Rhat
6.775905215151314,0.138137035489328,0.0017458895449522077,6.515728325668214,7.054852714396288,6424.873145831946,1.0002639981815995
