mean,sd,mc_error,hpd_2.5,hpd_97.5,n_eff,Rhat
2.9829126369549384,0.12198246405440798,0.002237916475038742,2.750936624388581,3.224213995266594,3340.891574738982,1.000484761804782
-499262.6287179246,731.2793815918252,9.75726421353585,-499999.10262186406,-497793.2915215136,4869.6559943160555,1.000268972961538
