mean,sd,mc_error,hpd_2.5,hpd_97.5,n_eff,Rhat
15.661990131579456,0.8161381974562854,0.012327301508401741,14.12683041771127,17.339254584315125,5498.358249570204,1.000534480429704
99441.24157266736,53485.64122309288,688.4845069378194,-4188.651134868104,204578.07649830618,6470.125508435866,0.9998351537431553
