mean,sd,mc_error,hpd_2.5,hpd_97.5,n_eff,Rhat
5.19471545896675,0.07343480700422239,0.0010502782170561335,5.04802927469904,5.331942933988165,5075.4433399310965,0.9998871143204635
