mean,sd,mc_error,hpd_2.5,hpd_97.5,n_eff,Rhat
10.62166083198949,0.40254322312107926,0.005555720831352499,9.874412256294246,11.44546658050788,4704.852368419367,1.001115626040925
