mean,sd,mc_error,hpd_2.5,hpd_97.5,n_eff,Rhat
7.733388552158414,0.15136960178603306,0.0020185495798673327,7.43619012396633,8.028331752173235,6082.2157159509425,1.000030099972568
