mean,sd,mc_error,hpd_2.5,hpd_97.5,n_eff,Rhat
6.258209219013532,0.09424678970101863,0.001594692389828098,6.064855555008105,6.4314425548656375,3109.033086110076,0.9998579514206966
-89222.96450266999,5844.801249880295,100.05904724696401,-100488.48819138967,-77798.22270489456,3487.8256271983646,0.9999372266916372
