mean,sd,mc_error,hpd_2.5,hpd_97.5,n_eff,Rhat
4.95829377697076,0.24251951921832773,0.003785693676773997,4.505621725360529,5.461573793894688,4728.694151023588,0.9998088538875423
-89633.57566102504,8216.137512320658,100.67263528503713,-106332.11002571552,-74508.18935848241,5186.411382074894,0.9999003345289047
