mean,sd,mc_error,hpd_2.5,hpd_97.5,n_eff,Rhat
6.883874066146107,0.568824020021885,0.012934706978666203,5.86322043608657,8.069469387867466,2155.8669756625804,1.0012461042045542
-249948.56602613424,38598.56185112173,897.6105287019793,-326260.94765242934,-177468.22505754413,2055.0908908923584,1.0012872697367925
