mean,sd,mc_error,hpd_2.5,hpd_97.5,n_eff,Rhat
6.039703026681021,0.11202626844821195,0.001365717420120725,5.821034629545051,6.255915789725397,5350.550306821181,1.00003013215847
