mean,sd,mc_error,hpd_2.5,hpd_97.5,n_eff,Rhat
10.039308843002669,0.29133215957068326,0.0035911792974203183,9.468591537210093,10.60764832138125,5955.098309139311,0.9998971360364007
