mean,sd,mc_error,hpd_2.5,hpd_97.5,n_eff,Rhat
12.409736220841852,1.2770394826214064,0.04710900634471828,10.321798647646338,15.127985708890453,640.2816668981197,1.0060637038523301
-463244.26034028194,32140.58003825871,1165.9604734632119,-499998.83438838087,-401676.4146362598,656.7631414293658,1.004262021451127
