mean,sd,mc_error,hpd_2.5,hpd_97.5,n_eff,Rhat
7.663437566589023,0.3104073744034782,0.003426824357888191,7.067432400749665,8.278755998628304,7742.123981411582,1.0000200730299462
-114814.75677675825,13506.70663086501,147.6939683247571,-141751.26441789916,-89618.61732995485,8278.720655466277,0.9997860075314393
