mean,sd,mc_error,hpd_2.5,hpd_97.5,n_eff,Rhat
4.585756893930957,0.25014105170100165,0.003053234030978724,4.082736734006197,5.067090144580303,5914.698872166769,1.0012570822298954
-191584.6443336082,6314.636144151366,80.50066419004614,-203776.94455829548,-179320.9921035479,6827.650086882809,1.0000787954240926
