mean,sd,mc_error,hpd_2.5,hpd_97.5,n_eff,Rhat
8.5688363198199,0.19964619977110115,0.0028175897904709657,8.171330347868807,8.945659987736525,4987.444792887726,0.9998953528024974
