mean,sd,mc_error,hpd_2.5,hpd_97.5,n_eff,Rhat
6.961740812998803,0.4081070843956225,0.0050919893811529875,6.1657588077953065,7.755656105963041,5868.9055427069925,0.999857261923868
