mean,sd,mc_error,hpd_2.5,hpd_97.5,n_eff,Rhat
5.903894418161561,0.26157390473556763,0.003121775300383678,5.426817472495579,6.436048907405398,6810.041420776513,1.000050954662289
-322661.039946351,7844.578044230076,93.32467356880728,-337450.76628688833,-306222.42849028663,7093.552280503249,1.000006411149761
