mean,sd,mc_error,hpd_2.5,hpd_97.5,n_eff,Rhat
8.816929175684132,0.3459060337031336,0.004278257606217752,8.122298887975042,9.479149504073932,5513.192394733765,1.0007628400464124
