mean,sd,mc_error,hpd_2.5,hpd_97.5,n_eff,Rhat
8.95444216008569,0.21021432610301655,0.0037503371578286662,8.564680582699678,9.379023463133032,3140.122972427329,1.000299086728922
365523.1360003509,8024.8721848331625,142.2550463288216,350602.2052986354,381907.2700050904,3180.0609306649085,1.000072935205104
