mean,sd,mc_error,hpd_2.5,hpd_97.5,n_eff,Rhat
3.7327502934916237,0.25505368137869305,0.0026014929417237146,3.2823799981154624,4.268734026315457,7389.785721299485,1.000009139230341
-211940.92163569856,5324.155290580934,64.08084128033644,-222377.77043142132,-201313.55854339566,7908.290707884905,1.0000504634192173
