mean,sd,mc_error,hpd_2.5,hpd_97.5,n_eff,Rhat
10.835591573820173,0.2552401446560663,0.0034702707890238065,10.350529734288164,11.343952487322733,5923.623563421772,0.9998933959051998
