mean,sd,mc_error,hpd_2.5,hpd_97.5,n_eff,Rhat
8.158330769503307,0.2558633506559815,0.003247838442392107,7.655800760459359,8.658400025951943,5077.032282270613,0.9997851012590301
-150589.40170844973,20928.628496050093,243.73940678578305,-190494.5684216139,-107875.967904209,6307.98206123486,1.0000048068297955
