mean,sd,mc_error,hpd_2.5,hpd_97.5,n_eff,Rhat
12.76014928755038,0.8120435672550981,0.012063104789181826,11.203170439539262,14.36998970982068,4761.758432595818,1.0011764012112083
