mean,sd,mc_error,hpd_2.5,hpd_97.5,n_eff,Rhat
7.044983668592996,0.2732611761176516,0.0032076594190195403,6.483641065052079,7.55494335956133,6280.594678689364,1.0001316231067783
