mean,sd,mc_error,hpd_2.5,hpd_97.5,n_eff,Rhat
17.684428610269322,0.388804425326444,0.004630940412798441,16.912758221701104,18.44423602375398,6278.122724033189,1.0000943669486964
265017.8268768051,23958.538888632113,319.5074087379527,217548.9763238696,311761.5075121656,5768.030647817352,1.000545653870029
