mean,sd,mc_error,hpd_2.5,hpd_97.5,n_eff,Rhat
11.684338094132078,0.30638654040637914,0.004035512995907335,11.070448257835231,12.267835092648648,6323.01349367619,1.0000624729445287
