mean,sd,mc_error,hpd_2.5,hpd_97.5,n_eff,Rhat
8.089892096142806,0.1637456084073314,0.0019914233476433793,7.7610832590248995,8.39608371719068,7086.805276590357,0.999969792460581
-146877.1211682164,7774.212972070065,73.50933506069829,-162327.26080898824,-131996.6462560495,6899.976074157299,0.9999789906738934
