mean,sd,mc_error,hpd_2.5,hpd_97.5,n_eff,Rhat
9.407334209055804,0.18085229727627858,0.0021478535404957197,9.06759340685649,9.770646853145552,6882.039263850643,0.9998647734425529
-50344.47230028419,18268.055074231004,222.12051006011433,-87233.04859530073,-15636.783683409873,7001.139546173153,1.0000906394996132
