mean,sd,mc_error,hpd_2.5,hpd_97.5,n_eff,Rhat
15.422808660712496,0.6836799413334438,0.010184057074394553,14.062148008513969,16.759532467417884,5198.697358550666,1.0003319257473868
