mean,sd,mc_error,hpd_2.5,hpd_97.5,n_eff,Rhat
8.656591781335996,0.26287013534961534,0.003589502841923929,8.141480325081002,9.173367901750968,5247.092575681269,0.9998532112525884
