mean,sd,mc_error,hpd_2.5,hpd_97.5,n_eff,Rhat
7.259263154680736,0.27258035162403793,0.004573683885793144,6.75068972147012,7.810295967106002,4740.751987475963,1.0000087064350296
-498557.98126514343,1381.86576656675,18.160105165391677,-499999.77966995357,-495761.9027658932,5683.63643282047,1.0000633048023417
