mean,sd,mc_error,hpd_2.5,hpd_97.5,n_eff,Rhat
7.517816193128307,0.1287279948124344,0.0017862526252069774,7.271980067214034,7.776499042805991,5589.043774358729,1.0000849718569664
