mean,sd,mc_error,hpd_2.5,hpd_97.5,n_eff,Rhat
8.021719881405405,0.24794786004651045,0.002761653778380966,7.541182119217802,8.51352665558125,6906.661418052108,0.9999600646457484
-114329.52606720704,21765.739296226908,250.74465796885593,-158488.8503205819,-72526.8328216645,6130.939968423869,0.999890811988544
