mean,sd,mc_error,hpd_2.5,hpd_97.5,n_eff,Rhat
10.157350901418598,0.2858410008925962,0.0034598463205126294,9.619491386770097,10.736820878495019,7423.843950476686,0.9998543518766068
-11245.90117566682,10883.772525187538,136.90061255858296,-33373.2621382779,9358.187667543372,7093.449543113569,0.9999553011604894
