mean,sd,mc_error,hpd_2.5,hpd_97.5,n_eff,Rhat
59.00756432377502,6.634435665732206,0.10777799642023508,46.454528888559686,71.70235582751594,3766.260960332219,0.9999690711008271
