mean,sd,mc_error,hpd_2.5,hpd_97.5,n_eff,Rhat
6.86706851345888,0.08802076057536491,0.0010633551108579667,6.690920808950378,7.034886323865689,4922.124073957902,0.9998837548409202
