mean,sd,mc_error,hpd_2.5,hpd_97.5,n_eff,Rhat
8.902689069664012,0.43010889841314026,0.005818181193117086,8.077113381721349,9.756359912023663,5787.7513316926625,1.000193937672441
