mean,sd,mc_error,hpd_2.5,hpd_97.5,n_eff,Rhat
11.389845753518319,0.3041557582801451,0.0046501318084884845,10.818512809952878,11.995916786961942,4231.708778966627,0.9998968906284282
-210739.2111413576,18654.43201292705,304.5005190245215,-245529.06836207173,-173014.90252761403,3947.51440307214,1.0001462201505094
