mean,sd,mc_error,hpd_2.5,hpd_97.5,n_eff,Rhat
6.625259758361969,0.09160958228688071,0.0010514886559699777,6.451377886916903,6.814599365429577,5812.526573084494,1.0000127989625378
