mean,sd,mc_error,hpd_2.5,hpd_97.5,n_eff,Rhat
5.905145314880064,0.0805557465541749,0.0010225353647191526,5.750606594616557,6.070296375836839,5484.201284283721,1.0000873219846034
