mean,sd,mc_error,hpd_2.5,hpd_97.5,n_eff,Rhat
3.7924483934257505,0.8979716749751805,0.021089339663668872,1.8901051414309902,5.394896547882812,1334.4689023855415,1.0000256527994011
65324.81199535394,136040.0293083475,3578.901763821209,-157831.58857071656,373407.30425637594,1157.189807384905,1.000539504968056
