mean,sd,mc_error,hpd_2.5,hpd_97.5,n_eff,Rhat
4.634035620154615,0.18898993359042252,0.00434200119426154,4.279304676713733,5.0120214204018225,2000.5071425438516,1.0000655826722313
27974.052716205002,9171.175104174949,211.3929318354907,10154.91052625217,45954.76860582803,2020.893940988156,1.0002377657923547
