mean,sd,mc_error,hpd_2.5,hpd_97.5,n_eff,Rhat
7.267000933402812,0.15264311016212004,0.002015173132612761,6.9763474097655,7.570765617318244,5611.834220354651,0.9999166193971949
