mean,sd,mc_error,hpd_2.5,hpd_97.5,n_eff,Rhat
8.211333306271694,0.28546819450125827,0.0037966436349637055,7.658697831083041,8.776974075366084,5300.037619454805,1.0002995253595872
