mean,sd,mc_error,hpd_2.5,hpd_97.5,n_eff,Rhat
5.980107027194106,0.33763831210000544,0.004542682323702779,5.324673312998745,6.641775029050922,5965.75662084858,0.9999004346622546
