mean,sd,mc_error,hpd_2.5,hpd_97.5,n_eff,Rhat
12.935077212539715,0.23356688928011873,0.0028982056567666017,12.45739934605436,13.37133378303925,6141.664642686668,1.0002148333002034
