mean,sd,mc_error,hpd_2.5,hpd_97.5,n_eff,Rhat
3.834366327755978,1.5111195421739076,0.034597401066964656,1.005786693931233,6.470367875425783,1808.9473475697,1.0004077618271174
-107887.44397702116,115568.62335636796,2670.4428379743977,-328836.33540530317,100706.0756083955,1749.1239400474403,1.0003750532675746
