mean,sd,mc_error,hpd_2.5,hpd_97.5,n_eff,Rhat
6.958078598816275,0.1536323649450505,0.0016792634941383542,6.6608201044727675,7.258470952369877,5982.037250210532,0.9999439395343781
