mean,sd,mc_error,hpd_2.5,hpd_97.5,n_eff,Rhat
10.075798122686976,0.2052889792182167,0.0023456912409399898,9.67165378480976,10.474761225091195,5705.271542208908,1.000079682703284
