mean,sd,mc_error,hpd_2.5,hpd_97.5,n_eff,Rhat
8.03168653921209,0.4568380726733799,0.0053132278188599245,7.170284556646881,8.976883439940762,5207.158185833427,1.0004049253207792
