mean,sd,mc_error,hpd_2.5,hpd_97.5,n_eff,Rhat
8.995695216220643,0.17470284433819339,0.0020048988246137425,8.670066620180572,9.352358586551892,7002.105257107273,0.999772267221618
-144195.47573090874,10630.690505065508,125.12981132349402,-164865.33199904268,-123531.00986447929,6537.570005580496,0.9999194720356497
