mean,sd,mc_error,hpd_2.5,hpd_97.5,n_eff,Rhat
95.707441034619,3.9228757884742254,0.06312159703526189,87.74621645829107,99.99952866117006,4765.52301491572,0.9999858259745565
