mean,sd,mc_error,hpd_2.5,hpd_97.5,n_eff,Rhat
6.902932518481683,0.2111274984848968,0.0028623581197530167,6.475440402580765,7.298873332336117,5096.809886015865,1.0000134710272197
