mean,sd,mc_error,hpd_2.5,hpd_97.5,n_eff,Rhat
8.300074131551414,0.20984263889067684,0.0026362250285001353,7.90221336738413,8.724507555584122,6124.1919156915865,1.0000622252609677
