mean,sd,mc_error,hpd_2.5,hpd_97.5,n_eff,Rhat
94.16868559059087,5.4236016847525,0.09975820992881446,82.95176964549036,99.99717843739158,3472.0635448072085,0.9999995371027244
-451914.4827122134,47997.411637736346,1094.852555374066,-499985.14087122254,-356806.65969370067,2415.643042664218,1.0014248806874915
