mean,sd,mc_error,hpd_2.5,hpd_97.5,n_eff,Rhat
6.329528600040113,0.3292647046400987,0.004512982362530431,5.670044145659471,6.954750897828878,4856.523327486382,1.0000543992835098
