mean,sd,mc_error,hpd_2.5,hpd_97.5,n_eff,Rhat
11.682884141951115,0.32725341628588406,0.004778479542810177,11.033977336157895,12.31169617916507,5604.170444230977,1.000177622399294
