mean,sd,mc_error,hpd_2.5,hpd_97.5,n_eff,Rhat
6.900588292704665,0.12667978884293551,0.0019348206744467713,6.653370054528822,7.153031949283237,4904.010359685321,0.9997911472038408
-74829.97340148251,4571.987710885599,63.57331346431469,-84135.77882419188,-66253.14909025986,5130.687742499943,1.0000337125907794
