mean,sd,mc_error,hpd_2.5,hpd_97.5,n_eff,Rhat
10.310349457918024,0.4300133305418501,0.006045544687615165,9.46662736253993,11.149923052696108,6088.716968408768,1.0000584696370445
