mean,sd,mc_error,hpd_2.5,hpd_97.5,n_eff,Rhat
4.108368197015477,0.16521960302261215,0.002092612538722629,3.774332472863427,4.423271347157421,6028.616214604565,0.9999039108003928
-159916.2468888795,4061.392991469622,55.73921188324648,-167662.82086121588,-151860.17523193918,5681.275991253728,1.0000027499913209
