mean,sd,mc_error,hpd_2.5,hpd_97.5,n_eff,Rhat
5.67754039778814,0.17623095093127183,0.002440726509992781,5.329568049456753,6.023456893611651,5874.737721207728,1.0005005246072267
