mean,sd,mc_error,hpd_2.5,hpd_97.5,n_eff,Rhat
7.442979475555534,0.16858927214133454,0.0023477399322704537,7.107840347225497,7.766712944911554,4555.618507188112,1.000221495130688
-107105.01058020997,6577.627552322637,82.46501245486036,-119765.16714927071,-94141.18369343522,4700.268813085207,0.9999947169773422
