mean,sd,mc_error,hpd_2.5,hpd_97.5,n_eff,Rhat
7.676269649194983,0.6660556404421053,0.009690659707445435,6.433130781980918,9.055742879759574,4739.118527999332,0.9999401061350841
