mean,sd,mc_error,hpd_2.5,hpd_97.5,n_eff,Rhat
7.465969338221796,0.26900104341282316,0.003307954429955062,6.946961890271056,7.994172330552098,5063.935707612801,1.000323544617569
