mean,sd,mc_error,hpd_2.5,hpd_97.5,n_eff,Rhat
5.412364002563885,0.19568359201638774,0.00222122265363654,5.032561849636682,5.799591420435505,6822.466863932044,1.0000768817411052
