mean,sd,mc_error,hpd_2.5,hpd_97.5,n_eff,Rhat
4.182177198866745,0.18808979983928484,0.0021540998360297927,3.8148596041778844,4.553896655202679,6973.169099418155,1.0000848116176964
-185123.34686211744,5013.622395798224,63.91643564466627,-194368.64871826943,-174766.45593200147,6678.959682263818,1.0000150583675393
