mean,sd,mc_error,hpd_2.5,hpd_97.5,n_eff,Rhat
5.288460095192335,0.1953680052309917,0.0027050333772040656,4.905553774742533,5.667943669207133,4277.387295324114,1.0001142817791804
-249741.28900458498,8968.58962620437,129.7850319213988,-266778.31849127245,-231831.59606567232,4428.236339915857,1.000094672669939
