mean,sd,mc_error,hpd_2.5,hpd_97.5,n_eff,Rhat
28.10367840676437,1.236628849367505,0.015046943916903626,25.72902280946795,30.543154780944946,5506.573961818173,0.9999396305530717
