mean,sd,mc_error,hpd_2.5,hpd_97.5,n_eff,Rhat
32.00272800478531,1.2257818967362513,0.016980327392633797,29.562810869484302,34.350211185977344,5054.167327622513,1.0006306079776972
