mean,sd,mc_error,hpd_2.5,hpd_97.5,n_eff,Rhat
13.495159120524233,0.6416149868868959,0.008121175124621202,12.22739812942209,14.742541898755551,6137.548000986873,1.000207929633779
