mean,sd,mc_error,hpd_2.5,hpd_97.5,n_eff,Rhat
32.160408047180574,1.2407134009574523,0.023830465836194532,29.748516540858947,34.57387536903178,2718.67192271243,1.000095543969035
94698.4639101164,29794.950199893665,610.4351920430647,38316.73630891874,154679.85794310068,2462.2356399217465,1.0009355048256583
