mean,sd,mc_error,hpd_2.5,hpd_97.5,n_eff,Rhat
5.084122489830568,0.1500934408397755,0.001784607855040843,4.803308242231068,5.391986679479117,5036.0849608839,1.0000962672942966
