mean,sd,mc_error,hpd_2.5,hpd_97.5,n_eff,Rhat
4.644051485658599,0.2409856983233848,0.002900722470217157,4.171381158948462,5.113480322806311,6249.6905493860795,1.0004758524534119
-176583.9066774717,8124.468454752265,104.53111094517922,-191927.09132456905,-160165.82586295163,5769.385219795527,0.9999063607491977
