mean,sd,mc_error,hpd_2.5,hpd_97.5,n_eff,Rhat
6.819245018484147,0.11375252986655536,0.001314592780109022,6.598201194738984,7.04454796261352,6383.937451015673,1.0000747610809078
