mean,sd,mc_error,hpd_2.5,hpd_97.5,n_eff,Rhat
3.2627217009984477,0.05804686204208836,0.0007148972557018357,3.154294632674518,3.3799292580848226,5111.5240955975,1.000447315757566
