mean,sd,mc_error,hpd_2.5,hpd_97.5,n_eff,Rhat
13.768149716334992,0.6124616609551001,0.008520453248860683,12.600259080765829,14.980688192089652,5002.367559239956,1.0007420193658776
269712.8319681953,12148.40444505677,170.18171932409876,246398.0505724801,293614.3219619328,4548.025334587094,1.000200977347391
