mean,sd,mc_error,hpd_2.5,hpd_97.5,n_eff,Rhat
8.769030777750386,0.34048267599614046,0.004412261869120946,8.140735528928968,9.470193996398683,5701.0256838845025,0.9998846929016202
