mean,sd,mc_error,hpd_2.5,hpd_97.5,n_eff,Rhat
6.7190752257343025,0.10598908890592239,0.001194833309698136,6.5045480894134275,6.918466080685057,6258.081391398064,1.000059383370991
