mean,sd,mc_error,hpd_2.5,hpd_97.5,n_eff,Rhat
6.698096130367647,0.08738891971693374,0.0011780899147221754,6.5291058223159215,6.866626193522898,5283.75119990034,0.9999643856338123
