mean,sd,mc_error,hpd_2.5,hpd_97.5,n_eff,Rhat
8.104428847813153,0.25636522342818535,0.0031475079916133317,7.611009945296955,8.61169698578343,6507.95108864866,1.0001484719532587
