mean,sd,mc_error,hpd_2.5,hpd_97.5,n_eff,Rhat
4.092300248232285,0.4103352853027014,0.009024358362215648,3.302290430177365,4.891083340453682,1868.1066969307808,1.0017991723357957
-268281.24187689665,15406.827264866166,342.45163438378756,-297573.1473751702,-236729.71438123376,1799.1555665000994,1.001734375826484
