mean,sd,mc_error,hpd_2.5,hpd_97.5,n_eff,Rhat
3.349200588587068,0.1629239980760901,0.003591778401217674,3.0171207783352605,3.648662932272384,1817.8836337623404,0.9998344861554003
-87507.67047987634,6030.913060498201,136.07787749670567,-98847.58975476293,-75466.85739482062,1785.1499115667757,0.9998340064767832
