mean,sd,mc_error,hpd_2.5,hpd_97.5,n_eff,Rhat
4.790720406584005,0.4858811788156894,0.009834283762228755,3.8642304371373943,5.759004560968122,2341.0260656551386,1.001139579240776
-139375.66510436992,14450.21881656817,307.35809903912093,-165920.9895557922,-110085.78266588831,2098.5006167742526,1.0022942355462316
