mean,sd,mc_error,hpd_2.5,hpd_97.5,n_eff,Rhat
7.085972827228873,0.0859942115330049,0.0017538960644798416,6.913549303775951,7.24913769644734,2559.5154510131433,1.0001177107036643
34419.54631311881,3159.147464749643,67.69450960361489,28159.6138430682,40577.46584980315,2451.861772838984,1.0001019555828692
