mean,sd,mc_error,hpd_2.5,hpd_97.5,n_eff,Rhat
4.882046052636694,0.6972059139464549,0.015400997861406246,3.5581860862820487,6.269150430073285,2062.2602519125367,1.001022138814191
-319049.60645401804,15116.847855944066,348.3606332464849,-347032.0008857977,-288188.64236916247,1897.3770181093178,1.0010533553190077
