mean,sd,mc_error,hpd_2.5,hpd_97.5,n_eff,Rhat
3.588570658607339,0.23521966522643878,0.004844562064190679,3.1185905892210566,4.03786393667027,2026.9258578182128,1.0003191007518575
-124099.6376130908,6413.077239005018,128.50474293910162,-136935.65195443635,-112128.30588059974,2084.8076428442573,1.0004673906932484
