mean,sd,mc_error,hpd_2.5,hpd_97.5,n_eff,Rhat
3.401781440077485,1.1364334595188998,0.04111742984558577,1.0271358338267877,5.261263862246357,671.329260260166,1.001474497147544
-228596.2358317482,62410.59787704387,2350.5936158007394,-357187.1375663313,-115912.59468028281,613.3852499856707,1.0013174574126282
