mean,sd,mc_error,hpd_2.5,hpd_97.5,n_eff,Rhat
99.91695575626082,0.08016275339335195,0.0012525766993299469,99.76018482864252,99.9999921853974,4418.65701065384,1.000136214571333
