mean,sd,mc_error,hpd_2.5,hpd_97.5,n_eff,Rhat
1.0023117399796844,0.002320799945685298,2.9976378830185824e-05,1.0000000883909739,1.0069229059592706,4742.4159707775025,0.9999876444009173
