mean,sd,mc_error,hpd_2.5,hpd_97.5,n_eff,Rhat
14.41443203527893,0.6288864076723015,0.00830583976234091,13.170350744941581,15.65102247682623,4814.706649419525,1.000691594392522
