mean,sd,mc_error,hpd_2.5,hpd_97.5,n_eff,Rhat
4.63772993187547,0.36992718192510415,0.006714051649002096,3.8964154845565,5.3352701482982186,2841.8989902910757,1.0000389594495236
-215796.07731177987,18795.23474686759,343.4048080578487,-252326.3529677693,-178836.75448489623,2553.536900054468,1.000086598299129
