mean,sd,mc_error,hpd_2.5,hpd_97.5,n_eff,Rhat
6.595628103939415,0.15428157254037636,0.002156958271084216,6.286988253348548,6.887755501185688,5749.520490596676,0.9999921097263791
-280225.1139730662,8392.791831067292,109.6387142489064,-296388.5578508538,-263605.6790408842,6315.410565704145,1.0000372576584384
