mean,sd,mc_error,hpd_2.5,hpd_97.5,n_eff,Rhat
5.065281085346137,0.07998586585761279,0.0010235411510842612,4.903490176622298,5.216259019731415,5367.231788771283,1.000282867915788
