mean,sd,mc_error,hpd_2.5,hpd_97.5,n_eff,Rhat
7.630031576089443,0.3015636099700562,0.0035833038855122546,7.0443651837725305,8.226330639582754,7358.625773048451,1.0008624132562751
-31318.953025077728,10896.605276151478,131.3111158948336,-51736.68920327362,-9019.246775117062,7349.575946591753,1.0000481819001652
