mean,sd,mc_error,hpd_2.5,hpd_97.5,n_eff,Rhat
7.1116130587529,0.1349780572656567,0.0019121443388264027,6.852887862624661,7.377852293252107,5223.151498585462,1.0002431762908577
