mean,sd,mc_error,hpd_2.5,hpd_97.5,n_eff,Rhat
8.48405071207588,0.170363036797147,0.0024148187094117654,8.140449849590182,8.810203946390102,5134.030593594432,1.0004216850604546
