mean,sd,mc_error,hpd_2.5,hpd_97.5,n_eff,Rhat
11.933439271316228,0.2639364343597923,0.0035500979439928894,11.398436452706004,12.440789991145543,5299.158646657391,1.000111963541123
