mean,sd,mc_error,hpd_2.5,hpd_97.5,n_eff,Rhat
6.332358963714958,0.14747669766854965,0.0016633735729021438,6.04838098181415,6.622975105517586,6543.176056626186,0.9999305573097165
-66521.87666411215,5263.068489566097,66.52449652985572,-76845.28206760761,-56537.30330833773,6264.146715426281,0.9999198994674983
