mean,sd,mc_error,hpd_2.5,hpd_97.5,n_eff,Rhat
5.469655691668448,2.026304557949129,0.019652555769136486,1.5231424089672414,9.68086936355226,11366.58129344509,1.0001520146137852
-253696.66999640566,73533.70482830894,757.3543000007304,-399302.32646000094,-100144.52131715923,10853.827440109804,1.0005798551650107
