mean,sd,mc_error,hpd_2.5,hpd_97.5,n_eff,Rhat
3.045848698197088,0.26076997887786874,0.007722799898986851,2.5292164942790842,3.5594161083135183,1173.464085633297,1.0003748157538568
-37523.26574385069,14216.715562558253,417.95933382424465,-65492.74828627699,-9817.185916794924,1169.9429282061976,1.0002543594565976
