mean,sd,mc_error,hpd_2.5,hpd_97.5,n_eff,Rhat
6.530813492206495,0.19724422315452858,0.0022222279009999233,6.1461711678320095,6.910184305505478,5497.78766938957,1.0002877068946563
