mean,sd,mc_error,hpd_2.5,hpd_97.5,n_eff,Rhat
4.894909877004513,0.5262458618402714,0.010644017415549805,3.8539740458512397,5.905606054131567,2518.052395207276,0.9998791192616567
-204100.68885915686,25216.195196593544,522.8768146230398,-251899.2992749699,-153644.62095933428,2733.894903574116,1.000008983207193
