mean,sd,mc_error,hpd_2.5,hpd_97.5,n_eff,Rhat
21.624729825389057,0.6066436254704493,0.008288063940617416,20.45980051041423,22.823486717322528,5492.057798674695,1.0001467164095543
