mean,sd,mc_error,hpd_2.5,hpd_97.5,n_eff,Rhat
4.502768778279977,0.2976587367210115,0.003874998884711216,3.938950446720083,5.093362978229353,4973.6689590278065,0.9997719619919998
-195764.48456942392,7923.820637743776,104.73308637859716,-211100.46944047944,-180140.89794515455,5330.454328100143,1.000346076672581
