mean,sd,mc_error,hpd_2.5,hpd_97.5,n_eff,Rhat
3.6749498309623783,0.30218787218282545,0.00718439262750469,3.103142996208337,4.276755190276853,2029.793097258789,1.0013520600088262
-73517.91184722054,11369.392991354232,271.4505683271632,-95416.27618875414,-51612.642984197766,1947.6561993299724,1.00097024506781
