mean,sd,mc_error,hpd_2.5,hpd_97.5,n_eff,Rhat
7.499653332336704,0.12160552736632772,0.0017269407646148306,7.269081520320605,7.740651476468846,5646.654385526995,1.0000735600253086
