mean,sd,mc_error,hpd_2.5,hpd_97.5,n_eff,Rhat
3.581248940246812,0.017080478742063133,0.000514691912747099,3.5469346656123184,3.613836514644989,1062.02562679889,1.0014943864753143
391519.1588207686,2487.453411216511,74.11717569439973,386598.5362300674,396378.70477952587,1058.4979065620696,1.001491524461608
