mean,sd,mc_error,hpd_2.5,hpd_97.5,n_eff,Rhat
5.799763790521683,0.17129410535196743,0.0020867272822910087,5.4755716047844345,6.140885844219753,5745.640213507274,0.9999043842968237
