mean,sd,mc_error,hpd_2.5,hpd_97.5,n_eff,Rhat
6.104895541317794,0.14478560127236215,0.0018211196397725613,5.822022288160945,6.377153701848464,6126.28955365656,1.0004887534783267
