mean,sd,mc_error,hpd_2.5,hpd_97.5,n_eff,Rhat
8.213758818462646,0.2808037953685863,0.003982966492565125,7.670238239499784,8.763364090583451,5379.465758394052,0.9998581312053346
