mean,sd,mc_error,hpd_2.5,hpd_97.5,n_eff,Rhat
7.0526212213415045,0.12831469989760347,0.001295464958703741,6.80236592177375,7.306416416173918,6120.951033267971,0.9999350335495493
