mean,sd,mc_error,hpd_2.5,hpd_97.5,n_eff,Rhat
9.44583256460402,0.3797309050737255,0.005135329092720416,8.716764890512183,10.189874814536449,5006.282914898495,0.999960990507657
