mean,sd,mc_error,hpd_2.5,hpd_97.5,n_eff,Rhat
13.289362251692335,0.43410034696199234,0.00633159110655847,12.480862167913454,14.166001516941462,5450.977903869354,0.9999505999817807
