mean,sd,mc_error,hpd_2.5,hpd_97.5,n_eff,Rhat
5.838928438366279,0.10348360563677518,0.0011283991991491438,5.632071090961749,6.037725096621591,5763.449027221897,0.999989961938582
