mean,sd,mc_error,hpd_2.5,hpd_97.5,n_eff,Rhat
8.116554550701366,0.20278951382793495,0.0023772851971455003,7.740138851192221,8.527888060724335,6310.30891985559,0.9998496855844876
