mean,sd,mc_error,hpd_2.5,hpd_97.5,n_eff,Rhat
7.334731132905622,0.2720319739228475,0.0036545275324282008,6.822522170845682,7.887358582335422,5267.321548748389,1.0001022320663866
