mean,sd,mc_error,hpd_2.5,hpd_97.5,n_eff,Rhat
59.79219907090411,2.8773965047207906,0.042262638505768155,54.344788868169445,65.51826790948112,4829.511149881865,1.0011408168502571
