mean,sd,mc_error,hpd_2.5,hpd_97.5,n_eff,Rhat
12.173457271567296,0.41380689207402244,0.005521172643720438,11.386725786481708,13.005135110748,5572.902493707224,1.000406304166247
