mean,sd,mc_error,hpd_2.5,hpd_97.5,n_eff,Rhat
3.732149401859272,0.04535712350945784,0.0006018714068854043,3.645414241606479,3.820465751981352,5435.738195091884,1.0003981598053653
