mean,sd,mc_error,hpd_2.5,hpd_97.5,n_eff,Rhat
3.71939675180184,0.41429712775229943,0.00788321970251991,2.903434678939077,4.483863689247278,2714.0962923044417,1.0003559140051188
86881.71704364417,31393.62767925177,413.3082311841073,28599.92008012957,149720.5085295197,4325.10211113054,0.9998840246901681
