mean,sd,mc_error,hpd_2.5,hpd_97.5,n_eff,Rhat
11.592911036012431,0.6329921374156624,0.010966746383248367,10.388718170814768,12.87206038174006,2805.2820495235096,0.9999984153104037
-486173.625779629,12564.055292454972,185.03145281818286,-499992.8192203459,-459888.5377672433,4296.149879521649,0.9999076335919038
