mean,sd,mc_error,hpd_2.5,hpd_97.5,n_eff,Rhat
8.490415951381657,0.15148446145382188,0.0018377740086155162,8.188260524974883,8.77852848598325,5803.3705347946625,0.9998927056087791
