mean,sd,mc_error,hpd_2.5,hpd_97.5,n_eff,Rhat
5.166307759795098,0.17048848357286137,0.0024784072653414686,4.821937363242899,5.495762883265405,4334.2111934564555,0.9998755759211836
-103888.51759723893,5174.652144620558,79.47868112685399,-113727.62117410485,-93428.31766845644,4047.248748895052,0.9998350633710387
