mean,sd,mc_error,hpd_2.5,hpd_97.5,n_eff,Rhat
5.434386033628859,0.07907557567597018,0.0009498639299704763,5.287336821380795,5.591258403936169,6551.785191351444,1.000528872048275
