mean,sd,mc_error,hpd_2.5,hpd_97.5,n_eff,Rhat
20.102241353091923,0.963029099204986,0.012762681481726951,18.210233386634417,21.9754177515923,4768.623956525914,1.000616858040245
