mean,sd,mc_error,hpd_2.5,hpd_97.5,n_eff,Rhat
6.225056631732873,0.10163375185793079,0.0013382477806225495,6.027842315823063,6.42185519225359,5678.3030313316485,1.0007325486471743
