mean,sd,mc_error,hpd_2.5,hpd_97.5,n_eff,Rhat
9.417805305808727,0.1812148611862147,0.0022472333584516316,9.055231493212016,9.767409670360118,5536.643194825052,1.0006243758028206
