mean,sd,mc_error,hpd_2.5,hpd_97.5,n_eff,Rhat
6.899739583585797,0.2102493327192883,0.002919040289843914,6.489303405822007,7.30532256239476,4984.355729521907,1.000494769558446
