mean,sd,mc_error,hpd_2.5,hpd_97.5,n_eff,Rhat
6.846120921368922,0.1626548488386305,0.0018922230149283816,6.544438085525228,7.174197780095338,6718.717247886311,0.9998632104675846
-105973.78490460735,6341.973024761982,68.82080360128323,-118246.48299398654,-93554.88500874199,6911.433429045843,0.999780098374387
