mean,sd,mc_error,hpd_2.5,hpd_97.5,n_eff,Rhat
8.32748162539199,0.3609964906256945,0.004524266125650176,7.620330530713532,9.034931731868184,5613.165569290182,1.0004442159656866
