mean,sd,mc_error,hpd_2.5,hpd_97.5,n_eff,Rhat
17.52574368883522,0.34969643572796605,0.004290616032171838,16.82314008493877,18.201727801840505,5009.403337275823,0.9999697296764193
