mean,sd,mc_error,hpd_2.5,hpd_97.5,n_eff,Rhat
6.945015261156176,0.16353354621290897,0.0019923419102831933,6.619000246444602,7.2616527355460905,5882.2773155453,0.9998971617944111
