mean,sd,mc_error,hpd_2.5,hpd_97.5,n_eff,Rhat
3.945266556088669,0.53637730709336,0.013609501848925032,2.864262278674038,4.950496262066569,1309.8304922745106,1.0007884436895287
-220778.2624009582,27172.53162056004,723.6841847863003,-273165.2002782422,-165649.93159566427,1283.3659573412567,1.000922359488864
