mean,sd,mc_error,hpd_2.5,hpd_97.5,n_eff,Rhat
2.1209691919782543,0.5648983095528483,0.017229155838303877,1.0002813406080457,3.063995568899881,1185.3044491039238,1.00247887965186
-236825.82591097234,5755.213506584045,187.89128757846476,-249662.24215244153,-227043.3864911204,975.3026994333821,1.0032788282873406
