mean,sd,mc_error,hpd_2.5,hpd_97.5,n_eff,Rhat
4.439789363486743,0.22512827004130706,0.003038879628992577,4.008066811065661,4.896972502784255,6656.45114491938,1.0000034277053411
-200758.75511935842,6457.578488181215,86.04161595675518,-213257.21672473557,-188058.11702410807,5988.328605776261,1.0002633757602841
