mean,sd,mc_error,hpd_2.5,hpd_97.5,n_eff,Rhat
11.387544327357798,0.10031098063216293,0.0014229883855835697,11.193478066040546,11.583372439415095,5435.189376201745,1.0001183640287026
