mean,sd,mc_error,hpd_2.5,hpd_97.5,n_eff,Rhat
5.334260831409817,0.12119390978548801,0.001788479853769388,5.093260246955375,5.565841663953843,4587.238366922401,1.0000914360629911
-250293.70636763948,5808.753276672392,84.01789459086868,-261346.07552703354,-238793.99596241597,4783.988556236505,1.00023757853969
