mean,sd,mc_error,hpd_2.5,hpd_97.5,n_eff,Rhat
9.292355494143449,0.3884098506803522,0.006003617928324305,8.54591861108015,10.072338395470416,4105.781704212047,1.0000421072395402
-128947.49950553152,14075.706162695185,218.13448133947776,-156198.51778714394,-101918.21253118038,3847.2393577978064,1.0014189844449473
