mean,sd,mc_error,hpd_2.5,hpd_97.5,n_eff,Rhat
8.983128897660233,0.17585409878653696,0.002295340207677771,8.635712177819874,9.320161326503106,5545.757984685157,1.0000974238185931
