mean,sd,mc_error,hpd_2.5,hpd_97.5,n_eff,Rhat
6.971615829205577,0.10019964051814127,0.0013784544478273502,6.776704141443421,7.166728286669129,5234.635784578172,0.9999861404165126
