mean,sd,mc_error,hpd_2.5,hpd_97.5,n_eff,Rhat
6.755854321888392,0.15286034287086242,0.002025266347994076,6.467193776038983,7.060931257450986,5512.483017882197,1.0000281086527316
