mean,sd,mc_error,hpd_2.5,hpd_97.5,n_eff,Rhat
14.15242060542453,0.48396034566717644,0.00672314247486618,13.230521841919936,15.119084144832147,6690.494933183366,1.000068362468934
