mean,sd,mc_error,hpd_2.5,hpd_97.5,n_eff,Rhat
8.533257980530816,0.24678173222081115,0.003286734475937783,8.071204985492344,9.02849527715039,5417.160963622532,1.0001269288089696
