mean,sd,mc_error,hpd_2.5,hpd_97.5,n_eff,Rhat
5.239119238550151,1.7537362718034744,0.042340478163239596,1.631473272252234,8.583262421170508,1537.5643092644882,1.000352187765597
-21556.329469872326,128836.14514544613,2889.0576433296706,-288430.1824023459,223966.83981285148,1559.3276398161063,1.000283767235271
