mean,sd,mc_error,hpd_2.5,hpd_97.5,n_eff,Rhat
12.992006609565948,0.44699876722512744,0.00861684333436527,12.188116080425743,13.935313159900023,2772.1083931922753,1.0004090382564443
91519.94471892365,13652.275639127462,270.46438879033917,63427.821869200154,117893.27242329117,2360.5931586058136,1.0005519553611157
