mean,sd,mc_error,hpd_2.5,hpd_97.5,n_eff,Rhat
5.547423995356642,0.06860306491991633,0.0020683617143293183,5.41103775588731,5.680814308643054,1053.516790597224,1.0010890310529863
485852.6972077126,6008.72583887788,171.93788294801772,473460.08090069046,497380.5728049814,1147.3462800628383,1.0006449144598255
