mean,sd,mc_error,hpd_2.5,hpd_97.5,n_eff,Rhat
9.738675200756681,0.21070268253872998,0.0022852894467376133,9.320032853893734,10.141941746682035,7376.02649325905,0.9998670235673432
-147811.09341506936,16391.039587718413,163.87952036251676,-179274.7687105329,-115170.89692418891,7400.386625482592,0.9998975538946108
