mean,sd,mc_error,hpd_2.5,hpd_97.5,n_eff,Rhat
5.7517902750856065,0.1777015826347403,0.0019983722661256263,5.408335801114637,6.094493380363155,6699.662309732315,0.999836912899123
-65556.10281791228,27915.745107007097,344.8994508512527,-118715.78434558211,-11450.840256464422,6741.94997323643,0.9999890924818541
