mean,sd,mc_error,hpd_2.5,hpd_97.5,n_eff,Rhat
5.253276774883309,0.12612708785609805,0.0016541569764124918,5.0024170469265945,5.496461197456616,5945.905824635297,0.999978016711922
