mean,sd,mc_error,hpd_2.5,hpd_97.5,n_eff,Rhat
10.31868776396005,0.37739145510882055,0.004350584690883432,9.628177437304942,11.084870999939808,6064.709343188465,0.999915165745999
