mean,sd,mc_error,hpd_2.5,hpd_97.5,n_eff,Rhat
8.996432386478183,0.17311251501088992,0.0020943558438141835,8.661125851005544,9.328594242467124,6659.590585484208,0.9998104526081152
-144305.53743053036,10626.231688137397,124.13219264883892,-165239.86768512116,-123966.37179307068,6113.498039824094,0.9998831729586241
