mean,sd,mc_error,hpd_2.5,hpd_97.5,n_eff,Rhat
7.354717742413569,0.7575044252712864,0.010805159574513522,5.892435629850656,8.848318282167908,4831.944575912906,1.0000142347696719
