mean,sd,mc_error,hpd_2.5,hpd_97.5,n_eff,Rhat
3.9574350079292815,0.29264991737121054,0.003053279801015562,3.371628355047209,4.518386358966429,7317.939375082149,1.000129294798094
-229138.4106489355,5896.346632550732,71.92775354535893,-240574.90837739647,-217558.8310242606,6579.855504806204,1.00006764835104
