mean,sd,mc_error,hpd_2.5,hpd_97.5,n_eff,Rhat
4.535650791464314,0.2290716923130588,0.0031867945304356717,4.064462513621541,4.964010928177697,4831.164850783384,1.0000522081817758
