mean,sd,mc_error,hpd_2.5,hpd_97.5,n_eff,Rhat
7.574033558597693,0.11151709823542663,0.0014565574512105388,7.356732591599532,7.79461445685889,4879.431262548332,0.999890268433856
