mean,sd,mc_error,hpd_2.5,hpd_97.5,n_eff,Rhat
4.915518033840129,0.1155269493201054,0.0019589151866933096,4.690057399631963,5.13950783356797,2408.3454341276392,1.0001268763096731
-3115.753840348758,4810.011656781557,87.52690946624365,-12966.00330139136,5657.311006343147,2499.347604946237,1.0001481746095022
