mean,sd,mc_error,hpd_2.5,hpd_97.5,n_eff,Rhat
7.34720615631112,0.40259056305047014,0.006011434588734546,6.55457201701875,8.131999717653942,5069.782012585329,0.9998982442333969
