mean,sd,mc_error,hpd_2.5,hpd_97.5,n_eff,Rhat
8.331516922116549,0.24626747993931558,0.0029091965231319737,7.849448857611742,8.821979684099073,5236.349435662289,0.9998644636326991
