mean,sd,mc_error,hpd_2.5,hpd_97.5,n_eff,Rhat
3.070919709275626,0.9764972396572641,0.026346375242865698,1.0860014413502501,4.724910923954821,1289.3612581908217,1.0009310816126746
-268367.74648769543,46749.170923631005,1297.4530874386767,-366571.9017794667,-187213.15736823363,1240.5394749026848,1.0011591720614526
