mean,sd,mc_error,hpd_2.5,hpd_97.5,n_eff,Rhat
4.787296314942842,0.14176899795392287,0.0019471836961118196,4.525758888263292,5.073806066296992,4743.322860124569,1.000366340264627
