mean,sd,mc_error,hpd_2.5,hpd_97.5,n_eff,Rhat
6.263814061167426,0.14927867266242792,0.0019896731283115046,5.977110542720438,6.5650579601164205,6132.066388719711,1.0000085210425995
