mean,sd,mc_error,hpd_2.5,hpd_97.5,n_eff,Rhat
6.612115280047913,0.1581184130876994,0.0020209035374589113,6.300246621421392,6.918804495155531,5796.931245071765,1.0000580331372544
