mean,sd,mc_error,hpd_2.5,hpd_97.5,n_eff,Rhat
7.418598185909589,0.4872528845508707,0.006518575494869713,6.509910718220459,8.396253467404426,5357.424173998763,1.000111809142972
