mean,sd,mc_error,hpd_2.5,hpd_97.5,n_eff,Rhat
14.890952302913826,0.6236323418698363,0.009344356030049357,13.651123912748824,16.10008773132489,4986.94170496727,1.0013855889095422
