mean,sd,mc_error,hpd_2.5,hpd_97.5,n_eff,Rhat
3.6056830226434724,0.2943551627220531,0.005327714310265935,3.0221110458020095,4.164624589204316,3668.432555703391,0.9998196694483032
-192034.02354800678,6263.534270560806,101.62664041836389,-204336.0781285954,-179980.41875419635,3934.4693466143317,1.000647122923617
