mean,sd,mc_error,hpd_2.5,hpd_97.5,n_eff,Rhat
99.97439723521141,0.02470071975873644,0.00038922358054758576,99.9250155908134,99.99997977152701,5218.713976086277,1.0000112492548663
