mean,sd,mc_error,hpd_2.5,hpd_97.5,n_eff,Rhat
6.410663394496839,0.0847274537419347,0.001169298390638413,6.253301812290232,6.583299560889384,5222.380555292015,0.9999683293414264
