mean,sd,mc_error,hpd_2.5,hpd_97.5,n_eff,Rhat
1.4206237433802318,0.3448504946145925,0.005360397506116915,1.000261388763738,2.0972771995620736,3124.2853527655793,0.999823938199927
-85553.5489349282,176459.25905138184,4028.0463502173225,-339380.36265390064,283395.7386246545,1816.3240900046735,0.9999886701921611
