mean,sd,mc_error,hpd_2.5,hpd_97.5,n_eff,Rhat
11.694849789937289,0.32072840332649477,0.004146809509218219,11.072011573475594,12.336249466237893,5180.9139990651665,1.0000136077120703
