mean,sd,mc_error,hpd_2.5,hpd_97.5,n_eff,Rhat
4.238099239697373,0.32980284757331746,0.005571889911474963,3.5969181989710024,4.886891711915905,2947.9969121809627,0.9997770836931692
-105647.33800479198,9684.916990650863,175.6609638766995,-126341.17253029565,-87899.02911745085,2761.5134809280694,0.9998265656678348
