mean,sd,mc_error,hpd_2.5,hpd_97.5,n_eff,Rhat
5.424017147218786,0.03211530043190278,0.0004286897825575094,5.36013406337898,5.485816484258301,5846.743399063012,1.0000376648038614
