mean,sd,mc_error,hpd_2.5,hpd_97.5,n_eff,Rhat
9.791339343543328,0.25701886459208695,0.003221390778969205,9.261888878246399,10.273559803376056,5332.307776360203,1.000368281135695
