mean,sd,mc_error,hpd_2.5,hpd_97.5,n_eff,Rhat
6.2995622234390085,0.19093697306321836,0.002152440761055869,5.927969552705218,6.682116836133009,7766.331950260342,0.9999065434484785
-237720.7592631588,7981.141599501531,94.32249356731532,-253898.152401162,-222335.27773195572,7438.05759060961,0.999973801831125
