mean,sd,mc_error,hpd_2.5,hpd_97.5,n_eff,Rhat
18.563739856886393,0.8319969105040812,0.01053659231330917,16.954370309599383,20.187300988690755,5443.255331029515,1.00051665464652
