mean,sd,mc_error,hpd_2.5,hpd_97.5,n_eff,Rhat
49.450417562347035,1.3197824663696938,0.02474692793896548,46.90135472804041,52.00221102772917,2560.7789981748174,1.0013153252830018
-499944.3168424915,56.231542814339484,0.912778127462275,-499999.9765402389,-499832.0662493261,3226.7272570702207,0.9998241924625467
