mean,sd,mc_error,hpd_2.5,hpd_97.5,n_eff,Rhat
8.004879375610324,0.23983100962131915,0.003209495361368002,7.518088629484938,8.455946033222203,4954.877725676158,1.000202882629707
