mean,sd,mc_error,hpd_2.5,hpd_97.5,n_eff,Rhat
6.325417979383298,0.258886441795637,0.00368187176002143,5.8068522238146505,6.814918257566392,4919.152540429073,1.0008129834154516
