mean,sd,mc_error,hpd_2.5,hpd_97.5,n_eff,Rhat
5.194181775705719,0.09717193832581908,0.0016309286946355884,4.989616030636104,5.375313186775782,3231.2226233350666,0.9999701530910179
8084.680037461881,3997.7031480344012,67.99999060318432,641.6331425193044,16225.64397438675,3084.56526830653,0.9998525678012787
