mean,sd,mc_error,hpd_2.5,hpd_97.5,n_eff,Rhat
10.458307371787514,0.308875433386182,0.004705769153021646,9.84320380070299,11.059310975311726,4968.263597633324,1.0008624333943519
