mean,sd,mc_error,hpd_2.5,hpd_97.5,n_eff,Rhat
13.698887828422425,0.4727748845115779,0.006452555335492861,12.794424606885404,14.642987528048321,5076.657987573809,1.0000153985592939
