mean,sd,mc_error,hpd_2.5,hpd_97.5,n_eff,Rhat
11.957717686491005,0.35287992366158283,0.004645946031830483,11.28889712678199,12.65794763446444,5656.433412936019,1.0002180901020994
