mean,sd,mc_error,hpd_2.5,hpd_97.5,n_eff,Rhat
7.493524640716899,0.30643932445924904,0.0045442883167387555,6.905617020402813,8.100381312679627,5180.546430847527,1.0002361396509418
