mean,sd,mc_error,hpd_2.5,hpd_97.5,n_eff,Rhat
1.000214802093676,0.00021179782480724557,4.881515320820349e-06,1.0000001761684203,1.0006487142167895,1898.501103547249,1.0001796782797323
-499952.6952198927,48.532420403777685,1.288019438815557,-499999.9997277043,-499856.7303361578,1583.6607504303004,1.0000707646726563
