mean,sd,mc_error,hpd_2.5,hpd_97.5,n_eff,Rhat
6.7948030009481375,0.23197652813638522,0.00243394082742288,6.355704072161551,7.255634345930674,6978.4242137931105,0.9999155073108986
-114177.79225193776,8610.08206725916,98.68883647960232,-132396.06041166457,-98335.6359276521,7516.97109627591,0.9998637766191232
