mean,sd,mc_error,hpd_2.5,hpd_97.5,n_eff,Rhat
7.883971596973743,0.44807478980208204,0.006074974331636456,6.992095319674913,8.743708071632478,5566.807479229096,0.9998482288481069
