mean,sd,mc_error,hpd_2.5,hpd_97.5,n_eff,Rhat
3.955276040488893,0.024226094620674658,0.0006510789981993197,3.9074654956459467,4.0025620138703095,1292.457492078817,0.9998566037954474
325160.28418362164,2836.226380210496,75.60865473051228,319641.0888255029,330871.6034512056,1290.2304629464677,0.9999293088488604
