mean,sd,mc_error,hpd_2.5,hpd_97.5,n_eff,Rhat
7.627559842322298,0.18461037145569048,0.0026474296126640217,7.271656898238725,7.997346674790205,5571.226906299213,1.0002759459520347
