mean,sd,mc_error,hpd_2.5,hpd_97.5,n_eff,Rhat
6.561104273349126,0.11707721577021912,0.0015953168967144317,6.330249824730299,6.785272769841539,4802.96845117867,0.999944043714262
-98197.45223452964,4069.2956916210346,57.02097811931325,-105905.3184660324,-90017.95494811004,4895.313084045089,0.9999226115868556
