mean,sd,mc_error,hpd_2.5,hpd_97.5,n_eff,Rhat
8.035382732745148,0.4634465591677888,0.0051519066106482,7.132696556549133,8.930634139749548,7091.545083168149,0.9999535576866764
