mean,sd,mc_error,hpd_2.5,hpd_97.5,n_eff,Rhat
2.8142182233244655,0.9212467414897585,0.018043561397562587,1.0788949994378136,4.460079398455801,2491.890132688931,1.0002574835057276
83312.2636283146,119571.28741366844,2566.055055091047,-134804.92872364068,331268.59104746045,1950.5137068939928,1.0018158635527268
