mean,sd,mc_error,hpd_2.5,hpd_97.5,n_eff,Rhat
7.895337963100705,0.2649563550787755,0.003623636645210262,7.405503566088049,8.443385948726219,3883.1732453573372,1.0002100222926427
-128673.58357971406,13811.62975415943,200.53758369867458,-156478.67989703701,-102847.55023092146,3874.1876260004005,1.0003469490059056
