mean,sd,mc_error,hpd_2.5,hpd_97.5,n_eff,Rhat
5.769449919061657,0.12267687382347256,0.0013258810370497523,5.522126749642905,6.002129108131713,6325.23117559366,0.999820065243161
-161838.49366745615,6090.66893465252,70.5100036104995,-173641.96649797476,-149767.73994012538,6097.482797794446,1.0000199984113762
