mean,sd,mc_error,hpd_2.5,hpd_97.5,n_eff,Rhat
4.570223671404999,0.19377479090474664,0.0029183000908821186,4.1904777392413255,4.946235859989966,3599.283491751808,1.0003115125658826
-174700.05147613087,12915.496684857764,196.44621793648724,-200573.2263305588,-149798.06072139,3555.170727528868,0.9999809115423501
