mean,sd,mc_error,hpd_2.5,hpd_97.5,n_eff,Rhat
8.891997906658395,0.18309235342534583,0.0024719856991387117,8.531661270021019,9.249518083426981,5889.145562958742,0.999906022721739
