mean,sd,mc_error,hpd_2.5,hpd_97.5,n_eff,Rhat
14.381217147272368,0.5806692119518521,0.007151124585345986,13.252541104430954,15.508210041782156,5892.914057739932,1.0003460622112752
