mean,sd,mc_error,hpd_2.5,hpd_97.5,n_eff,Rhat
8.093960180127082,0.05472211043754651,0.0009309822456867175,7.9934134648453625,8.208174750616605,3393.8467069362646,1.0000555185922897
-174516.77593413528,3037.9232677765904,48.40430765884693,-180595.43344618974,-168804.3996868887,3758.497075987381,0.9998253525093871
