mean,sd,mc_error,hpd_2.5,hpd_97.5,n_eff,Rhat
4.95825916466494,0.11054166834904965,0.0014776616497477605,4.749382325851347,5.177009927716661,4419.877722422378,0.999957981290928
-94540.5359235863,3473.6177672885387,48.50549235200823,-101243.14503385895,-87708.48642728568,4221.883823342722,0.9999988999262454
