mean,sd,mc_error,hpd_2.5,hpd_97.5,n_eff,Rhat
5.343563610149624,0.1024665133514505,0.0016323963134292,5.137805939718328,5.539126188350726,4429.201768164401,1.0001969663809676
-216867.66007339256,5804.513242153704,83.93313850077753,-228002.60388547237,-205399.39449954862,5015.001264300161,1.000168882669903
