mean,sd,mc_error,hpd_2.5,hpd_97.5,n_eff,Rhat
8.066828225411525,0.1884560195544487,0.00268397030058262,7.686001478880772,8.427396202487468,6095.732232056419,0.9998975161680856
