mean,sd,mc_error,hpd_2.5,hpd_97.5,n_eff,Rhat
11.679945689187798,0.27262443986001067,0.003952780870073664,11.133184877253576,12.19689513199933,4386.27750814695,0.9999369194102622
-310689.17963947175,16826.099986376077,279.9340173397907,-344445.9977566514,-278847.68120625836,3640.785308447696,1.0003268036943558
