mean,sd,mc_error,hpd_2.5,hpd_97.5,n_eff,Rhat
4.969996332744869,0.0769566638283866,0.0009992348960979611,4.819773358548054,5.121184705246808,5924.753606026223,1.0000279187004972
