mean,sd,mc_error,hpd_2.5,hpd_97.5,n_eff,Rhat
13.518737663148965,0.5640491984931902,0.007362050173974834,12.416602780556673,14.608071830411408,6189.004265326923,1.00014220326151
