mean,sd,mc_error,hpd_2.5,hpd_97.5,n_eff,Rhat
8.934328590761126,0.18546775324249226,0.0020647540223167,8.577316519407198,9.30509156482442,7285.401549365885,0.9999139726571991
-374447.36356416886,8194.893213918791,88.02065664042442,-391522.1528308242,-359633.50305496744,7099.515777185257,1.0007647706356038
