mean,sd,mc_error,hpd_2.5,hpd_97.5,n_eff,Rhat
7.024347932403783,0.09866252411769155,0.0011559857856752005,6.837347225560017,7.216093046675158,5865.92534437548,1.0004340816636337
