mean,sd,mc_error,hpd_2.5,hpd_97.5,n_eff,Rhat
7.532749128849939,1.5046162509509269,0.013993093315368774,4.468496769120165,10.33282463894483,12393.423516317049,1.0000123152434788
