mean,sd,mc_error,hpd_2.5,hpd_97.5,n_eff,Rhat
6.362380746703695,0.5047390907569439,0.006794754908096644,5.393926179613356,7.368063694491936,5523.722171587577,1.0003210629113861
-211529.41186995924,24473.2359964501,313.2812432868879,-258354.52442427207,-164083.49451011256,5412.127426672761,1.0005062876717319
