mean,sd,mc_error,hpd_2.5,hpd_97.5,n_eff,Rhat
8.02665695062374,0.45811837278168743,0.00622796800150679,7.144053002726952,8.93221189723365,5212.850823547677,0.99998163314304
