mean,sd,mc_error,hpd_2.5,hpd_97.5,n_eff,Rhat
9.308004021728905,0.2864550201732225,0.004937967950308016,8.736377040403504,9.865096955991635,3818.433540977676,1.000256940181562
-277012.01226230635,17019.754130634796,267.22808585712767,-309633.0843515672,-242408.20043957868,3315.017655774387,1.0003573098417282
