mean,sd,mc_error,hpd_2.5,hpd_97.5,n_eff,Rhat
5.537867681882418,0.15062979658721654,0.001997809499952015,5.244907558591944,5.834394155876529,5074.891109304539,1.0000201526526022
