mean,sd,mc_error,hpd_2.5,hpd_97.5,n_eff,Rhat
1.0178331297911414,0.021258395762826635,0.0002736353225179944,1.000000368990336,1.0558004623711854,5159.986597185402,1.000272681494642
-497620.8985284195,2538.523978635751,38.150464658009085,-499999.5743826337,-492485.4514819033,4631.510245380782,0.9999530510310878
