mean,sd,mc_error,hpd_2.5,hpd_97.5,n_eff,Rhat
4.664685962908056,0.2596111603929013,0.0027518560023932605,4.177193909990797,5.189974007988763,6543.970969541357,0.9997943700556715
-383127.79770653823,19849.196871149976,255.02344223136348,-419872.7533748255,-342751.0484985479,5709.638447373521,0.9999362950512051
