mean,sd,mc_error,hpd_2.5,hpd_97.5,n_eff,Rhat
7.530300896421718,0.21127403111371776,0.00295727165596872,7.127703667382525,7.950134440154568,5693.4827712667175,0.9999992863768956
