mean,sd,mc_error,hpd_2.5,hpd_97.5,n_eff,Rhat
5.297562416584352,0.0749456855134882,0.001708963937183524,5.150211982380522,5.442051980857555,2039.6887500992814,1.0000849105006193
48350.70215686438,3387.6545897221563,75.56993243499558,41708.2168838474,55036.18622664474,2137.5027898116814,1.0000320753680398
