mean,sd,mc_error,hpd_2.5,hpd_97.5,n_eff,Rhat
5.709065492080903,0.12120380386262543,0.00137912038142545,5.47619782997453,5.9422457691075765,6002.732909446037,0.9999756784760582
-94022.09881931561,4269.79798761139,59.14044505225519,-102386.51974201846,-85753.10034846101,5488.119244145414,0.9997691562744385
