mean,sd,mc_error,hpd_2.5,hpd_97.5,n_eff,Rhat
9.627360550059887,0.2009614437016048,0.0025191100787052417,9.245922056220314,10.026256157449604,5437.233180497222,1.000559867473504
