mean,sd,mc_error,hpd_2.5,hpd_97.5,n_eff,Rhat
3.4995539295733287,0.4125657748447113,0.019067020413052926,2.740485615890323,4.237830089855871,184.68408903489953,1.0283582859552263
