mean,sd,mc_error,hpd_2.5,hpd_97.5,n_eff,Rhat
5.511555965236641,0.12122023621680532,0.0015965295438652178,5.28382463477153,5.757434792717172,5643.109667618884,1.0000030253301235
-242460.81689968734,6057.339731406218,79.813662504446,-254283.7033957172,-230618.35991947333,5230.56751778916,0.9999501681493659
