mean,sd,mc_error,hpd_2.5,hpd_97.5,n_eff,Rhat
7.132359055830622,0.1563602354342327,0.0017714519314629671,6.83059764829297,7.438473457218975,7631.659156748538,1.0001050702452408
-72763.80992973679,12286.127541392461,145.67132304599318,-97738.83392374449,-50178.85852004167,6786.713224581711,1.0003041762044946
