mean,sd,mc_error,hpd_2.5,hpd_97.5,n_eff,Rhat
7.831892889976895,0.19259783100146868,0.002423143292353544,7.448387601844305,8.20016213587735,5354.17406817561,1.0003874956339398
