mean,sd,mc_error,hpd_2.5,hpd_97.5,n_eff,Rhat
4.694868468418502,0.11593577562078695,0.0017298280370115823,4.463919903141329,4.919531181482001,4701.673776315463,1.0004716452646756
