mean,sd,mc_error,hpd_2.5,hpd_97.5,n_eff,Rhat
2.9000349111879276,0.6977207372784351,0.01754846565285844,1.440942299996437,4.216987105882854,1433.728177300342,1.0012661790582935
-203512.05694121122,12315.415261635113,307.7811966735692,-227906.48847454798,-178110.6311665784,1400.3309103544584,1.0011069814572866
