mean,sd,mc_error,hpd_2.5,hpd_97.5,n_eff,Rhat
4.511233798470326,0.22257329353371932,0.0027914280302017177,4.090975489857006,4.9495928681926,7778.053053482263,1.000065422351798
-262393.7725132092,5287.251313734669,63.13459704650738,-272718.72884083714,-252122.90146446862,7465.168189579442,0.9999855232319095
