mean,sd,mc_error,hpd_2.5,hpd_97.5,n_eff,Rhat
1.0141744658870482,0.014056765373252931,0.00020803799570382302,1.00000638188807,1.0429410974333984,5039.410821598835,0.9997797832923151
-493787.91462424624,5886.483859268474,85.64875780846683,-499995.6754903734,-481796.5421216242,4218.419928869583,0.9998214112139738
