mean,sd,mc_error,hpd_2.5,hpd_97.5,n_eff,Rhat
1.2989799806779565,0.25105681450759826,0.00462924898312459,1.0001560915989507,1.7962197178394599,2968.55165141347,0.9998582956931529
12883.91372327238,170890.5535550025,3504.7161610084695,-263140.651128767,363651.4870699894,2668.8963884050763,1.0007094069531528
