mean,sd,mc_error,hpd_2.5,hpd_97.5,n_eff,Rhat
9.725909548776192,0.3820565785950859,0.004507285860880739,8.967197222750421,10.463086287781403,6097.419463926126,1.0000025832807728
