mean,sd,mc_error,hpd_2.5,hpd_97.5,n_eff,Rhat
7.938485043072045,0.3434873092112426,0.0040893145559397085,7.279311987133418,8.62682212310265,5405.294218445179,1.0001948404528085
