mean,sd,mc_error,hpd_2.5,hpd_97.5,n_eff,Rhat
7.398884550883442,0.13459881171181132,0.001754984548424296,7.143793312532498,7.6638673400945985,5773.460577315474,1.0000323464626328
-181117.90274328404,6844.641838596927,88.4773063875393,-194923.26843085728,-167857.25713048998,6172.335099664863,1.0000178179134804
