mean,sd,mc_error,hpd_2.5,hpd_97.5,n_eff,Rhat
7.3611461847299795,0.6259920578569427,0.008106811654239238,6.163944206354684,8.59626423749139,6537.875596684016,1.0000277897941472
-118448.66523366871,20723.01022319295,240.25585385623177,-160650.1950062571,-79569.52660160366,7254.878850031484,1.000105359504203
