mean,sd,mc_error,hpd_2.5,hpd_97.5,n_eff,Rhat
10.876242272736317,2.2394888212030786,0.031864859685292,6.983680470538913,15.16049150771695,5451.75666113978,1.0004486595992814
