mean,sd,mc_error,hpd_2.5,hpd_97.5,n_eff,Rhat
5.4655210730544885,0.1173300771519583,0.0015640901466546144,5.243648492643538,5.70499281401707,5135.473936546459,1.000476385059106
