mean,sd,mc_error,hpd_2.5,hpd_97.5,n_eff,Rhat
1.9168401770573082,0.047754086103144876,0.0005979622898591498,1.8224394465175568,2.0078999059478484,5259.233888481424,1.000708990243896
