mean,sd,mc_error,hpd_2.5,hpd_97.5,n_eff,Rhat
7.633512076229621,0.6308568141123119,0.00859247890295845,6.386396890745892,8.850936008538177,5452.969838877271,1.0004276965872738
