mean,sd,mc_error,hpd_2.5,hpd_97.5,n_eff,Rhat
26.227993180302075,2.918631483609361,0.039629497066941285,20.854850056771184,31.9118175680775,4852.893330929806,1.0011007549440272
