mean,sd,mc_error,hpd_2.5,hpd_97.5,n_eff,Rhat
11.643248753067823,0.7109823178600277,0.008705124571433891,10.199032625617477,12.96004570784039,5805.413291641059,1.000046198527428
