mean,sd,mc_error,hpd_2.5,hpd_97.5,n_eff,Rhat
99.80593875255207,0.19791254185274448,0.0030304254945899304,99.40079191788047,99.99999648110011,4277.572730607253,0.9999987061732759
