mean,sd,mc_error,hpd_2.5,hpd_97.5,n_eff,Rhat
4.917831460010287,0.7011216786103028,0.00912077809408692,3.550640944900685,6.2957468666591945,5331.211708775804,1.0009768411084776
