mean,sd,mc_error,hpd_2.5,hpd_97.5,n_eff,Rhat
24.511971582333224,0.6826418444562241,0.00883204717946519,23.17343866728466,25.820884142163642,5208.796791537324,0.9999265545259821
