mean,sd,mc_error,hpd_2.5,hpd_97.5,n_eff,Rhat
1.0620771485648923,0.10176814605119626,0.006371141336399396,1.0000000716152324,1.2815494226832949,5.316209017846441,1.3263199203680571
-157938.50810313248,350083.0578670724,34240.6587730765,-499999.9217744455,325511.5279464148,2.078927722738522,5.347590651338488
