mean,sd,mc_error,hpd_2.5,hpd_97.5,n_eff,Rhat
39.87039477824642,2.134948636151476,0.02915096385142397,35.661989222476514,44.00594180004044,5807.540279193861,1.0003247054908322
