mean,sd,mc_error,hpd_2.5,hpd_97.5,n_eff,Rhat
7.229783498912288,0.5772076967890325,0.006788439386773827,6.102943219095975,8.345555996425793,5574.436938484369,1.0003136512928985
