mean,sd,mc_error,hpd_2.5,hpd_97.5,n_eff,Rhat
8.80253389380435,0.158632741876756,0.0020543871597846226,8.482364076913585,9.108153241054596,6441.958982002014,1.0007858960789822
-41263.831780821194,5509.349387063328,57.8922111055374,-52061.909192555046,-30860.965394728766,6998.804610639691,0.9999733487359568
