mean,sd,mc_error,hpd_2.5,hpd_97.5,n_eff,Rhat
87.64060273649996,10.432558322094463,0.16199706560554755,66.57974547784124,99.99695244659883,4143.776864562269,1.0001622814242603
