mean,sd,mc_error,hpd_2.5,hpd_97.5,n_eff,Rhat
11.06772912212338,1.2660943877478512,0.01680640677019927,8.617558746355293,13.54967021061781,5412.701073776158,1.0001324903786204
