mean,sd,mc_error,hpd_2.5,hpd_97.5,n_eff,Rhat
68.31097985708162,24.239114256292773,0.42930444270166357,20.5577192008535,99.98781769821203,3718.713720640902,1.0002824900560658
