mean,sd,mc_error,hpd_2.5,hpd_97.5,n_eff,Rhat
5.691513584575536,0.2519406777274934,0.0034735004729275444,5.207843407170112,6.192042589290085,4815.714446920788,1.0002952821351274
