mean,sd,mc_error,hpd_2.5,hpd_97.5,n_eff,Rhat
30.898522422520635,3.201417729182732,0.08279456599361498,24.888881025179266,37.34779343100469,1399.5841728426099,1.0045973287393346
-198936.6432749558,78579.36640598447,2072.4888642626242,-350882.9277008031,-45762.623976642266,1448.6594289863758,1.004296749015154
