mean,sd,mc_error,hpd_2.5,hpd_97.5,n_eff,Rhat
6.855474430470925,0.36931435198095885,0.005330430363740124,6.176043647654912,7.623964571438606,4995.482860847047,1.0007290802798714
