mean,sd,mc_error,hpd_2.5,hpd_97.5,n_eff,Rhat
9.30126249063956,0.3374681958822939,0.00440086550759569,8.635777594877725,9.950504633934301,5741.449189132775,0.9999703509988489
