mean,sd,mc_error,hpd_2.5,hpd_97.5,n_eff,Rhat
44.462433625474624,10.60061467550144,0.20002851413552855,26.364484098841828,65.58111307939205,2691.942298318525,1.0014622847233459
