mean,sd,mc_error,hpd_2.5,hpd_97.5,n_eff,Rhat
16.52248219019452,0.3645491329888295,0.005060779357158457,15.819956180704194,17.23134067579874,4961.7546305049445,1.0002373058720115
