mean,sd,mc_error,hpd_2.5,hpd_97.5,n_eff,Rhat
15.76618228599934,4.900498330592975,0.06582499007928874,7.2399541817738955,25.14059747142111,4155.483098429089,1.000067318715269
