mean,sd,mc_error,hpd_2.5,hpd_97.5,n_eff,Rhat
8.601356716852212,0.21675329040086855,0.002952496367564758,8.18403067538564,9.032483584669272,5777.29132233119,1.000607273280183
