mean,sd,mc_error,hpd_2.5,hpd_97.5,n_eff,Rhat
3.1484483932867735,0.6592344114902303,0.03447994654587867,1.6506745513847862,4.371942011115832,220.25716055771966,1.0205578004059477
-303666.7586517202,24245.712361983275,1289.421982872985,-354089.19134261244,-254706.77214515375,201.4985857908067,1.02254627894253
