mean,sd,mc_error,hpd_2.5,hpd_97.5,n_eff,Rhat
37.086046441191975,3.2907907027763375,0.03987880830866217,30.959955855702564,43.655917200321504,5504.652635947091,1.0004177758402752
