mean,sd,mc_error,hpd_2.5,hpd_97.5,n_eff,Rhat
4.533627978989341,0.6643210367659661,0.014816109260649139,3.2333010378744294,5.849546090474313,1440.1356948261375,1.0021387374988242
-391790.59047026536,23060.2978260462,514.3079753750105,-437432.68898175325,-346985.40638622944,1407.744130373397,1.0016328062324824
