mean,sd,mc_error,hpd_2.5,hpd_97.5,n_eff,Rhat
9.071803086680273,0.14886760559803663,0.001953386232846477,8.772412214694098,9.355494337909374,6002.796582759373,1.0006672351181636
