mean,sd,mc_error,hpd_2.5,hpd_97.5,n_eff,Rhat
8.844588573207101,1.9909290071251786,0.025684073852866324,5.3377704175043785,12.973243888345328,5783.369847423613,0.9999329495818002
