mean,sd,mc_error,hpd_2.5,hpd_97.5,n_eff,Rhat
16.97269781635477,2.0871078208764797,0.025442808642044012,13.229685370108909,21.253774319886343,5513.699695289772,1.000196416888933
171158.24888259693,40741.50502030926,652.7798082409979,88671.33327100695,247166.7929651461,4398.78501848545,1.0008476962063335
