mean,sd,mc_error,hpd_2.5,hpd_97.5,n_eff,Rhat
9.809788196841529,0.5141063311809647,0.006667865809539597,8.84362848598797,10.841279192568416,6849.478567503363,1.0007113665477083
