mean,sd,mc_error,hpd_2.5,hpd_97.5,n_eff,Rhat
6.542694499414488,0.23442093941409875,0.002758766955160961,6.088109817385972,6.999721724343637,5909.517845504928,0.9999758535203157
