mean,sd,mc_error,hpd_2.5,hpd_97.5,n_eff,Rhat
6.298446813888957,0.5232075194209665,0.006175998603939479,5.3039064110937115,7.336805543798892,6397.232307318096,1.0000197902286214
