mean,sd,mc_error,hpd_2.5,hpd_97.5,n_eff,Rhat
7.281668131166266,0.22833516880068885,0.002867939633511431,6.836799807983,7.730729933336015,5888.579143353206,1.0000449772048958
