mean,sd,mc_error,hpd_2.5,hpd_97.5,n_eff,Rhat
36.50808707613181,3.4074635485936557,0.055393692857312105,29.990128443599875,43.15058780104719,3454.9277664470205,1.000037116403963
437457.721374531,53295.08041908887,837.8882459042201,330143.1548136433,499998.74471045646,4154.865028716205,0.9999755244065668
