mean,sd,mc_error,hpd_2.5,hpd_97.5,n_eff,Rhat
12.513563003460675,0.7326037227649983,0.008269174402575694,11.07049655762696,13.934500751337842,6488.7482676063,1.0001954536621986
