mean,sd,mc_error,hpd_2.5,hpd_97.5,n_eff,Rhat
10.480921769598565,0.5076831048431377,0.00684076713395476,9.502468871363838,11.500172747214151,5565.297448789256,0.9999841592842912
