mean,sd,mc_error,hpd_2.5,hpd_97.5,n_eff,Rhat
11.502790331531287,1.3326183368108804,0.025710888533489934,9.013045017927093,14.085761140159356,3019.881287693692,0.9998752978005037
-383547.81524710526,93082.57645913292,1850.9056575305967,-499999.49319557106,-202282.0038763427,2902.938536088199,1.0005393889398262
