mean,sd,mc_error,hpd_2.5,hpd_97.5,n_eff,Rhat
7.656304187467974,0.33647041251310045,0.004446860747659099,7.014017199682663,8.315936122671605,5367.89400737231,0.9999422683373206
