mean,sd,mc_error,hpd_2.5,hpd_97.5,n_eff,Rhat
7.814637762497667,0.22156647491079237,0.002946693612850508,7.395351466314039,8.26175874237243,5064.207408154629,1.0009733125947384
