mean,sd,mc_error,hpd_2.5,hpd_97.5,n_eff,Rhat
8.284841457834776,1.0021128028897384,0.024080988713222624,6.347166454998818,10.255503844920641,2002.2986111396172,0.9997928060169496
-361701.7639015142,65291.00386234777,1117.0019366002193,-481033.1130088797,-237719.11806711383,2868.679925187147,1.000058006213761
