mean,sd,mc_error,hpd_2.5,hpd_97.5,n_eff,Rhat
11.026182373059116,0.5429171914103349,0.006694358299242145,9.978532861449754,12.091051260835627,6057.723069693537,1.0000192299409487
