mean,sd,mc_error,hpd_2.5,hpd_97.5,n_eff,Rhat
3.39683638286391,0.159264101897144,0.002246654912267874,3.0981929334117666,3.720421388750853,4908.608682018524,1.0009467698578807
