mean,sd,mc_error,hpd_2.5,hpd_97.5,n_eff,Rhat
21.789107498011514,10.249577310931693,0.16996821557787237,7.053843714603119,40.58177692680936,3139.0441181231377,1.0005799039692043
-266680.22677026736,178289.08817495216,2465.4938570147206,-499898.6747737195,82482.32914568066,4833.136010850869,0.9999915565837791
