mean,sd,mc_error,hpd_2.5,hpd_97.5,n_eff,Rhat
6.11680472904795,1.5077640115556463,0.022071906114416562,3.1876108839527593,9.109962492145076,4051.0485883078672,0.9999754641099318
-481974.7898899178,17236.57820876938,214.0906893569123,-499994.4756256216,-447753.7421181315,5453.150524288534,1.0004031621950944
