mean,sd,mc_error,hpd_2.5,hpd_97.5,n_eff,Rhat
8.783898444167015,0.1672533053971313,0.002303120746641847,8.459917313956751,9.112054990800756,5441.839090282017,0.999882662559601
