mean,sd,mc_error,hpd_2.5,hpd_97.5,n_eff,Rhat
99.79017220759405,0.21585819572403764,0.0066898573178899665,99.35462471317786,99.99980705176479,914.0610952751243,1.0014230467872456
-152640.68008689635,56922.64548086111,2549.2502021421815,-260996.87157667134,-39825.083642491154,439.66852439906063,1.0066843262800511
