mean,sd,mc_error,hpd_2.5,hpd_97.5,n_eff,Rhat
8.81067052449636,0.13956589015407433,0.0017212474955565441,8.541617773014147,9.086037124555762,5856.427685213199,0.9998616456074761
