mean,sd,mc_error,hpd_2.5,hpd_97.5,n_eff,Rhat
24.69635127526176,2.7273879182620115,0.03623124569289204,19.695908023145584,30.110498294676926,5292.135748052579,1.0000502529797872
