mean,sd,mc_error,hpd_2.5,hpd_97.5,n_eff,Rhat
3.6030394514626947,0.2704078378449327,0.005247308017758669,3.072538323622057,4.120615921007076,3004.67171974699,1.0022609867310022
-174764.00095141938,5823.483052244905,115.53372909284955,-185465.72841750618,-163140.91084576488,2951.21589568024,1.001054327333221
