mean,sd,mc_error,hpd_2.5,hpd_97.5,n_eff,Rhat
25.022322227905505,4.619193987446036,0.07773270472679873,16.59663871030255,34.054047406439096,3988.419717463463,1.0005309852942579
