mean,sd,mc_error,hpd_2.5,hpd_97.5,n_eff,Rhat
9.418403071921054,0.96218923571864,0.012921895364035646,7.657086359300129,11.416846623065048,6349.328012045486,0.9999048597413107
