mean,sd,mc_error,hpd_2.5,hpd_97.5,n_eff,Rhat
7.356284224087246,0.4522293284822363,0.006118176929140957,6.523086785468236,8.287566452483093,5298.973247104735,1.0005575014675454
