mean,sd,mc_error,hpd_2.5,hpd_97.5,n_eff,Rhat
9.652319182667418,0.7679709849537031,0.011841063273642554,8.205774995402903,11.218283617978791,4603.163647522666,0.9999836520579314
