mean,sd,mc_error,hpd_2.5,hpd_97.5,n_eff,Rhat
10.914317416456738,0.5914200125198011,0.007773177784154266,9.753139008984629,12.059588404089611,5453.558024690892,1.0000202057879735
