mean,sd,mc_error,hpd_2.5,hpd_97.5,n_eff,Rhat
16.61326331000512,2.426181518592424,0.03290511426048587,12.170934488225386,21.523681771310176,5255.181383449588,1.0001387217993998
