mean,sd,mc_error,hpd_2.5,hpd_97.5,n_eff,Rhat
15.06934775556029,1.0014882224291624,0.011818923267923368,13.13138827780788,17.038029340096504,6482.876939905076,1.0000112438738062
-144821.41611141997,42648.60548263444,578.7641585831096,-225393.99292179584,-61357.06730401019,6040.508892316975,1.0001874659519487
