mean,sd,mc_error,hpd_2.5,hpd_97.5,n_eff,Rhat
9.798770046068672,0.3264118151310744,0.004325651349262527,9.180447605410155,10.451078159633742,5797.55685741716,1.0001530448311484
-498887.7159530648,1108.3530649648803,15.259259333328597,-499999.3983256115,-496676.6156343453,5885.017885159324,1.0000168493571837
