mean,sd,mc_error,hpd_2.5,hpd_97.5,n_eff,Rhat
15.275508925367777,1.0435973008111483,0.014794977653873654,13.235725046017134,17.26163884542037,5204.560993832575,1.0002192920458215
