mean,sd,mc_error,hpd_2.5,hpd_97.5,n_eff,Rhat
14.28782058992832,1.4576034193303704,0.01936665761748433,11.545779064521255,17.20361147299376,5633.786067419421,1.000020233124358
