mean,sd,mc_error,hpd_2.5,hpd_97.5,n_eff,Rhat
16.699447230621928,1.2814392933873702,0.015777885734602287,14.228829287200396,19.20355716103301,6628.572422291056,1.0004864025547273
-279311.96396149736,77510.47254270104,1300.0042870846942,-430751.54958509526,-128131.50989395588,3702.8972965004755,1.0005720418889992
