mean,sd,mc_error,hpd_2.5,hpd_97.5,n_eff,Rhat
5.24729895315798,0.4256435300458862,0.006082403119454066,4.414852147980652,6.066526642289196,4608.853360964768,1.001750184483605
-125828.26611459727,29146.213775062104,409.3479556827794,-183740.65238203658,-70107.54193272967,4282.74234357451,1.0001438177760282
