mean,sd,mc_error,hpd_2.5,hpd_97.5,n_eff,Rhat
2.2296689398934224,1.075571703747435,0.015741610676003166,1.000138108873298,4.370879525061688,4232.790134038771,1.0004143581028828
288450.7039845383,156047.41748455178,2972.358169293798,-10457.029524799766,499949.489790987,2922.448804169521,0.9998446587574289
