mean,sd,mc_error,hpd_2.5,hpd_97.5,n_eff,Rhat
12.483111980917815,0.4327037433123778,0.006259124546297736,11.608794096550644,13.29962067013831,5137.058869762543,0.9998988837583956
