mean,sd,mc_error,hpd_2.5,hpd_97.5,n_eff,Rhat
7.424334516598395,0.3865548076534635,0.0047559088283037915,6.6724143635202555,8.1737311036451,6150.520719207879,1.000546642869792
