mean,sd,mc_error,hpd_2.5,hpd_97.5,n_eff,Rhat
92.85990741578259,6.42989780570396,0.11986621060846259,79.91865507341332,99.99737221296661,2372.69485940105,0.9999530204673934
301158.0114471337,192805.3398361707,4151.8145506795345,-113775.98274512756,499868.2551547685,1920.4349016121485,1.001833091527889
