mean,sd,mc_error,hpd_2.5,hpd_97.5,n_eff,Rhat
11.625858336681297,0.8394155336115728,0.011114296818853236,9.950668355272422,13.231196766150452,5068.321330071113,0.9999756461534927
-293074.23772819695,40647.43180744848,544.4177765471796,-372098.59630283155,-212258.01054955294,5100.57434753882,1.000081357451884
