mean,sd,mc_error,hpd_2.5,hpd_97.5,n_eff,Rhat
7.416967888184161,0.1453129624186112,0.0021595283938147785,7.131593340018277,7.702538999360122,4757.41508826746,1.000125752450501
