mean,sd,mc_error,hpd_2.5,hpd_97.5,n_eff,Rhat
30.86546533553923,3.363100166479721,0.046484649055656024,24.9342371302078,37.898983184307944,4726.034481314226,1.0003120228681517
