mean,sd,mc_error,hpd_2.5,hpd_97.5,n_eff,Rhat
21.576802879842973,2.6195033660862763,0.041115833690346645,16.793827577196904,26.986157015335834,4364.103213134581,0.9999301269470074
328149.5241076763,52216.67247268061,769.5534240973748,221409.49888376505,427019.1250720097,4546.347171806438,1.0004249479137262
