mean,sd,mc_error,hpd_2.5,hpd_97.5,n_eff,Rhat
8.479270696996974,0.3251503632974446,0.0046247208722453555,7.8667396403252035,9.148826428319687,6274.825086022214,0.9998950982321408
