mean,sd,mc_error,hpd_2.5,hpd_97.5,n_eff,Rhat
6.699438114513267,0.38965464185072046,0.006108710272744533,5.910150792027867,7.434468740656696,3959.7302789079627,1.0003221726131426
