mean,sd,mc_error,hpd_2.5,hpd_97.5,n_eff,Rhat
7.765867431408658,0.9357345192158203,0.019349636780635206,5.939541066558904,9.565193256842322,2058.49601293106,1.000167152931332
-449355.2135381789,24204.65478593202,448.35357520139814,-498066.87237901066,-406925.63376575074,2966.278319278287,1.0001453291233058
