mean,sd,mc_error,hpd_2.5,hpd_97.5,n_eff,Rhat
4.580641796222639,0.21114978836851808,0.004364521478557188,4.168412752684706,4.991310477595955,2086.1007578645,1.0000784032936758
-41046.90629715024,8361.978956882542,172.87346042494497,-56687.113411354796,-24028.63902917418,2107.023401558828,1.0005760552398695
