mean,sd,mc_error,hpd_2.5,hpd_97.5,n_eff,Rhat
9.452287138048101,0.5929609875270938,0.00951400709702463,8.29681900883258,10.626354162425073,3827.641839197294,0.9999669984886911
88882.60222610654,69361.65561015774,1123.28621111617,-41994.66599501844,225878.86714280525,3622.7123907704276,1.0002314090755384
