mean,sd,mc_error,hpd_2.5,hpd_97.5,n_eff,Rhat
6.77768585872702,0.7139760123804746,0.008440419606712025,5.342639471508787,8.144199043745706,7059.45483102655,1.000152402339287
-166258.82225784773,26141.97316930512,288.9402016449641,-216060.2800008906,-114172.1389816695,7071.280502149591,1.0000855497577263
