mean,sd,mc_error,hpd_2.5,hpd_97.5,n_eff,Rhat
1.0329417181353642,0.036850876733898315,0.000511985985201949,1.000009952085133,1.104562147986387,4842.167675539365,0.9998259297052621
-498423.1928098263,1651.8631844620447,23.126396302294562,-499999.9240111992,-495206.86478794954,5249.167199571618,1.0000202612053097
