mean,sd,mc_error,hpd_2.5,hpd_97.5,n_eff,Rhat
6.855580850239444,0.8528483341605817,0.010228507863334759,5.146575471374338,8.489677000095183,5011.940983951947,0.9997640746282179
-257644.53150783037,30817.99116813466,397.2347197471246,-316339.50401937694,-198319.8440432935,4805.76350988521,1.0000953269698152
