mean,sd,mc_error,hpd_2.5,hpd_97.5,n_eff,Rhat
88.52108533832347,8.01565451576345,0.13608575137608778,73.50452614704228,99.98200416315763,3631.539837421804,1.0003399055062567
