mean,sd,mc_error,hpd_2.5,hpd_97.5,n_eff,Rhat
8.362192601428374,0.47885878900636136,0.007961011082773996,7.4830352186046944,9.323333849902305,4319.573975006509,1.0001538297940977
498344.8711289934,1690.5998919149877,19.035684531837006,494976.94982390595,499999.65268692357,5663.532523591718,1.0004093592842431
