mean,sd,mc_error,hpd_2.5,hpd_97.5,n_eff,Rhat
4.903815365152156,0.6166751986003296,0.00822937228216827,3.6981835369721225,6.108130409045385,4065.8285619933067,1.0004665083226838
-94344.53242011639,27255.996971055192,380.79760783803056,-146382.54728932516,-39116.951698840385,3816.9284626955164,0.9997893194762425
