mean,sd,mc_error,hpd_2.5,hpd_97.5,n_eff,Rhat
8.293462534092157,0.506697777407044,0.006290614887084119,7.283108907242661,9.2818544839865,5891.859778138127,0.9998998442011305
-39850.69106794665,28717.02240989371,417.9153655065813,-98025.50611493854,14489.676747186819,5393.413168571252,1.0000233442488233
