mean,sd,mc_error,hpd_2.5,hpd_97.5,n_eff,Rhat
78.10542845505098,16.653776180654834,0.2145588714984814,45.87227681454213,99.98571770257355,5141.065922593779,0.9999242865060626
