mean,sd,mc_error,hpd_2.5,hpd_97.5,n_eff,Rhat
12.41576858706367,1.5172905621386419,0.020084051086124446,9.56001354089,15.436910301942406,5467.962359166773,0.9999716664532099
