mean,sd,mc_error,hpd_2.5,hpd_97.5,n_eff,Rhat
4.8866503794972225,0.1826584508619957,0.0027036844768496917,4.541853385660206,5.250760836625106,3727.315175174053,1.0002109991765995
-116653.88388253134,5202.776736504729,77.00566830480105,-126562.31089911763,-106281.95471018553,3984.7001110949245,1.0002395335167176
