mean,sd,mc_error,hpd_2.5,hpd_97.5,n_eff,Rhat
9.597417735789795,0.9295410663469396,0.011064705359433527,7.699221219874911,11.318215176950535,6314.257096428762,1.0003826001458733
