mean,sd,mc_error,hpd_2.5,hpd_97.5,n_eff,Rhat
14.879681177783219,0.6745587379553301,0.0080473450161577,13.551401506257632,16.18751573822705,6148.072289248004,1.0000351282901652
