mean,sd,mc_error,hpd_2.5,hpd_97.5,n_eff,Rhat
5.5421960751638055,0.5281576048242168,0.006846239075412493,4.51582084750816,6.557289000256098,5583.0404404964975,1.0001377592411111
-263545.2644231647,15199.561321338691,200.5168547150776,-294029.54535648,-233656.6768850032,5667.555972482977,1.000055580478759
