mean,sd,mc_error,hpd_2.5,hpd_97.5,n_eff,Rhat
3.391619837034967,1.0247772325010085,0.028281384849912723,1.171620078436963,5.114956462690327,1139.2810827151293,1.002505648074349
-206680.3466959268,52212.9542383851,1537.0818020759436,-312824.6651245952,-106105.07678297204,1019.2174526194178,1.002747029437437
