mean,sd,mc_error,hpd_2.5,hpd_97.5,n_eff,Rhat
35.16230483192614,7.33816602218001,0.1302386132321594,23.108821113045362,50.5481527038262,2851.548889195768,1.0000539260893258
428135.5583015547,61691.019769828556,958.5189257490241,311182.750750619,499948.776972888,4857.339162404177,0.9998774189582944
