mean,sd,mc_error,hpd_2.5,hpd_97.5,n_eff,Rhat
5.4132789150427465,0.28950615167445437,0.004580780741206913,4.843070746143591,5.960993491966805,4633.697282293343,1.0000971189643408
-183472.97538466274,15702.223783580459,271.19787642322865,-214058.1581440314,-152028.7371297901,4466.472498841456,1.0002273148862968
