mean,sd,mc_error,hpd_2.5,hpd_97.5,n_eff,Rhat
22.22889333058166,1.210156696115553,0.016306035035691797,19.867005930340984,24.60136993896524,5425.393615395264,0.9998766825935476
