mean,sd,mc_error,hpd_2.5,hpd_97.5,n_eff,Rhat
8.673826768406677,0.5518123657991463,0.00792214809996613,7.573924116274815,9.712853883163882,5499.920749461003,0.9998903214143682
