mean,sd,mc_error,hpd_2.5,hpd_97.5,n_eff,Rhat
95.0358698269476,4.455463770359126,0.06413164483127082,86.03079228491882,99.99944303842842,5069.602986480802,1.0003359829587979
