mean,sd,mc_error,hpd_2.5,hpd_97.5,n_eff,Rhat
65.71615084484667,38.57883768705845,3.7382998079960403,1.0000020463961827,99.00093618075496,2.105745893252957,4.587363329511692
-437292.5407202239,84575.13245378803,3838.0137590108925,-499999.69066858845,-268593.82221725833,11.515183964463244,1.1362649852794429
