mean,sd,mc_error,hpd_2.5,hpd_97.5,n_eff,Rhat
1.000000150912521,1.5086565749132688e-07,2.214908275727371e-09,1.0000000000551268,1.0000004465531347,4950.346839141724,1.0004013628728194
499999.91056824994,0.08839019578778284,0.0011307070750860165,499999.73672980705,500000.0,5781.0021042519775,1.0000640573771433
