mean,sd,mc_error,hpd_2.5,hpd_97.5,n_eff,Rhat
5.676172519457277,0.41588201006668396,0.005791398936012214,4.8299428242602245,6.456299011781454,4960.794089197711,1.0003001626073769
-109712.03532300214,18410.96101944341,262.70919267929463,-146144.35179186967,-74127.21496375995,5040.731489203781,1.0005791878592318
