mean,sd,mc_error,hpd_2.5,hpd_97.5,n_eff,Rhat
9.493038533593671,0.4637551914807368,0.005738286263520057,8.606502442934508,10.391665581874477,5902.74160785045,0.9999078181592668
