mean,sd,mc_error,hpd_2.5,hpd_97.5,n_eff,Rhat
17.304994772782194,1.3987896187505797,0.019404072756059074,14.627506927763559,20.060894158803155,5748.759015273626,1.0008029612637628
