mean,sd,mc_error,hpd_2.5,hpd_97.5,n_eff,Rhat
7.3282912980929495,0.10984333037729879,0.0014732893466828044,7.1146183956801075,7.544015877049918,5951.13570737954,1.0007850805386154
