mean,sd,mc_error,hpd_2.5,hpd_97.5,n_eff,Rhat
14.49999374756417,0.39677610002652036,0.007121062406824924,13.720199916666713,15.265201270080484,2753.571428599405,1.001949616825531
482577.5872175341,13882.49912356351,217.46343361830904,455236.9896537466,499998.5158504312,4176.647833045967,1.0001063865779827
