mean,sd,mc_error,hpd_2.5,hpd_97.5,n_eff,Rhat
12.452600784031112,0.9726323819809792,0.013109595076652195,10.608858307895325,14.361476538733555,5846.051534107186,1.000541592358674
