mean,sd,mc_error,hpd_2.5,hpd_97.5,n_eff,Rhat
21.141913282744188,1.530829284830936,0.03117414758652533,18.106937610058722,24.043581764772487,2106.5899323865206,1.0017496942390764
435217.9010818163,27979.425103395188,605.5169546583159,385316.8896836149,495269.99531409075,2028.230115302955,1.0000725077308494
