mean,sd,mc_error,hpd_2.5,hpd_97.5,n_eff,Rhat
19.97441256012758,2.4089675353078026,0.04104595376402307,15.608674444095858,24.8401224845242,4604.817480790469,0.9999127537373071
