mean,sd,mc_error,hpd_2.5,hpd_97.5,n_eff,Rhat
26.410225349184707,3.007712883365007,0.04703181843618033,20.703330824542984,32.49081893404923,3466.311938436489,1.0003580622508883
112264.20896713268,76908.50294092766,1287.6975089599327,-40412.75681227613,256008.7208696109,3650.480333002984,0.9999029547069115
