mean,sd,mc_error,hpd_2.5,hpd_97.5,n_eff,Rhat
21.61871715506702,11.40424006619637,0.3089660019677972,7.472345162232564,42.839179973571454,1510.0895489886761,1.0013846339263348
