mean,sd,mc_error,hpd_2.5,hpd_97.5,n_eff,Rhat
14.082883779523081,1.2998859817367174,0.018554394132245883,11.649944972782135,16.647070483875577,5084.92452279946,0.9999498711965248
