mean,sd,mc_error,hpd_2.5,hpd_97.5,n_eff,Rhat
10.592094964407282,0.764425830979835,0.009440065182638933,9.091658178370007,12.096296040663589,6090.731575987714,0.9999721481233471
