mean,sd,mc_error,hpd_2.5,hpd_97.5,n_eff,Rhat
8.25938168555737,0.20394258809947854,0.0026907472044118896,7.86170961556178,8.65590034043643,5566.147852809874,1.0006088231981882
