mean,sd,mc_error,hpd_2.5,hpd_97.5,n_eff,Rhat
11.913548908011276,2.0155943771649585,0.044488368051527095,8.335998135613345,15.949230317052775,1866.78243661074,1.0008658464550761
-33053.852385812665,59018.5078657376,1356.235768602003,-155218.3172317953,70488.42658643017,1903.1144704834203,1.001327937943018
