mean,sd,mc_error,hpd_2.5,hpd_97.5,n_eff,Rhat
6.9677412549400115,0.20680342307936914,0.0031252597312690137,6.5760214855557795,7.398792575413379,3942.5968236284352,1.0000449223657264
-128169.71071309132,11250.817326821785,169.5262589536539,-150198.97836448564,-105946.20357210422,3757.7332942700077,1.0008003150299802
