mean,sd,mc_error,hpd_2.5,hpd_97.5,n_eff,Rhat
3.5355718215455134,0.3604213106829648,0.005049880748454855,2.8311444854280707,4.246707266640593,5093.6228767512775,1.0003523443137132
-214516.8356931256,5842.791196439451,75.14708774123524,-226157.71841494692,-203249.94777979434,5995.117279663755,1.0001001390485764
