mean,sd,mc_error,hpd_2.5,hpd_97.5,n_eff,Rhat
7.557243427147201,0.49306788863681855,0.005747164842556314,6.61553389616485,8.549167025495263,6295.713491099613,0.9998137274633584
-274772.3430953802,20302.48421762484,249.40268619776316,-312539.67269510496,-233355.5525288102,5926.979008613199,0.9998114562721996
