mean,sd,mc_error,hpd_2.5,hpd_97.5,n_eff,Rhat
8.631456683249741,0.24620447936962167,0.00318649994233213,8.14844467244016,9.107617838389901,5442.68206865715,1.0008640206735007
