mean,sd,mc_error,hpd_2.5,hpd_97.5,n_eff,Rhat
4.601103324365967,0.19767694292906726,0.0020385130952334353,4.213404453857636,4.985444359309959,7020.040128189755,0.9999662504194957
-196973.78267395982,4724.876089116248,56.44179650771348,-206137.0366053576,-187666.9562361445,7076.8211616693125,1.0000166390890202
