mean,sd,mc_error,hpd_2.5,hpd_97.5,n_eff,Rhat
93.56553178877923,5.818260414456676,0.08811310786827195,81.96473193393969,99.99986930887586,4159.207871383706,1.000206693737146
