mean,sd,mc_error,hpd_2.5,hpd_97.5,n_eff,Rhat
4.070847705452367,0.6184153347269529,0.012751301725443264,2.8543618465435623,5.30506573594405,2465.556425574733,1.0018173350563448
-152519.2760664525,15616.465738489425,329.74230818101285,-183709.81884880515,-122744.74069216124,2377.255823551058,1.00243790478324
