mean,sd,mc_error,hpd_2.5,hpd_97.5,n_eff,Rhat
94.76623188277935,4.7227491538549735,0.07206918277276891,85.33548323380673,99.99679346166894,4559.704406279484,1.0000168764590438
