mean,sd,mc_error,hpd_2.5,hpd_97.5,n_eff,Rhat
5.890427367371435,0.5070641844179126,0.00766760439941231,4.918845730780657,6.903916507287047,4978.265827371517,1.0004387685618805
