mean,sd,mc_error,hpd_2.5,hpd_97.5,n_eff,Rhat
1.1213410846661984,0.11430050439750913,0.001867919170845215,1.0000620724717508,1.3556864251530827,4152.799865235441,1.000796948443589
