mean,sd,mc_error,hpd_2.5,hpd_97.5,n_eff,Rhat
25.88933725503974,2.942349588527665,0.04674548163659829,20.34259345939643,31.436735109541388,3718.90021415214,1.000484304014781
467183.9301791367,31320.114361390402,429.03632000588993,404315.1445295998,499996.31655963464,5166.76491564238,1.0007957319269039
