mean,sd,mc_error,hpd_2.5,hpd_97.5,n_eff,Rhat
5.261789103790095,0.13626751652891983,0.0017441080739548816,4.997499470480344,5.530689193282973,4320.007165573803,0.999968608721055
-105691.61206709147,4168.791199789679,60.76381169810145,-113741.4361877192,-97588.30281212916,4364.609346166137,0.9998186362825522
