mean,sd,mc_error,hpd_2.5,hpd_97.5,n_eff,Rhat
23.634569854894963,3.0347781560556637,0.04138627325508158,18.14843122714169,29.80795685064232,4974.6108492174435,1.000041614093445
