mean,sd,mc_error,hpd_2.5,hpd_97.5,n_eff,Rhat
4.979697471589596,0.19661115275326688,0.0021592039591260257,4.601673434106747,5.367875662832544,7572.628894791486,1.0002261118431675
-268226.6749890748,5572.160227543518,65.21090455812927,-279118.7028192421,-257391.17114193516,7542.213581762047,1.0001804466259354
