mean,sd,mc_error,hpd_2.5,hpd_97.5,n_eff,Rhat
9.258128517605389,0.27428874653317514,0.0038389146817110927,8.726178607995903,9.797657320632354,5571.130497182051,1.0002068853894817
