mean,sd,mc_error,hpd_2.5,hpd_97.5,n_eff,Rhat
35.643814577029254,2.891539373003736,0.03993326375125393,30.215493026043998,41.357605159829845,4598.91492057776,1.000099450644159
