mean,sd,mc_error,hpd_2.5,hpd_97.5,n_eff,Rhat
8.104590002162768,0.4297306890520823,0.005458980566344403,7.292376089457381,8.952874619597205,5623.7554649434405,1.0001308399642213
