mean,sd,mc_error,hpd_2.5,hpd_97.5,n_eff,Rhat
1.0094276532298303,0.00993855914129681,0.00012110481709066417,1.00000232121568,1.0291485503514706,4701.440658491099,1.0004458074709195
