mean,sd,mc_error,hpd_2.5,hpd_97.5,n_eff,Rhat
8.942548776384891,0.6558162270850741,0.008513675542644001,7.675283258671565,10.209296470832422,6199.2502613934685,0.9999555218145322
