mean,sd,mc_error,hpd_2.5,hpd_97.5,n_eff,Rhat
5.891071304155819,0.35161765062518835,0.004932414446035588,5.2158030945779705,6.597072178832919,5282.292343084426,1.0004973786643727
