mean,sd,mc_error,hpd_2.5,hpd_97.5,n_eff,Rhat
90.72706786322074,8.173364969955717,0.12081079743730731,74.36453039243261,99.9969931206905,4230.000521124499,0.9999541566142658
