mean,sd,mc_error,hpd_2.5,hpd_97.5,n_eff,Rhat
24.496467522784005,1.278695778018174,0.022756274059521537,21.846918525580712,26.871899386672588,3619.3904754926025,1.0007329122871444
-486172.6534571683,12632.15166313754,201.79008049880537,-499980.0565445592,-460656.274122979,4286.063409875816,1.0003496390398159
