mean,sd,mc_error,hpd_2.5,hpd_97.5,n_eff,Rhat
9.324645816681947,0.6068692112539456,0.006773740153721603,8.166538017080759,10.509452449429238,6061.339322881636,1.0000081423895613
