mean,sd,mc_error,hpd_2.5,hpd_97.5,n_eff,Rhat
11.916757590795704,0.529654245224238,0.007102338271565293,10.939630189928359,12.98494128984856,4493.398058976508,1.0005797014160698
