mean,sd,mc_error,hpd_2.5,hpd_97.5,n_eff,Rhat
7.877217023528643,0.35232346380431245,0.0050508017570348755,7.174157899882468,8.558697146161691,4685.491630634718,1.001135374367808
