mean,sd,mc_error,hpd_2.5,hpd_97.5,n_eff,Rhat
9.76900235042537,0.49985592617107527,0.007030509181247939,8.827682647015806,10.79033057538783,5349.505808360563,1.0003264754378565
