mean,sd,mc_error,hpd_2.5,hpd_97.5,n_eff,Rhat
6.023168357333594,0.38754950932039395,0.004125222265218427,5.232658572225697,6.755511159704129,7457.932746369686,0.9998805199586683
-205747.02539947102,13673.128096660612,166.09323280356693,-232976.88136623596,-179788.95394314386,6869.777153864691,1.0001245477841734
