mean,sd,mc_error,hpd_2.5,hpd_97.5,n_eff,Rhat
9.07026235290992,0.29304969012228516,0.0038371173982747102,8.48503040989626,9.626796242754223,5616.619929922217,1.0000973729253608
