mean,sd,mc_error,hpd_2.5,hpd_97.5,n_eff,Rhat
6.002904014888278,0.6988252679633521,0.009950427467764167,4.617415992350941,7.354173173927279,4596.94318857821,1.0001098515875393
-190091.41262183787,34442.43433677973,511.93222181105904,-255320.1047131562,-122782.15357294309,5241.226582306186,1.0000015422254351
