mean,sd,mc_error,hpd_2.5,hpd_97.5,n_eff,Rhat
6.675863515325676,0.4121101400025466,0.008717253466092343,5.870317604578465,7.476350931501369,2058.537815084773,0.9999946762724735
237393.340029628,22529.44151374968,498.032874171655,192120.90463094978,279776.98474701593,2024.866460048914,0.9999221222381219
