mean,sd,mc_error,hpd_2.5,hpd_97.5,n_eff,Rhat
4.943663730197811,0.3088954085555984,0.005543149088403901,4.334143525301183,5.541606863896929,2918.52406600583,1.0005693323157525
-101086.14847634334,9016.020355393937,158.09199708727505,-119623.28515173204,-84313.75540843756,3015.7904459538304,1.000930338010302
