mean,sd,mc_error,hpd_2.5,hpd_97.5,n_eff,Rhat
7.97811895664498,0.4585537652599913,0.0068372109638314416,7.099433157244873,8.894032922645254,4705.198134073351,1.0005536908098505
