mean,sd,mc_error,hpd_2.5,hpd_97.5,n_eff,Rhat
8.591918272064206,0.48099201038206,0.00650921809985536,7.663205685820184,9.567416055579024,6189.531457968639,0.9998861465318579
-234077.62145753924,24970.076342584856,335.01261066317153,-282059.71332300955,-184928.80007450012,4761.308385932672,0.9999057276364617
