mean,sd,mc_error,hpd_2.5,hpd_97.5,n_eff,Rhat
6.567567971461062,0.4693229486678032,0.00675422955375084,5.612525688840984,7.443069176495383,4436.365016307095,1.0006114606512324
