mean,sd,mc_error,hpd_2.5,hpd_97.5,n_eff,Rhat
17.4609327587004,1.4057386006387957,0.016286775918032827,14.687318314505946,20.163498021809904,5450.19717241003,0.9999294078785924
