mean,sd,mc_error,hpd_2.5,hpd_97.5,n_eff,Rhat
7.1336599277222135,0.3158607389349008,0.0034783696055207466,6.507952546070369,7.733027677870958,6825.522591844732,0.9999755947881439
-167771.58009466517,12426.155904725969,143.13805205607545,-192991.85323099955,-144064.4845517991,7028.066241439553,0.9998605302846288
