mean,sd,mc_error,hpd_2.5,hpd_97.5,n_eff,Rhat
8.937420349983315,0.7946379532200828,0.011621315331952601,7.333296500963754,10.45159878288672,5308.440106093895,1.0005886789163185
