mean,sd,mc_error,hpd_2.5,hpd_97.5,n_eff,Rhat
9.062420228840798,2.2282527332925985,0.026485095792985747,5.0622426304124,13.645967856424926,5260.34482822657,1.0002388368354616
-79259.00546511234,111624.64499945733,1528.1491531366773,-298632.2708403504,145453.96825053368,4973.802767790015,0.9998913484493399
