mean,sd,mc_error,hpd_2.5,hpd_97.5,n_eff,Rhat
7.63542745583593,0.5657355626470942,0.006935789120269133,6.598347536474509,8.77402736514401,7022.085414185906,0.9999109988955666
-258242.89114803929,23268.945774754888,304.99621712671353,-303824.4466949341,-213635.48599325572,6633.310557498056,0.9997732477481089
