mean,sd,mc_error,hpd_2.5,hpd_97.5,n_eff,Rhat
7.579110814884732,0.5387826249556054,0.006921876340949015,6.502663555289143,8.597798168230309,5206.8353638945455,1.0003997354528695
