mean,sd,mc_error,hpd_2.5,hpd_97.5,n_eff,Rhat
8.590940871835894,0.47524542179034573,0.007280953717131432,7.688044879648051,9.53474617093999,5447.222665388945,1.000310043950998
-234009.17749693172,25117.906827608887,330.7566333934296,-282351.00881270185,-185376.39021123166,5013.190837146114,1.0002119087406205
