mean,sd,mc_error,hpd_2.5,hpd_97.5,n_eff,Rhat
7.378361114221458,0.4802136767781408,0.006004727531412148,6.444247692075028,8.319509467946416,6631.384179791017,1.0000729239389834
-194388.13115286667,27124.91041921488,375.4840639377985,-249190.58024898916,-143139.47225927937,6439.088684806253,1.0003220077613038
