mean,sd,mc_error,hpd_2.5,hpd_97.5,n_eff,Rhat
13.89403397608086,0.9564037921262577,0.014503718579194396,12.029521909270002,15.743926619423993,5547.954514933223,1.0005384283558914
