mean,sd,mc_error,hpd_2.5,hpd_97.5,n_eff,Rhat
7.905007384854994,0.20406178341793008,0.0023715271640229706,7.518756436941286,8.32065406277369,6159.460258272262,0.9999847022694093
