mean,sd,mc_error,hpd_2.5,hpd_97.5,n_eff,Rhat
5.017438111925315,1.8916299043300908,0.04497443044405484,1.2985918965579757,8.572179337554365,1880.3225869424114,1.0008364205474436
-383271.07466879487,65825.79282772029,1912.0399978037597,-499115.51997835486,-272365.56399409013,924.4030836020489,1.0005833502665737
