mean,sd,mc_error,hpd_2.5,hpd_97.5,n_eff,Rhat
8.74750914870842,0.35169556678898384,0.003965068746582934,8.052354816118532,9.425712881520328,7231.052121856391,0.9999856582346982
-214298.5215218989,21865.971810097035,309.6957859429159,-255246.26766877036,-170131.68078332636,6696.074767708914,1.000120416592146
