mean,sd,mc_error,hpd_2.5,hpd_97.5,n_eff,Rhat
10.298233007213772,0.4749633480547682,0.005144721191582672,9.370216110602477,11.244400977167725,7549.913529897716,1.000020785546442
-172070.11012282898,32308.9708144615,354.40298259566856,-232986.22402942993,-106589.70663941564,7643.048061384613,0.9999432445153964
