mean,sd,mc_error,hpd_2.5,hpd_97.5,n_eff,Rhat
1.5961338982784903,0.5569607433051822,0.007607534788692809,1.0000259044224866,2.656993982946645,4238.1565787775235,1.0000675447135037
