mean,sd,mc_error,hpd_2.5,hpd_97.5,n_eff,Rhat
10.478032789616373,0.4771316042497614,0.0066128268727114175,9.552596094329637,11.406263493289538,5120.394275194837,1.0006437215258042
