mean,sd,mc_error,hpd_2.5,hpd_97.5,n_eff,Rhat
6.858493496960016,0.49638361593275127,0.005483052297849011,5.92455483756488,7.8431540866601885,8028.302459424522,0.9999217815791461
-209508.5585701561,19585.579941311866,225.57378582008974,-248818.66739565472,-172956.92418578872,6952.445709267281,0.9999008847572997
