mean,sd,mc_error,hpd_2.5,hpd_97.5,n_eff,Rhat
4.312761769478256,0.7212489022588319,0.022427825500754776,2.908460597676217,5.720377258262145,979.7134719397177,1.0050900875255186
-486787.51274059043,10870.095287884471,350.34945616293993,-499991.71308006573,-464844.0764106559,905.7550897853316,1.005724832914892
