mean,sd,mc_error,hpd_2.5,hpd_97.5,n_eff,Rhat
4.625421486314612,1.4203252064467684,0.02615276552947516,1.9039812159861407,7.52368645501289,3174.235629212462,1.0008579698679758
215760.88008009686,184171.86506331037,2664.401446545961,-117869.68212438759,499952.07642447983,4634.7902209712065,1.0006417908867138
