mean,sd,mc_error,hpd_2.5,hpd_97.5,n_eff,Rhat
5.139612128648225,1.5307761246159945,0.04123499830359696,2.0560902286059495,8.087476328842333,1336.1212602859348,1.000623012591004
