mean,sd,mc_error,hpd_2.5,hpd_97.5,n_eff,Rhat
8.836813856578365,0.4776648624215626,0.006594594071157804,7.888995751898518,9.777420353996028,5763.664654324816,1.000264408473425
