mean,sd,mc_error,hpd_2.5,hpd_97.5,n_eff,Rhat
5.801359836250032,0.298177656283169,0.003739589651138354,5.237810723305313,6.395897928767812,7093.675881276431,1.00003166147641
-244812.5260105218,11074.844903431427,118.39649878030966,-267533.13624302915,-223835.5191180013,7624.608784405018,0.9998097943460806
