mean,sd,mc_error,hpd_2.5,hpd_97.5,n_eff,Rhat
4.913017991507908,0.284049520582397,0.006469469234521273,4.35599857964248,5.455869281069506,1996.8384636868175,1.0004115080570688
319740.5927612859,26023.387956858092,608.1458786635778,267350.45384704025,368559.90795597935,1941.803500045017,1.0006319544479512
