mean,sd,mc_error,hpd_2.5,hpd_97.5,n_eff,Rhat
13.459594085964895,4.404411679520204,0.06790900685932541,6.296750685980943,22.60768024751182,4152.369693710613,0.9997588384899854
-288409.62685473263,159526.69195548163,2628.2804865460107,-499922.4502660237,19823.608926677338,4053.2456676462407,0.9999272620670755
