mean,sd,mc_error,hpd_2.5,hpd_97.5,n_eff,Rhat
29.182417689271848,2.3597146522831878,0.03610606500462242,24.70334445869127,33.83034959934786,5067.741867727094,1.0004108527827742
