mean,sd,mc_error,hpd_2.5,hpd_97.5,n_eff,Rhat
9.769855924795278,0.5080328364570351,0.007366280712821508,8.776638876521814,10.758426978840081,5287.040707932055,1.0001867907737596
