mean,sd,mc_error,hpd_2.5,hpd_97.5,n_eff,Rhat
10.760346802936352,0.5825434392932758,0.008722997065937581,9.627554715719942,11.904072413535829,5649.013570376394,1.0001948628757016
