mean,sd,mc_error,hpd_2.5,hpd_97.5,n_eff,Rhat
1.0098148760784003,0.00969032143534277,0.0001461644279548031,1.0000000674272074,1.0295896307485985,4543.957640954428,0.9999579177250182
-498194.7023479788,1827.3111382200534,34.43193331851238,-499998.5422572853,-494435.5942737143,3407.3480690901647,1.0000043631352353
