mean,sd,mc_error,hpd_2.5,hpd_97.5,n_eff,Rhat
30.87315657276958,1.3758413114091528,0.017681452392590506,28.253464650343318,33.60414103591785,5508.328786252332,1.0000150647459376
