mean,sd,mc_error,hpd_2.5,hpd_97.5,n_eff,Rhat
6.19857926219028,0.87440492238668,0.010691255776024299,4.622259628434103,7.984967742975061,6341.630287469996,1.000090855460663
