mean,sd,mc_error,hpd_2.5,hpd_97.5,n_eff,Rhat
8.051251543928354,0.19023591857101307,0.002659927929134008,7.682946990873082,8.424369699662675,5027.250491755907,0.999906269678261
