mean,sd,mc_error,hpd_2.5,hpd_97.5,n_eff,Rhat
6.065221798752286,1.1889220596254582,0.021253460002576642,3.717134955656135,8.372303377304618,2874.3346279397683,1.000381660964058
