mean,sd,mc_error,hpd_2.5,hpd_97.5,n_eff,Rhat
5.312458890807149,0.36614944526279103,0.004984957384834883,4.601486858021991,6.032889092406566,5701.7948911389385,0.9999005489195378
-45629.16583562938,21890.894808764435,277.83804762355464,-86718.54070082269,-1105.7559656004746,4747.4853720282645,0.9997917396130992
