mean,sd,mc_error,hpd_2.5,hpd_97.5,n_eff,Rhat
3.434939978038331,1.2691707442446496,0.03244289825896511,1.0086044079955878,5.614577021693268,1332.8607662098148,1.0025682767175068
-18648.509199308508,139206.10011689077,3875.9668739718045,-271081.21009179024,247442.1744118962,1164.5878899376423,1.003598402142055
