mean,sd,mc_error,hpd_2.5,hpd_97.5,n_eff,Rhat
10.561833231978556,0.379785638798361,0.004586672300849833,9.843765990469555,11.315686094924605,6155.197582783272,0.9999488877735834
