mean,sd,mc_error,hpd_2.5,hpd_97.5,n_eff,Rhat
5.594009731460934,0.9886493730988495,0.012545934347291876,3.681866102264458,7.572113052127806,4905.5575879619,0.9998902122999167
-67909.65630424228,50434.54924281902,761.5980983317085,-159054.124650985,35790.76574458884,4413.508207082178,0.9999425920493241
