mean,sd,mc_error,hpd_2.5,hpd_97.5,n_eff,Rhat
8.00932644765702,0.6114789971380781,0.008412310971520485,6.859276847321372,9.234254144070563,5746.777429101724,1.000113431170886
