mean,sd,mc_error,hpd_2.5,hpd_97.5,n_eff,Rhat
7.3896120769828,0.5261875266428687,0.012620043808506865,6.344908740895191,8.394862182843713,1460.7371974032758,1.0005210019072983
250280.38280911694,29672.73547937649,699.6299641669734,192947.21791968294,308464.386720796,1449.3751233316407,1.0004183980254702
