mean,sd,mc_error,hpd_2.5,hpd_97.5,n_eff,Rhat
8.174189553645881,0.9560707235980332,0.00978770954462806,6.286064813316615,10.11539595764924,10286.04276503479,1.0003290942315752
-146879.67747334906,83032.06118162982,729.0283080709647,-314230.78629573167,21639.83511305423,11952.625960298517,1.0000501074544847
