mean,sd,mc_error,hpd_2.5,hpd_97.5,n_eff,Rhat
5.667984742633261,0.3796148817474871,0.005130341477540523,4.940105805136644,6.4126484594149815,5171.263057456387,0.9998475675269853
