mean,sd,mc_error,hpd_2.5,hpd_97.5,n_eff,Rhat
29.853811563149133,2.038064615874551,0.026800926181018342,26.089768241974173,33.97782006679834,5723.395600799069,1.0000190764711892
