mean,sd,mc_error,hpd_2.5,hpd_97.5,n_eff,Rhat
4.909937734239949,0.4803542282788873,0.007341161862314899,3.925218113856069,5.81340710815622,4033.4609138631467,1.0008539333517608
-121433.40746523275,32559.755129870264,517.6085795082806,-182660.1559744996,-55597.94661413431,3365.8912698730446,1.000359744952366
