mean,sd,mc_error,hpd_2.5,hpd_97.5,n_eff,Rhat
4.704270820083201,1.033032441148605,0.016529925987689716,2.7488553736357937,6.826712759080459,3490.918647437274,1.0000538766219755
-247686.74297318835,21384.027030483365,282.61415752422084,-290002.66449798056,-203984.85311835035,5317.081407466685,1.0000228905700477
