mean,sd,mc_error,hpd_2.5,hpd_97.5,n_eff,Rhat
7.487807098923404,0.266600303231941,0.004107843765190408,6.9798342261621995,8.021781297456798,4405.034646278159,1.0000866062957925
-46558.695681703575,9030.825102275123,142.26794179630468,-65332.74900944475,-29969.23095153081,4762.753259783543,0.9999299787879761
