mean,sd,mc_error,hpd_2.5,hpd_97.5,n_eff,Rhat
6.573135847517136,0.18648335513254288,0.002439689116089707,6.220463064284631,6.939907706717809,6266.006777797895,1.0008179769587684
