mean,sd,mc_error,hpd_2.5,hpd_97.5,n_eff,Rhat
58.91792224448254,2.0338208039712935,0.05433700452735394,54.9991290552001,62.92197111365092,1233.7775516283878,1.00153537356076
-327747.4880584853,23249.682478517618,618.3605813875881,-375955.01429269783,-285150.42082816357,1115.6710438388025,1.0004515227957276
