mean,sd,mc_error,hpd_2.5,hpd_97.5,n_eff,Rhat
5.626908055001638,0.35086273753991487,0.004205552900105087,4.9958626759584215,6.352503648454034,5987.841773672164,1.0001956909854415
