mean,sd,mc_error,hpd_2.5,hpd_97.5,n_eff,Rhat
5.88485041471309,1.0253285215802088,0.021501965761061614,3.828816091377535,7.898559174699908,2054.9086944921128,0.9997686021584989
-477375.11864355876,16394.0537164768,315.2466851489163,-499996.34439302224,-446533.4143483427,2463.9238666045576,1.0002466963762284
