mean,sd,mc_error,hpd_2.5,hpd_97.5,n_eff,Rhat
7.993206250289877,0.29082158213640563,0.00421231436021858,7.424874390361042,8.563336734965164,4907.821417502911,1.0000294059037436
