mean,sd,mc_error,hpd_2.5,hpd_97.5,n_eff,Rhat
6.9208303413638905,0.24667427299855185,0.003301151033439353,6.4474109742423575,7.413925841476647,5241.428986308661,0.9998773976911419
