mean,sd,mc_error,hpd_2.5,hpd_97.5,n_eff,Rhat
20.011248038091942,0.30218054205773204,0.00602923985233976,19.43514641066444,20.625554128370762,2321.742920674445,0.9999048830880362
190398.73056597757,6942.869620929917,151.94738900448866,177540.16378703676,204693.0981400966,2114.7399347539267,1.0003876982986257
