mean,sd,mc_error,hpd_2.5,hpd_97.5,n_eff,Rhat
5.34470976428819,0.27700516134711,0.004147309850582216,4.836454312980035,5.922698038623272,4784.306847708275,1.000739814877103
