mean,sd,mc_error,hpd_2.5,hpd_97.5,n_eff,Rhat
7.399345346253349,0.6646561968686733,0.007795891111040752,6.133322712657629,8.716283650474647,5876.946913577738,1.0001568519841888
-257048.23506662686,29251.08002456314,396.9484634499755,-309758.29054403235,-197001.9161596802,5745.92439757901,1.0001254029569386
