mean,sd,mc_error,hpd_2.5,hpd_97.5,n_eff,Rhat
12.529234516983639,0.7331668579276219,0.01092149035398194,11.130650493463094,13.979580466396532,5699.866734654894,1.000092843065716
