mean,sd,mc_error,hpd_2.5,hpd_97.5,n_eff,Rhat
9.114179759654473,0.3406444613898688,0.004261332897249956,8.441764530995151,9.783751933321854,6139.971842721123,1.0003292925738136
