mean,sd,mc_error,hpd_2.5,hpd_97.5,n_eff,Rhat
20.337428204226153,3.917952626245933,0.09368967751888761,12.941357081058504,27.921067268223172,1596.1248971797843,1.0046723978230254
-352956.10383743705,91474.96474696032,2200.3005177910973,-499456.3432497441,-190941.47488291052,1609.2591939187273,1.0037048577166647
