mean,sd,mc_error,hpd_2.5,hpd_97.5,n_eff,Rhat
6.138889698847049,0.4519096622682728,0.006603912409119296,5.289185090167893,7.052860443238863,5544.676666562883,0.9998250161123714
-149955.57573770225,27795.670856757715,379.25650521871,-201767.34227985927,-94564.46461527623,5568.726093969069,1.0007720742037671
