mean,sd,mc_error,hpd_2.5,hpd_97.5,n_eff,Rhat
7.1805186224175355,0.45737122232691996,0.0067039336790351315,6.278118702628425,8.044030464318096,4258.672873270413,1.0000761403644571
-138078.9413827887,19240.769457353592,262.99822841049905,-175608.91830689096,-100427.36420239734,4206.988177488907,1.000145085268866
