mean,sd,mc_error,hpd_2.5,hpd_97.5,n_eff,Rhat
23.414747985545464,13.80234664978029,0.2873549055462855,4.567250001589748,51.29555118477333,2261.0177114315593,1.0000709873337557
-280463.17158219527,210351.48921340454,4097.682299915117,-499928.9138590926,183485.41249508044,2658.2357698827664,0.999806663547356
