mean,sd,mc_error,hpd_2.5,hpd_97.5,n_eff,Rhat
4.02201737750137,0.5710707671509329,0.01252085442097052,2.94338431315478,5.1804293044850915,2401.5076912759732,1.0004056088509774
-160188.36970689284,12373.69333216514,237.48361442409265,-184709.957848119,-136711.48761283397,2594.7560713838584,0.9999855306292482
