mean,sd,mc_error,hpd_2.5,hpd_97.5,n_eff,Rhat
21.246772219575046,0.2749218218071017,0.005436658054675652,20.73596846361389,21.799450963796573,2545.7699558764934,1.0012056455973877
-44092.10914584902,9086.581053808355,214.52997062491835,-61695.40873065016,-26158.68425569745,2261.2681045064564,1.00234270110714
