mean,sd,mc_error,hpd_2.5,hpd_97.5,n_eff,Rhat
1.0000001307664288,1.3045193661902874e-07,1.7080697346493966e-09,1.0000000000983926,1.0000003862321167,4562.280398278257,0.9999079191120464
499999.92239985376,0.07938681094445993,0.0013746546268925451,499999.76702037716,500000.0,4041.0062742626073,1.0002087045869865
