mean,sd,mc_error,hpd_2.5,hpd_97.5,n_eff,Rhat
7.28916577071006,1.9698979096216598,0.02905729016976723,3.8108847329653885,11.208106905111121,4629.681443696228,1.0001011829230413
