mean,sd,mc_error,hpd_2.5,hpd_97.5,n_eff,Rhat
7.566603637188181,0.6189828849129511,0.008521230323940707,6.34157464504542,8.736691126484732,6260.1635240238975,0.9998894014986481
