mean,sd,mc_error,hpd_2.5,hpd_97.5,n_eff,Rhat
9.82249417708356,0.5303460888338949,0.007313817351909821,8.797535583647356,10.838957750063658,5157.223776694629,1.0009288605263362
