mean,sd,mc_error,hpd_2.5,hpd_97.5,n_eff,Rhat
3.323490478168289,0.8858462925266066,0.03428819080474067,1.4990598219602767,5.049616152808893,731.0587562477915,1.0012165050828206
-159674.45370305332,57849.881606147595,2322.5848751214426,-286636.49353160453,-51338.06782318567,673.0376035412714,1.0010852797852114
