mean,sd,mc_error,hpd_2.5,hpd_97.5,n_eff,Rhat
8.709520103689975,0.6560176348473238,0.008556524640608432,7.4730797115983165,10.058757089820329,5220.7875601572905,1.000251673477711
