mean,sd,mc_error,hpd_2.5,hpd_97.5,n_eff,Rhat
4.288089014145205,0.3596117334637385,0.009466782850022077,3.6136454094127983,5.017843516627903,1311.8126570334562,1.0003960503551539
91549.42238321756,24331.127432928282,642.0413817342289,45499.43527021849,141815.0378421853,1291.1012175471058,1.0001381835469263
