mean,sd,mc_error,hpd_2.5,hpd_97.5,n_eff,Rhat
7.413381263218014,0.471821882179889,0.005469850986053101,6.443643809013147,8.283145234056862,6511.229245523591,0.9999185624565523
