mean,sd,mc_error,hpd_2.5,hpd_97.5,n_eff,Rhat
37.575331865305806,0.5666516856744236,0.006256045002016713,36.4503995734043,38.66645270286461,5905.151574121853,1.0011965164260042
