mean,sd,mc_error,hpd_2.5,hpd_97.5,n_eff,Rhat
8.310785142722157,0.661913322474441,0.009076914464898637,7.1219966779262345,9.641017404196372,5631.917417912666,1.0000340055385464
