mean,sd,mc_error,hpd_2.5,hpd_97.5,n_eff,Rhat
10.508089159319514,0.32857863872477144,0.004238721576044479,9.864074391762346,11.140908790969567,5863.662724580372,1.0002356647461286
