mean,sd,mc_error,hpd_2.5,hpd_97.5,n_eff,Rhat
5.4261886485182185,0.3619427252322439,0.006182289488438046,4.720123179662926,6.125606631853853,3701.7998136491688,1.001200915053354
-88437.07130860974,11483.446516788075,189.03774269132936,-110693.96864909376,-66011.80757345793,4041.8995128058914,1.0013922311046974
