mean,sd,mc_error,hpd_2.5,hpd_97.5,n_eff,Rhat
9.93510936174706,0.4204717800911621,0.00525247400031092,9.132620562884302,10.789104450231447,5893.973708283446,1.0000696380154495
