mean,sd,mc_error,hpd_2.5,hpd_97.5,n_eff,Rhat
6.6760208575969715,0.1795075783917008,0.0024874339971306426,6.330016009675454,7.040565788551732,5202.547594393936,0.9999011378818605
