mean,sd,mc_error,hpd_2.5,hpd_97.5,n_eff,Rhat
8.117002853134435,0.5021783113387239,0.0060214924744752185,7.1134839968095305,9.07293918990941,6360.324964354478,0.9999174524498289
-250431.00515001648,23603.605041472947,294.26298318642483,-296238.28541447595,-203927.77006163343,6655.378393174107,1.000232664106567
