mean,sd,mc_error,hpd_2.5,hpd_97.5,n_eff,Rhat
6.804222561596361,0.7931119914574616,0.010922885363214315,5.29661569341863,8.397381130055217,5556.642009863285,0.9998729569581111
