mean,sd,mc_error,hpd_2.5,hpd_97.5,n_eff,Rhat
6.236754740938788,0.19189036615966681,0.0025833925825023375,5.868442396080605,6.615408886704286,5253.365482742837,1.0001163674334068
