mean,sd,mc_error,hpd_2.5,hpd_97.5,n_eff,Rhat
4.921343666223679,0.1300480173171953,0.0015987507203691401,4.679803818749518,5.186865032862365,5111.026209015862,0.99997924363716
