mean,sd,mc_error,hpd_2.5,hpd_97.5,n_eff,Rhat
20.18398191759533,5.393350395683251,0.32550539901275777,9.122839961912923,28.467044656508943,188.74978288035942,1.0034281920522317
-3352971.8719164673,1174636.5516250369,66401.34830674317,-4999987.393298812,-1154791.7046715582,230.42512911857705,1.0003689521790968
