mean,sd,mc_error,hpd_2.5,hpd_97.5,n_eff,Rhat
3.7408584919074492,1.0934548096472891,0.02347515115762653,1.5309315425264813,5.782565382205218,2226.485017685128,1.0006520139125539
116674.20497929763,121640.05173310479,2586.897859956682,-106711.99356668693,363173.5083744271,2058.0477122985058,1.000086564322536
