mean,sd,mc_error,hpd_2.5,hpd_97.5,n_eff,Rhat
6.712593691082849,0.20077251838275906,0.0030162050009514807,6.325112391779186,7.113110793140716,5763.437529480082,1.000358557051882
