mean,sd,mc_error,hpd_2.5,hpd_97.5,n_eff,Rhat
6.058720767082803,0.4089117565589849,0.005865336973997284,5.286516811359241,6.8871472452182925,5063.440894090408,1.0009461155255388
