mean,sd,mc_error,hpd_2.5,hpd_97.5,n_eff,Rhat
9.233145054705114,2.0276778712035077,0.03500381435028722,5.619876984019439,13.35389428261947,2724.8496434794192,1.000680601963728
-199887.44146213197,93277.92226267747,1888.7449042209591,-387955.06702131836,-30159.159113888723,2450.7549505851553,1.000742397604077
