mean,sd,mc_error,hpd_2.5,hpd_97.5,n_eff,Rhat
6.0765777542985075,0.4410892781274104,0.005567226528264383,5.224636517520273,6.941374591862046,5810.106039695302,1.000592040799546
