mean,sd,mc_error,hpd_2.5,hpd_97.5,n_eff,Rhat
18.977952214051157,0.7945373543094235,0.012102916696049766,17.417000231712255,20.47692844720032,3792.9531629937187,0.9998409421110375
21328.03528241673,26782.373827244846,496.79879003005016,-29222.589920212817,74762.1660178922,2815.281699591736,1.000778327729905
