mean,sd,mc_error,hpd_2.5,hpd_97.5,n_eff,Rhat
10.154307913683954,8.764796051998136,0.24010578559010956,1.7694007891858077,23.49543484173376,1074.1339146142207,1.002308039452553
-86036.94356213108,105935.30141270367,2435.5864301433617,-332256.3938403805,111485.79851504692,1989.8664350921088,1.0007093730117016
