mean,sd,mc_error,hpd_2.5,hpd_97.5,n_eff,Rhat
3.446239335526903,0.6180538198564589,0.012197799153459778,2.2457501493460055,4.667247496126848,2436.13625719298,0.9999132064754171
-205276.77163447713,8835.300889895683,179.19265097643932,-222137.45408905332,-188156.65302801292,2343.454856504928,0.9999966822505908
