mean,sd,mc_error,hpd_2.5,hpd_97.5,n_eff,Rhat
3.2947930331138977,0.9839407349818085,0.013984826812742815,1.527404804407827,5.234420083934085,4217.335483718092,1.0007953697945187
