mean,sd,mc_error,hpd_2.5,hpd_97.5,n_eff,Rhat
6.576359003971762,0.2568072644686534,0.003389102142473565,6.050577487062696,7.067465647567163,6713.991967069006,1.0001971148101116
