mean,sd,mc_error,hpd_2.5,hpd_97.5,n_eff,Rhat
19.43924740891613,1.94953526793835,0.024476366166270833,15.844680972602491,23.422513961991807,6196.5938886959875,1.0001873046899945
