mean,sd,mc_error,hpd_2.5,hpd_97.5,n_eff,Rhat
7.620466381055556,0.26205219117013373,0.003037083102012044,7.120758290270782,8.138949969878752,6714.141307690273,1.0002653455355952
