mean,sd,mc_error,hpd_2.5,hpd_97.5,n_eff,Rhat
12.814400035035186,1.8397507895482847,0.019697042927850798,9.481058079997243,16.61006117655946,11366.05486479158,1.0002262208598791
