mean,sd,mc_error,hpd_2.5,hpd_97.5,n_eff,Rhat
6.5527577907405465,2.0013399277511263,0.03511207668988372,2.960534833071982,10.588671156916224,2842.3723229722077,1.0002035100546631
-302589.39750085387,85070.11901194806,1467.6937861249207,-475395.25253215194,-148906.9710641982,3123.4569255449273,1.0005510136026217
