mean,sd,mc_error,hpd_2.5,hpd_97.5,n_eff,Rhat
7.145316563361505,0.2892214130919975,0.004203805854111031,6.606664254729884,7.734517661160382,5016.852147935377,1.0001951635041628
