mean,sd,mc_error,hpd_2.5,hpd_97.5,n_eff,Rhat
4.424098763950234,0.5296924604686265,0.007816005318397535,3.3840480380194626,5.443137681757848,5083.894076988363,1.0003219456785901
