mean,sd,mc_error,hpd_2.5,hpd_97.5,n_eff,Rhat
4.318939367544654,1.3621903760542549,0.040709343838422306,1.7280557967059027,6.89286856347378,1121.7249525097245,1.0024013364553575
-45361.32918088832,54574.65480399208,1635.0744317816002,-152019.4497393645,57120.58144723542,1098.4655638589254,1.0025023725262059
