mean,sd,mc_error,hpd_2.5,hpd_97.5,n_eff,Rhat
9.918522133112866,0.34736963744651167,0.0040200888386819145,9.291054011706432,10.629859102637242,7334.165150478754,0.9998125940913533
-140783.5046936379,24615.42190759738,303.2222469146076,-187645.42167747716,-92378.44338506751,7449.033016863098,0.9998258542798166
