mean,sd,mc_error,hpd_2.5,hpd_97.5,n_eff,Rhat
22.127309777058134,16.329880953493436,0.2784270107857882,3.44482291701518,58.97685658694605,2552.2435791090847,1.000909141722968
-127627.04635596834,202893.87062628494,3581.676948969337,-499982.64104001917,214717.49923957218,2936.5623666551396,1.0000407572821681
