mean,sd,mc_error,hpd_2.5,hpd_97.5,n_eff,Rhat
8.419712806746086,0.2994722669763568,0.003506272058421926,7.862517583881471,9.027280343639543,5289.869809372116,0.9999198334334184
