mean,sd,mc_error,hpd_2.5,hpd_97.5,n_eff,Rhat
6.468301313741047,2.5282022236887673,0.05346779202839739,2.0456924776026253,11.816305204349145,2093.224717603417,1.0003670357983612
-44966.56622128274,107149.42378011263,2196.662546691455,-214059.80763824706,176087.25966094274,2104.0689629999797,1.000338364334965
