mean,sd,mc_error,hpd_2.5,hpd_97.5,n_eff,Rhat
8.100993295036247,0.3838308354493277,0.006117152275921274,7.32488265532213,8.826027940184067,3125.3974709402123,1.0002552710472274
13515.628635269259,13074.176295641697,203.15163963713715,-11324.773971244873,39896.810534852724,3157.0399169282755,1.0000792371598097
