mean,sd,mc_error,hpd_2.5,hpd_97.5,n_eff,Rhat
5.438832758143704,0.256995959011622,0.003620868850890023,4.969370187589348,5.9608338398294745,5322.636439724795,1.0003541871334942
