mean,sd,mc_error,hpd_2.5,hpd_97.5,n_eff,Rhat
9.566837641209574,0.5400769362441337,0.005535228033056566,8.533875219295563,10.65259296127671,8133.633816608167,0.9999003993291029
-35458.90297121291,18897.247602253097,216.89942185250715,-73666.57122843717,638.8867051236869,7428.248897667326,1.0002867075004356
