mean,sd,mc_error,hpd_2.5,hpd_97.5,n_eff,Rhat
9.007724795529395,0.6648635979047629,0.008484003642534446,7.665912052024668,10.275715426149048,5686.488742846856,1.0000188877688865
