mean,sd,mc_error,hpd_2.5,hpd_97.5,n_eff,Rhat
5.162711123928842,0.33369458461662527,0.005296248987414261,4.480919313217783,5.787238964216959,3958.2684685974814,1.0001948327388015
-151182.50560976763,20243.35782054179,293.55220021099086,-192025.04307057138,-111925.82553516323,4161.090189633175,0.9998764236489928
