mean,sd,mc_error,hpd_2.5,hpd_97.5,n_eff,Rhat
5.2451417588603695,1.3084161242667467,0.014600844156434539,2.4703831890454966,7.9040651239241075,7808.309765792372,1.0003928911555846
-137694.9417314588,92065.3603241846,1048.6496648946143,-327203.0322168895,43957.69749630851,8515.565059483888,1.0007408308226116
