mean,sd,mc_error,hpd_2.5,hpd_97.5,n_eff,Rhat
1.0000002325053199,2.288583463573019e-07,3.612084828531896e-09,1.0000000000647133,1.0000007126235624,5049.863763949315,1.000432802211572
499999.8651353082,0.13180090735434233,0.0017654743056408323,499999.5945294412,500000.0,4969.979011657484,0.9998435922604862
