mean,sd,mc_error,hpd_2.5,hpd_97.5,n_eff,Rhat
8.735314887178696,0.6363063527005967,0.008747818935116832,7.486529827357638,9.948428724611066,4849.8025987048,1.0003818534848052
