mean,sd,mc_error,hpd_2.5,hpd_97.5,n_eff,Rhat
6.5322007497603245,0.4574501543869327,0.005303433878159747,5.608359494024519,7.405408792468306,5911.4017294145415,0.999906095387518
-227467.9372467248,20832.55083256028,267.1098194906986,-268646.22123485594,-186997.43944815843,5539.1073012626675,1.000084218458363
