mean,sd,mc_error,hpd_2.5,hpd_97.5,n_eff,Rhat
8.520768823709405,0.4320009726507109,0.006252843847438716,7.7070464927319815,9.388610266239409,5505.230563445423,1.0006219882598189
