mean,sd,mc_error,hpd_2.5,hpd_97.5,n_eff,Rhat
9.191267926452328,0.9110986693908246,0.01378729870821747,7.466423492424949,11.026897720027517,4767.505179596929,1.001835981835899
