mean,sd,mc_error,hpd_2.5,hpd_97.5,n_eff,Rhat
7.817249475443264,0.17614493576051948,0.002422046990447685,7.482949754582372,8.168503778385542,4999.898459334013,1.000168466868293
