mean,sd,mc_error,hpd_2.5,hpd_97.5,n_eff,Rhat
7.278568287689477,0.24380962123196173,0.0036879616143421397,6.802664862262309,7.7660443035936595,5105.91778607772,1.000188036551829
