mean,sd,mc_error,hpd_2.5,hpd_97.5,n_eff,Rhat
8.431821838287618,0.3193800662911285,0.004124530023686919,7.806001901354752,9.04987738369866,5240.92194739139,1.0002811479499933
