mean,sd,mc_error,hpd_2.5,hpd_97.5,n_eff,Rhat
6.177477909453016,0.2852569296516246,0.002953940494330599,5.6282770134265725,6.7417913159517795,6261.118504358887,0.9999610553583617
