mean,sd,mc_error,hpd_2.5,hpd_97.5,n_eff,Rhat
7.0370747832581175,3.8255120006020715,0.1009061089047647,1.1888643164326886,14.089862417182406,1741.798904152634,1.001411249545676
-112904.3144501224,102025.21062868301,2130.574099224157,-276739.7344366573,116923.068102459,2315.7710306286185,1.0006588175737692
