mean,sd,mc_error,hpd_2.5,hpd_97.5,n_eff,Rhat
1.0319926056213917,0.029724784880356025,0.0006468720147105334,1.000031540191958,1.0934395734283016,1876.1686576296127,1.001092825541852
484269.98891895666,14202.392563710795,342.2151545553603,455388.15911366924,499996.3538658755,1394.7877405264426,1.00018444240236
