mean,sd,mc_error,hpd_2.5,hpd_97.5,n_eff,Rhat
6.7697241839979,0.2612972383085852,0.0032766462273964604,6.253879195367141,7.262318766701543,5343.136946997906,1.000102627787524
