mean,sd,mc_error,hpd_2.5,hpd_97.5,n_eff,Rhat
23.02550307937129,8.551319884963455,0.6909602766897744,5.782665820142235,35.773424778938804,25.310009876170657,1.1302823539328013
2800261.577410095,1576636.7136538385,119131.34153910307,-267191.4607686121,4999534.908023882,66.90414121981175,1.0859246522061063
