mean,sd,mc_error,hpd_2.5,hpd_97.5,n_eff,Rhat
7.403272273934005,0.23882490619932742,0.003127861664423026,6.957489743429432,7.885528505534446,5248.313550059764,1.0000686207017653
