mean,sd,mc_error,hpd_2.5,hpd_97.5,n_eff,Rhat
7.606947173852252,0.41285419189270733,0.0045724279962887525,6.784951612852991,8.386513211482972,6968.232300138276,0.999804233671072
-21950.40351276803,14448.023920700747,195.93007602200765,-50244.4512974784,6667.299167602226,6472.675230167679,1.000225822965324
