mean,sd,mc_error,hpd_2.5,hpd_97.5,n_eff,Rhat
7.549561834189996,1.6570103105401426,0.016351940490939902,4.438943258461857,11.042201449252053,10903.46731839703,1.0001018477444499
-119449.10558248372,68001.39126827013,637.755514016824,-252468.40214390887,23189.439347514053,10892.92398742037,1.0000618909151682
