mean,sd,mc_error,hpd_2.5,hpd_97.5,n_eff,Rhat
38.123430610633704,25.390607029959114,0.5362404971835996,2.7569836508482815,89.59175750061212,2272.860210303591,1.0004225547077308
114571.7876418217,238628.3361433222,4274.704070412872,-291391.05154980347,499724.1647754619,2845.528274820187,1.0003629600564887
