mean,sd,mc_error,hpd_2.5,hpd_97.5,n_eff,Rhat
7.18654479270093,0.32977278544762195,0.003848023777021088,6.546719023387645,7.846597664564726,6858.909010499743,0.999882770768883
