mean,sd,mc_error,hpd_2.5,hpd_97.5,n_eff,Rhat
34.64227827224104,25.591656450088617,0.5347237046669341,4.607333899640093,89.50056817072671,2589.2433221729784,1.000274146261826
