mean,sd,mc_error,hpd_2.5,hpd_97.5,n_eff,Rhat
21.270693427787215,0.28506011068059783,0.004015443229343053,20.699979315091376,21.80817223863371,5688.159356858355,1.0000114836775502
