mean,sd,mc_error,hpd_2.5,hpd_97.5,n_eff,Rhat
4.926723155981841,0.5907287346365808,0.013944070621391805,3.7481633080028285,6.056833718424149,1800.211740667882,1.0020363145552125
-74694.75094559568,18774.815515593564,438.93397576382796,-109646.0264397044,-35657.8006156324,1776.1129613848493,1.0018200995538213
