mean,sd,mc_error,hpd_2.5,hpd_97.5,n_eff,Rhat
4.583228112482046,0.1775244129902277,0.0027615271401623975,4.233739812918372,4.926406419380891,4873.9797146082765,0.9998591375370487
