mean,sd,mc_error,hpd_2.5,hpd_97.5,n_eff,Rhat
4.635920709222348,0.32337833302359675,0.005733907316123879,4.006898146830048,5.283477599222585,2658.3568722170053,1.001171466911335
-171576.0074217433,17070.640383504928,293.4330567870626,-204066.1757302998,-137700.8895579459,2677.828785134885,1.0006611086489496
