mean,sd,mc_error,hpd_2.5,hpd_97.5,n_eff,Rhat
2.8521965949137837,0.7410485651367735,0.023030221543737704,1.4933563129972103,4.34114672041537,1040.31517726149,1.0001848710868508
-130274.4700975635,25534.566328898436,802.9773475934187,-180895.64177531376,-81443.05038197819,982.3005566515083,1.0003984949721652
