mean,sd,mc_error,hpd_2.5,hpd_97.5,n_eff,Rhat
5.282557073111419,0.20668589696834824,0.005047966459752759,4.873804416777859,5.690225749813091,1811.1859261769487,1.000252120310781
98593.07990234211,11288.369792214737,273.6850983780643,77579.3685702807,121836.22526660387,1761.4348591490032,1.0001477226540294
