mean,sd,mc_error,hpd_2.5,hpd_97.5,n_eff,Rhat
8.639246957016317,0.33747049045036026,0.004998274833271325,7.991344779638515,9.315238746780098,4581.594912251696,0.9998744492826215
