mean,sd,mc_error,hpd_2.5,hpd_97.5,n_eff,Rhat
8.17548241688081,0.410414225926678,0.005554330340381564,7.393966370059899,9.010015911760163,4980.39719365107,1.000237944040313
