mean,sd,mc_error,hpd_2.5,hpd_97.5,n_eff,Rhat
12.9988524207617,1.110549186007744,0.01489930500375323,10.900225190252996,15.21468588020459,5121.028430908711,1.0000074480629915
