mean,sd,mc_error,hpd_2.5,hpd_97.5,n_eff,Rhat
9.24865760585535,0.2939571628566319,0.0037989156493208206,8.660881624004192,9.809701033507437,7005.0285676887315,1.0001314629827252
-3692.884687361271,21915.366034634633,248.36992422777612,-44151.62316835375,40273.39661566664,6258.60261895146,0.999806755064906
