mean,sd,mc_error,hpd_2.5,hpd_97.5,n_eff,Rhat
6.7561756189264015,0.5392014428091418,0.007429419286036862,5.746718565487525,7.857045721993673,5135.842110987935,0.9999099697354665
