mean,sd,mc_error,hpd_2.5,hpd_97.5,n_eff,Rhat
6.390257301460913,0.22953237105269886,0.0025097886198567894,5.94249690474795,6.8483685682769995,5675.07293658206,0.9999783132588874
