mean,sd,mc_error,hpd_2.5,hpd_97.5,n_eff,Rhat
3.4864026680427984,0.0892391837902187,0.001139901799057486,3.3156561318334234,3.6641502453616805,5389.604571738816,1.0000722340872905
