mean,sd,mc_error,hpd_2.5,hpd_97.5,n_eff,Rhat
98.85518614068248,1.1193361535036912,0.018927549104524613,96.65550588673477,99.99969521614057,3483.7460265321306,0.9999144050184294
-496867.7350893213,3127.498494277889,57.40909650852293,-499998.97917235334,-490427.84845342976,3178.542849756019,1.0019732932990388
