mean,sd,mc_error,hpd_2.5,hpd_97.5,n_eff,Rhat
7.128816303872438,0.363681379548173,0.004662376232272568,6.429601316545704,7.847422837051641,6140.450432707221,1.0001177029823334
