mean,sd,mc_error,hpd_2.5,hpd_97.5,n_eff,Rhat
7.061665366717353,0.36455940350724264,0.004480451589802632,6.372407009432404,7.78492177733312,6909.497981583141,1.0001956369179057
101339.63734115717,37950.81300136534,509.53118532315403,29063.07146105325,177101.3490209493,6588.81421868973,1.0000078478329935
