mean,sd,mc_error,hpd_2.5,hpd_97.5,n_eff,Rhat
8.567697642872114,0.2259941716191944,0.002852251524699016,8.13114638037895,9.024265380831467,5602.024320612638,1.0004440837943596
