mean,sd,mc_error,hpd_2.5,hpd_97.5,n_eff,Rhat
6.480551840066038,0.35857011719079784,0.004604273642227234,5.782681503631051,7.18092524124721,5440.6169445283,0.9999421896231925
