mean,sd,mc_error,hpd_2.5,hpd_97.5,n_eff,Rhat
9.760299507494784,0.2053006405473645,0.002620105915192701,9.360973275470304,10.163451278633026,5707.820018279682,1.0006978200506595
