mean,sd,mc_error,hpd_2.5,hpd_97.5,n_eff,Rhat
6.213022922985241,0.4771872521271479,0.0066325185911371085,5.309807807358754,7.165517718200587,5158.826666631041,0.9999962505261574
