mean,sd,mc_error,hpd_2.5,hpd_97.5,n_eff,Rhat
6.8485694701053,0.39648317078595124,0.004958543263082904,6.0864694383813465,7.6399530407195195,6505.0332145299935,0.9998814669474658
