mean,sd,mc_error,hpd_2.5,hpd_97.5,n_eff,Rhat
1.0356890976945887,0.03397386954008986,0.001099858519026977,1.0000005261736629,1.104877171934694,980.8407623821302,1.0012497531627058
354484.1522904038,54733.259044717866,1899.4214505564446,256595.55456341,463568.7335607196,789.8781750840265,1.002053473055435
