mean,sd,mc_error,hpd_2.5,hpd_97.5,n_eff,Rhat
8.722015691535981,3.4734931848496915,0.04499512751596842,3.529090728056284,15.466432684044086,4821.757632357388,0.9999331211686554
