mean,sd,mc_error,hpd_2.5,hpd_97.5,n_eff,Rhat
7.4971420470951635,0.2115462875874279,0.003704142229759107,7.096870941140853,7.9265878867762805,2617.9644578275042,1.0002071999605178
88924.88645221555,8004.177850068198,152.6509078151071,73181.51540791063,104616.52251073283,2568.778264632589,0.9999851039059247
