mean,sd,mc_error,hpd_2.5,hpd_97.5,n_eff,Rhat
12.353821291603206,2.8603228754511214,0.03684585685343237,7.318471484833125,18.151439737560704,5687.834217165894,1.0008472866524478
