mean,sd,mc_error,hpd_2.5,hpd_97.5,n_eff,Rhat
9.327192201850096,1.278725862603317,0.01808322877696149,7.137725724819806,11.995917722224034,4780.837756719309,0.9999562573855423
