mean,sd,mc_error,hpd_2.5,hpd_97.5,n_eff,Rhat
4.586643847133489,0.22628803430280012,0.004754277844614053,4.153140342567204,5.045889517007289,1968.2482974143961,1.0005534139404975
-24734.319807048705,9476.62450965625,200.7743480022027,-42530.69249250979,-5116.66567688851,1964.697281675007,1.0003224723813584
