mean,sd,mc_error,hpd_2.5,hpd_97.5,n_eff,Rhat
18.930046713156667,0.7973320486997088,0.009535195400901643,17.419394722989733,20.494703445170433,5307.92460743761,1.000153489378138
