mean,sd,mc_error,hpd_2.5,hpd_97.5,n_eff,Rhat
7.865459557475947,0.38740869513005727,0.005433346699509171,7.141449298248546,8.650617379291816,4816.553653865208,0.9999843617891313
