mean,sd,mc_error,hpd_2.5,hpd_97.5,n_eff,Rhat
6.8948960768453444,0.23778507244255034,0.0027751884905403345,6.453115997392559,7.370835394210094,6328.075420067292,1.0002275909944267
