mean,sd,mc_error,hpd_2.5,hpd_97.5,n_eff,Rhat
36.70065191302073,0.5621806368401977,0.012378202730754847,35.62527024253537,37.87875872561887,2314.341986091791,1.0000218047841583
-384612.2599119243,13447.013927210779,324.11337800579605,-410224.7478783171,-358430.32720364374,2027.757621804653,1.0007919457691277
