mean,sd,mc_error,hpd_2.5,hpd_97.5,n_eff,Rhat
9.512926033841284,0.29140487985725705,0.0043781722989578884,8.94762700253899,10.09452362432904,4767.493595980646,1.000319912432982
