mean,sd,mc_error,hpd_2.5,hpd_97.5,n_eff,Rhat
8.771276579780292,0.35136263276796464,0.00511643558992147,8.082617435557625,9.442603260587235,4284.165547137426,0.9999650275333177
-279905.89334681147,16399.48492420561,250.45949035337767,-311745.6227599774,-247994.17873663193,3987.3986205463616,0.9998265875072646
