mean,sd,mc_error,hpd_2.5,hpd_97.5,n_eff,Rhat
9.0451193710158,0.33251636132724083,0.003766123982015796,8.373219257988557,9.676144342171323,7412.88496979932,0.9998797753858482
-168418.8159160631,15399.16836996681,153.26165299918642,-197742.0193193747,-138418.2972330413,8012.171552583511,0.9998026479022817
