mean,sd,mc_error,hpd_2.5,hpd_97.5,n_eff,Rhat
4.34299647020783,0.5866439063674499,0.013366203223894072,3.2463854931003655,5.536584388608766,1818.7252139026757,1.0013327951648392
-201274.85873958192,26669.701228636506,606.5224099870709,-256093.1885142707,-151309.33592059626,1891.2357105502315,1.0009502674540298
