mean,sd,mc_error,hpd_2.5,hpd_97.5,n_eff,Rhat
82.56486655729078,2.1422548647249533,0.03101952134986478,78.53503389626391,86.82836501383112,5247.315260106032,1.000290162039961
