mean,sd,mc_error,hpd_2.5,hpd_97.5,n_eff,Rhat
4.628945507234124,0.3263267677892397,0.004075382419173745,3.9977934746732733,5.27273514904904,7342.126145439153,1.000454331889891
-238855.97725258,8313.327061625638,98.48226722540038,-254992.03917157615,-222428.60251818187,7387.382900666443,1.0000977263631778
