mean,sd,mc_error,hpd_2.5,hpd_97.5,n_eff,Rhat
8.548711325276384,0.495316611273334,0.005759013448259694,7.5717578099192115,9.507691196516513,7320.338117010236,0.9998931653612325
-237300.2736907783,25625.953580174224,283.62879484502895,-285497.3030134798,-185671.56690944414,7544.504700551597,0.9999980470215819
