mean,sd,mc_error,hpd_2.5,hpd_97.5,n_eff,Rhat
8.024406399229214,0.31936691840631765,0.0035018026807571156,7.416222825922187,8.661997624397692,6535.871120920383,1.0000792208860327
