mean,sd,mc_error,hpd_2.5,hpd_97.5,n_eff,Rhat
6.684287220481831,0.31865841999232264,0.0039186545117940895,6.081432401818524,7.30541865538629,5825.554956416123,0.9999241045673934
-184574.8907725987,14050.699404186273,185.15076520672824,-211669.47893239357,-156701.55424548243,5945.303293733212,0.9999043012553357
