mean,sd,mc_error,hpd_2.5,hpd_97.5,n_eff,Rhat
7.017635427434159,1.539815213659256,0.01660501047335586,4.021915766070386,10.25296066437663,7722.7860682171995,1.000044634470968
-120688.5005952441,81378.30584902981,847.7370983251761,-278912.58579548885,46098.511888614805,7754.362537450959,1.0003982128096376
