mean,sd,mc_error,hpd_2.5,hpd_97.5,n_eff,Rhat
10.705739430761529,1.110802361044039,0.013580525153948763,8.565954765376791,12.85784801408791,6260.80910143765,1.0002999773273027
