mean,sd,mc_error,hpd_2.5,hpd_97.5,n_eff,Rhat
10.300140070592091,2.1272790309799894,0.026576241974409498,6.422555146465968,14.48528274734448,6062.887918824223,1.000597435868346
