mean,sd,mc_error,hpd_2.5,hpd_97.5,n_eff,Rhat
4.983877290670685,0.36378914463598855,0.004136999554562378,4.2448186986288015,5.676818762301901,5494.552034597326,1.0007357799389824
-157207.12857868162,9509.157002769849,120.56651299847294,-175645.45774829914,-138948.930209925,5170.596396824115,1.0001871468767547
