mean,sd,mc_error,hpd_2.5,hpd_97.5,n_eff,Rhat
8.47584650882364,0.552319556611014,0.006755659531326723,7.457742315649636,9.600928008537958,5912.136558021124,0.9999210776903097
