mean,sd,mc_error,hpd_2.5,hpd_97.5,n_eff,Rhat
3.6592091177340373,0.06494910174448261,0.0008216596074472462,3.5297038597208696,3.782735598936259,6025.350095658663,1.0001442160183407
