mean,sd,mc_error,hpd_2.5,hpd_97.5,n_eff,Rhat
5.105001507170544,0.1059682923191329,0.0013669497072470503,4.903989765443934,5.3149083803565516,6275.152683496642,1.000125996931055
