mean,sd,mc_error,hpd_2.5,hpd_97.5,n_eff,Rhat
3.5113488562340214,1.0016148055579401,0.05612777786949458,1.3750636998543158,5.289239760054349,234.8197446515459,1.0128070289688171
-258179.36951029717,35875.68847724786,2069.31965194022,-337383.53396940336,-195199.31131326713,221.65623699444768,1.0132434018098293
