mean,sd,mc_error,hpd_2.5,hpd_97.5,n_eff,Rhat
3.2104674571577854,1.0454318848636628,0.02327428464591474,1.1201156997052264,5.051739506111108,2272.1294228817756,1.0023750363559656
-196996.27400775652,15692.051761924631,416.5876987538128,-227818.38086627887,-167323.1780671496,1444.9638705976138,1.0030958877745038
