mean,sd,mc_error,hpd_2.5,hpd_97.5,n_eff,Rhat
9.136701055045348,1.4880569916035562,0.019714520976232535,6.372128875395654,12.114588550377162,5281.90070952656,1.0000908625896858
