mean,sd,mc_error,hpd_2.5,hpd_97.5,n_eff,Rhat
12.934282475361256,2.1092753160064897,0.033173386018117396,9.234355430748835,17.223363429288458,4087.047607448102,1.001045197137784
50005.24323081331,69488.15228683373,747.2856232913534,-91672.23910557132,187148.58499153442,9590.874071851535,1.0002411296552192
