mean,sd,mc_error,hpd_2.5,hpd_97.5,n_eff,Rhat
16.374927607662404,0.9363172330691933,0.013374117013651798,14.572066958469435,18.181509417963635,5616.842348132653,0.9999195647694522
