mean,sd,mc_error,hpd_2.5,hpd_97.5,n_eff,Rhat
9.25963534930022,0.29167360439564155,0.0038432238290866906,8.706360708283476,9.844586931087772,5304.571558514566,1.0004162268932901
