mean,sd,mc_error,hpd_2.5,hpd_97.5,n_eff,Rhat
8.458567122292688,0.3199487167674961,0.003995410393577944,7.829518005638893,9.073890975623256,5482.455722680609,0.9998845339038989
