mean,sd,mc_error,hpd_2.5,hpd_97.5,n_eff,Rhat
7.628210828309836,0.3012780636760478,0.003959394364605979,7.02764651108047,8.20052168052531,5549.2266815028115,1.0001118405728573
