mean,sd,mc_error,hpd_2.5,hpd_97.5,n_eff,Rhat
7.403751991987248,0.20772873246715737,0.002636992635170566,7.003739746032353,7.815811274916949,5986.663361430029,1.0000004086720988
