mean,sd,mc_error,hpd_2.5,hpd_97.5,n_eff,Rhat
9.984488240694315,1.0948116288735867,0.015440224790694724,7.8823217754837,12.154296467804533,5493.707091720915,1.0000901390384909
