mean,sd,mc_error,hpd_2.5,hpd_97.5,n_eff,Rhat
10.12541094806125,0.9974700045894412,0.01347638423692923,8.229044406245226,12.107112065934537,5716.085146115352,1.0004822434125589
