mean,sd,mc_error,hpd_2.5,hpd_97.5,n_eff,Rhat
8.1064691073154,0.23716106669855277,0.0032780960371052636,7.629045363304886,8.558063070875766,5762.921727066859,0.9999688537090827
