mean,sd,mc_error,hpd_2.5,hpd_97.5,n_eff,Rhat
8.20653349358172,1.7601454043266727,0.03149907492701617,4.978244123970421,11.95531237087322,3106.9869599271083,1.0005655017000272
