mean,sd,mc_error,hpd_2.5,hpd_97.5,n_eff,Rhat
4.172612266278101,0.3018213639427863,0.003697762636195098,3.5730328599938033,4.738603841820625,6414.926273511838,0.999988702013876
-223138.2747485124,6289.4774182360725,80.95755618037676,-234529.6882120464,-209892.57470672563,5976.277225301146,1.0000325990648475
