mean,sd,mc_error,hpd_2.5,hpd_97.5,n_eff,Rhat
13.630138690176594,1.8543729024970106,0.02828426270929411,10.32205453935976,17.506055209582982,3743.056611049877,0.9999054204076834
-317369.6657361533,85562.30605166747,1319.033851394998,-473474.53891310055,-145002.77372201538,3707.396680451713,1.0000809459544158
