mean,sd,mc_error,hpd_2.5,hpd_97.5,n_eff,Rhat
8.04519036320545,0.1968382768969283,0.0026543812826880604,7.656115312836378,8.422339528250363,5685.874607469028,1.0001695773580537
