mean,sd,mc_error,hpd_2.5,hpd_97.5,n_eff,Rhat
5.635407400932545,0.2940055912880414,0.003926922276750294,5.068395484963522,6.2207217783251,6126.30009659143,1.0015270525144475
