mean,sd,mc_error,hpd_2.5,hpd_97.5,n_eff,Rhat
27.901235192425286,0.4168490455546906,0.005595535831711363,27.07286913020052,28.709077364580168,5524.171794715423,1.0002491631942696
