mean,sd,mc_error,hpd_2.5,hpd_97.5,n_eff,Rhat
94.44016448307028,5.095853735399936,0.08408964881070698,84.3164258693591,99.99677956665381,3635.7741484977473,1.0003183563277425
-473042.75326804374,27189.500306889386,491.26579016189805,-499998.63761026115,-418936.1988205442,3208.0200211524884,1.000608235729564
