mean,sd,mc_error,hpd_2.5,hpd_97.5,n_eff,Rhat
7.734623276246901,0.5739387220380864,0.0076656374445781845,6.625902220297013,8.858425297841437,5502.161734680663,0.9999825314290821
