mean,sd,mc_error,hpd_2.5,hpd_97.5,n_eff,Rhat
9.040771170643927,0.44154797646669586,0.006556383730505787,8.18142348252864,9.923903556334938,4789.811794303812,1.0001099754849387
