mean,sd,mc_error,hpd_2.5,hpd_97.5,n_eff,Rhat
7.091696675636627,0.4475694614068674,0.006701009024171807,6.228983088061836,7.99438999522074,5181.2958004911125,1.0003177234524931
