mean,sd,mc_error,hpd_2.5,hpd_97.5,n_eff,Rhat
1.0009335461343383,0.0009312168201042228,1.2190354717251217e-05,1.0000000085409617,1.0027987516336276,5042.962596118035,1.000494995435027
