mean,sd,mc_error,hpd_2.5,hpd_97.5,n_eff,Rhat
7.733223117097755,0.3801371775271517,0.005024986777589787,7.039577486421743,8.523808232268609,5118.573535926853,1.0012650147278765
