mean,sd,mc_error,hpd_2.5,hpd_97.5,n_eff,Rhat
9.168665340460024,0.33904708505362574,0.004007922320990799,8.47419347602046,9.79892200301635,5811.328209011921,0.9999351083822953
