mean,sd,mc_error,hpd_2.5,hpd_97.5,n_eff,Rhat
7.610141056920915,0.24853315875364368,0.0031546878528969915,7.138085433931542,8.110980330725484,5640.372236623134,1.0002203311632072
