mean,sd,mc_error,hpd_2.5,hpd_97.5,n_eff,Rhat
7.4823664993672185,0.36501742318743674,0.005242088484341063,6.78334133022567,8.197365431403759,5074.5874399110835,1.0001272120484415
