mean,sd,mc_error,hpd_2.5,hpd_97.5,n_eff,Rhat
9.411970466832745,1.1092049210827544,0.01685442077114322,7.252223854152556,11.602477033938502,4346.4718932293135,1.0004779040042702
