mean,sd,mc_error,hpd_2.5,hpd_97.5,n_eff,Rhat
8.818502304810682,0.3114634668631536,0.003595550624728591,8.180985592731597,9.396006673025209,6703.196230284103,0.999875663404651
-195766.43274158932,19668.421116769074,227.14683114361523,-232878.37753814473,-156202.26200708837,6949.182670645367,1.0000630734359899
