mean,sd,mc_error,hpd_2.5,hpd_97.5,n_eff,Rhat
27.18668225426398,1.8377411434582223,0.03312127927910236,23.61844122907149,30.74158902264119,3507.1798722486164,1.0009163057535577
-278588.79864140117,70274.36959143971,1636.2984053789446,-420210.93853103754,-137516.63876572618,2202.830913550982,1.002913048957952
