mean,sd,mc_error,hpd_2.5,hpd_97.5,n_eff,Rhat
9.471086729989116,0.9320092459114035,0.013181726005446145,7.622032173189062,11.250687599593837,6043.895133198421,1.0000236374697882
