mean,sd,mc_error,hpd_2.5,hpd_97.5,n_eff,Rhat
6.911635465805305,0.31980738176199786,0.0047765485142253206,6.2770733791064135,7.529215319672078,4406.378018477594,0.9999197748673015
