mean,sd,mc_error,hpd_2.5,hpd_97.5,n_eff,Rhat
5.429162494946618,0.33956637289354596,0.004845582340273703,4.762869733922759,6.091812013086661,4814.395411765405,1.0000850003542665
