mean,sd,mc_error,hpd_2.5,hpd_97.5,n_eff,Rhat
7.17422538826198,0.4170189821113062,0.005301597211007828,6.366078161996124,7.982965369512839,5550.758297225747,1.0003858481071088
