mean,sd,mc_error,hpd_2.5,hpd_97.5,n_eff,Rhat
11.52532074266905,1.640212275048579,0.022130584857683648,8.168391853701456,14.627806917855496,5130.984404295587,1.0008374645132256
