mean,sd,mc_error,hpd_2.5,hpd_97.5,n_eff,Rhat
7.251278126034229,0.24457770777504262,0.0029551889105350056,6.773164005998994,7.732534143408889,5555.450073507647,1.0003541858579559
