mean,sd,mc_error,hpd_2.5,hpd_97.5,n_eff,Rhat
5.569580180288627,0.6340561795447252,0.011279643365663524,4.393178581732859,6.868732551843873,2348.770386927816,0.9998900877304636
25821.77230869738,26644.274976236953,439.28844370737386,-26437.024303196664,76805.12017487484,2198.7003019269914,1.0005047609495774
