mean,sd,mc_error,hpd_2.5,hpd_97.5,n_eff,Rhat
7.073785791723911,0.22093693167216807,0.002852589437517892,6.668040629805909,7.53710526925493,5840.347985935101,1.0001407796299537
