mean,sd,mc_error,hpd_2.5,hpd_97.5,n_eff,Rhat
6.245659202337052,0.20062321171383737,0.0024526492633835184,5.849974215143075,6.6289784694226475,6881.413532678394,0.9999762451978542
-238649.54421534896,9265.14672640093,117.64940672325125,-255927.2723166682,-220206.67160928337,6247.048287470521,0.9997902661982199
