mean,sd,mc_error,hpd_2.5,hpd_97.5,n_eff,Rhat
52.720220311785596,26.86721584298918,0.403784586585067,10.257993899234329,99.2752207034528,5816.5592992249085,0.9999992487241481
4015.7397337366597,288192.22597173875,4028.034445577877,-492931.5531861461,455760.7783015779,5899.231624828944,0.9999497416210195
