mean,sd,mc_error,hpd_2.5,hpd_97.5,n_eff,Rhat
3.437236489990177,0.9108124262455077,0.02447657403790933,1.390820400997104,5.014397130440717,1300.8990682743715,1.0000129514494027
-194725.1864971431,48844.87263397736,1290.6650549327376,-298544.9366586577,-101673.11345724377,1306.6616155516292,0.9999386543575769
