mean,sd,mc_error,hpd_2.5,hpd_97.5,n_eff,Rhat
5.667122919358311,0.1645716341350725,0.002877131421856839,5.355172400968913,6.002125493130408,4059.013864232825,1.0004508252950173
-70910.17310849535,5403.826091341898,95.37745307590214,-81377.89694455138,-60355.01156872669,4017.7396652140083,0.9999685639021951
