mean,sd,mc_error,hpd_2.5,hpd_97.5,n_eff,Rhat
14.429173502205893,2.2149800653118694,0.030797280048674585,10.227990468748047,18.826740921006447,5870.030324787897,1.0000800802567895
