mean,sd,mc_error,hpd_2.5,hpd_97.5,n_eff,Rhat
10.496038998819245,0.5466483771579379,0.007835317859220444,9.424441414892835,11.552419970630714,5114.037869166018,1.0001534792054483
