mean,sd,mc_error,hpd_2.5,hpd_97.5,n_eff,Rhat
93.49317359398813,6.02732251473521,0.08747522294526992,81.34802709618366,99.99921264268411,4869.344629708787,1.0003850852144598
