mean,sd,mc_error,hpd_2.5,hpd_97.5,n_eff,Rhat
8.189239971389334,0.3673951371878887,0.004630181570875451,7.506824140946037,8.926013194643145,6290.888872618652,1.0003887109937082
