mean,sd,mc_error,hpd_2.5,hpd_97.5,n_eff,Rhat
8.119241312379254,0.326686143409527,0.003848006574784323,7.499287769551685,8.775147360270324,7594.285173834362,1.0000769160701306
-157873.85716169892,22290.63045056065,206.01939005786758,-199603.5589002018,-113153.49227144128,7333.440127730778,1.0000707885836089
