mean,sd,mc_error,hpd_2.5,hpd_97.5,n_eff,Rhat
8.304890600160052,0.27787025456522874,0.0035654740149199554,7.759786011196631,8.850518335234618,5220.276970850503,0.9999155231748369
