mean,sd,mc_error,hpd_2.5,hpd_97.5,n_eff,Rhat
9.461941343978875,1.7969379577576192,0.02234565634074198,6.273108268366638,13.07457461168056,7063.07507359594,0.9998471707322948
