mean,sd,mc_error,hpd_2.5,hpd_97.5,n_eff,Rhat
9.747199915699984,1.1513419262896887,0.018214750999075886,7.4584256372374265,11.93501345752242,3988.4658650344445,1.0001782927015577
248379.6941462782,106406.2993617296,1659.506684290382,48157.945667408385,453972.47896371875,3813.1466394333625,1.0007049902609124
