mean,sd,mc_error,hpd_2.5,hpd_97.5,n_eff,Rhat
6.77358157787814,0.295272803683327,0.0038344183593859507,6.179913584922243,7.350576730872436,6080.895136376819,0.9998057730889647
-150385.71865237647,14967.60332178515,190.58024564621675,-177922.434753433,-119350.24002699545,5577.798369745168,1.0002092727244423
