mean,sd,mc_error,hpd_2.5,hpd_97.5,n_eff,Rhat
5.885466816569243,0.7095210668380817,0.012429877773062011,4.525161028980089,7.319853200236397,3417.0965132286224,0.9999786690599177
-162058.50725691108,32985.59129063791,590.5460882757501,-223263.99630572897,-96693.54795651464,3356.7431745961153,0.9998730152315549
