mean,sd,mc_error,hpd_2.5,hpd_97.5,n_eff,Rhat
4.618278951474763,0.26336068931228224,0.003538563574148773,4.09268368184178,5.106373229384988,6057.6590542622835,1.0000010570040367
-191505.61701814365,7886.912208110791,104.72660069339418,-207097.91118620956,-176255.23992149933,5657.263341150359,0.999972303526187
