mean,sd,mc_error,hpd_2.5,hpd_97.5,n_eff,Rhat
10.007490948070231,0.324496804535428,0.004348534419082204,9.380236102598143,10.648295149621127,5254.066757563253,1.0004820916083759
