mean,sd,mc_error,hpd_2.5,hpd_97.5,n_eff,Rhat
9.724948867773884,1.4513649964719544,0.01960943245859918,6.9253709467992675,12.550586526429804,5102.480589543463,1.000107707961362
