mean,sd,mc_error,hpd_2.5,hpd_97.5,n_eff,Rhat
5.9205817344819875,0.22617709687355628,0.0036473225790149824,5.493279816872664,6.376506407444599,3419.30025184711,1.000013218585902
-6300.505968448829,8490.00881453572,134.29373854146172,-23519.72679412312,9778.583149045227,3283.6314905917225,0.9998280746616506
