mean,sd,mc_error,hpd_2.5,hpd_97.5,n_eff,Rhat
9.334027906188416,0.33041753643930655,0.0030465791032325195,8.67786713753565,9.976670493802613,8181.193737754771,0.9997744971332607
-131921.6027345134,14121.922877488178,174.3430821887428,-159346.19202080645,-104478.69403830873,6751.492368054652,1.0004756429976074
