mean,sd,mc_error,hpd_2.5,hpd_97.5,n_eff,Rhat
10.1000776608671,0.3450039667427413,0.004777799573660402,9.412443007281436,10.776757352818793,5494.872315981009,1.0000189545644593
