mean,sd,mc_error,hpd_2.5,hpd_97.5,n_eff,Rhat
20.278666105089002,5.036508556793121,0.08767893088121811,11.385487874158594,29.985256452468658,2844.6253373451805,0.9999793531073328
-424209.88695047103,74549.33492105594,1167.9933172298902,-499979.0065137747,-273572.91278859816,3349.095623368623,1.0001895882419811
