mean,sd,mc_error,hpd_2.5,hpd_97.5,n_eff,Rhat
1.0000015190016773,1.517377695816345e-06,2.120461932702093e-08,1.0000000002103304,1.000004486594417,4533.833228521262,0.9999904617491353
499999.2679742147,0.7327404534733877,0.00895870374640143,499997.77056036674,500000.0,5306.410876283562,1.000259977865345
