mean,sd,mc_error,hpd_2.5,hpd_97.5,n_eff,Rhat
9.987424881014164,0.5029581684032861,0.006883681027992412,8.997836405569814,10.95790734377082,4669.57084851586,1.0001431128745732
-218387.5377265867,29090.565494624156,504.18887448997157,-272814.80909614405,-158554.88033259203,3288.511595753709,0.9998617143227805
