mean,sd,mc_error,hpd_2.5,hpd_97.5,n_eff,Rhat
6.981093550380797,0.31766284542132833,0.0039012210480300845,6.357209897616562,7.606864913210217,6672.086897962383,0.9999840475414546
-112269.84681640002,10491.614378209884,122.09486631518644,-132588.65309340102,-91452.47879156399,6713.343456118323,1.0005684844997087
