mean,sd,mc_error,hpd_2.5,hpd_97.5,n_eff,Rhat
19.00637656636238,14.816863227530321,0.30739984039598783,4.077010270180051,51.24490495572806,2239.3030850085725,1.0007766630647996
