mean,sd,mc_error,hpd_2.5,hpd_97.5,n_eff,Rhat
11.410569105792861,0.758086506532024,0.009416467641015794,9.922147365797214,12.884695213265134,5271.100989097881,1.0003618264338787
