mean,sd,mc_error,hpd_2.5,hpd_97.5,n_eff,Rhat
12.12326553738562,0.46973931500512045,0.0061237779518219515,11.196238148123664,13.046398047499988,6054.537361131062,0.9998644175712107
-307009.95513492083,22527.425153709046,329.17904816935805,-350706.7284476301,-263155.8507880079,5412.364571196165,1.0001008582169344
