mean,sd,mc_error,hpd_2.5,hpd_97.5,n_eff,Rhat
7.467867367403521,0.18447667878338395,0.0024049137520411605,7.110708541794756,7.828858430450963,5260.834418643029,1.0002750350066938
