mean,sd,mc_error,hpd_2.5,hpd_97.5,n_eff,Rhat
2.9895210068967195,0.07152508654018824,0.0009510495908375884,2.852479923099706,3.1298203421377804,5161.182926900165,1.0001165782163128
