mean,sd,mc_error,hpd_2.5,hpd_97.5,n_eff,Rhat
6.253911308238314,0.3072780069186564,0.004085509216222039,5.674708841583863,6.884522965215973,5075.684084736189,0.9999577498998269
