mean,sd,mc_error,hpd_2.5,hpd_97.5,n_eff,Rhat
6.0317790908455855,0.1747193196194798,0.002639777757692523,5.697901641971921,6.370975533691367,5163.404699896725,1.0001380427045128
