mean,sd,mc_error,hpd_2.5,hpd_97.5,n_eff,Rhat
14.312021525087447,0.43372193367512524,0.007653321613255312,13.488582758936705,15.204193636157076,2810.48069571604,1.0010254029879442
122153.10412297111,12565.63041818097,238.60211259611805,97980.24708437403,147368.9519818189,2234.417821094923,1.0006002760316166
