mean,sd,mc_error,hpd_2.5,hpd_97.5,n_eff,Rhat
4.826876750196415,0.30398052425165134,0.004922566175447307,4.2271531046232464,5.386796083156289,2904.219706594487,1.0000250880865211
-97726.04611470949,9003.897265230993,152.06024335833763,-114956.91366058358,-79882.54836291025,2788.80331845929,0.9999020024795903
