mean,sd,mc_error,hpd_2.5,hpd_97.5,n_eff,Rhat
6.594306008390096,0.29728978896043434,0.0038529933709044546,6.013884585019484,7.168546994721098,6232.186446066361,1.000072331694598
