mean,sd,mc_error,hpd_2.5,hpd_97.5,n_eff,Rhat
7.183220739530577,0.22323940997650624,0.0032460032453467485,6.750278774023075,7.62545587127196,5284.725340449172,1.000149048338793
