mean,sd,mc_error,hpd_2.5,hpd_97.5,n_eff,Rhat
16.050817059551267,0.8633825715477936,0.011730077768192815,14.436738907160525,17.807560712473553,4800.109591453198,1.0000779249126852
