mean,sd,mc_error,hpd_2.5,hpd_97.5,n_eff,Rhat
7.932500513899693,1.2188195303215417,0.021623945149432007,5.557281691117755,10.369640760090226,2662.93357998441,1.000251856539734
