mean,sd,mc_error,hpd_2.5,hpd_97.5,n_eff,Rhat
6.033921328681537,1.0430498634793028,0.015724505942166185,3.9468420337551016,8.09333638976691,3740.101125291966,1.0007369258126315
-393114.21354345,18162.961416795595,246.44070528336914,-427442.70187083684,-355735.2977465937,5501.811227024643,1.0000646672650437
