mean,sd,mc_error,hpd_2.5,hpd_97.5,n_eff,Rhat
8.912299166442908,2.266140546442924,0.016848710184729103,4.817520575268544,13.590283014829122,12125.829150120833,1.0001255110697178
