mean,sd,mc_error,hpd_2.5,hpd_97.5,n_eff,Rhat
6.949177099732117,0.13255086383866616,0.0016689800396207642,6.686111704111125,7.201591633791563,6184.304020509177,0.9999705603875593
