mean,sd,mc_error,hpd_2.5,hpd_97.5,n_eff,Rhat
4.132860324056359,0.24354682732728364,0.0036985972465201156,3.6605610135017472,4.61382518456457,4132.15268246954,1.0000634584483021
-155578.35514591378,7789.2868548003125,103.65627333397451,-169909.9523484891,-139899.54334195072,4262.9467893370675,1.00017505309727
