mean,sd,mc_error,hpd_2.5,hpd_97.5,n_eff,Rhat
44.64107399375534,0.689844232026914,0.009576664185332488,43.34204886892528,46.005581780054555,5167.079540511139,0.9999777119523727
