mean,sd,mc_error,hpd_2.5,hpd_97.5,n_eff,Rhat
6.2171181083599905,0.17959038920295545,0.002492622293839694,5.871377974900584,6.575670016001503,5547.047475375452,1.000475847372908
