mean,sd,mc_error,hpd_2.5,hpd_97.5,n_eff,Rhat
6.474560573889069,0.18029291267444814,0.0027187219994188167,6.129811186007147,6.823349151775874,5138.40615968283,1.000235203290224
