mean,sd,mc_error,hpd_2.5,hpd_97.5,n_eff,Rhat
8.65971626907606,0.570922996921183,0.007303407349831016,7.598759139911861,9.823987051439982,6686.268313658383,1.000468371500774
