mean,sd,mc_error,hpd_2.5,hpd_97.5,n_eff,Rhat
6.41753614962159,0.29132849678006945,0.004271581647817876,5.836494452725244,6.987525536942467,5831.5507198201685,0.9998731923622661
-75797.03500114457,9000.754503323988,125.79627657492554,-93521.26891351526,-58756.40330675491,5261.087982550661,0.9999661444373432
