mean,sd,mc_error,hpd_2.5,hpd_97.5,n_eff,Rhat
6.253177187320085,0.48394930591056806,0.0060472468877531705,5.2621252055244305,7.159640476705092,6103.727211599711,0.9999500229025037
-172802.88031998987,26896.743196274812,353.1162781886559,-223923.13287218034,-119557.99113152038,5570.376505316292,1.0001418648114901
