mean,sd,mc_error,hpd_2.5,hpd_97.5,n_eff,Rhat
10.181188452992096,0.34272599046861085,0.00394493594587481,9.513138063284229,10.85639165813318,7234.807829311783,0.9997814812126508
-92939.11491481015,13915.637447241937,161.98769508223262,-121941.93126441783,-67297.54827819385,7306.213270840192,0.9998013349005787
