mean,sd,mc_error,hpd_2.5,hpd_97.5,n_eff,Rhat
7.576391329432602,0.21394645774576163,0.0027806838811397475,7.1493708906940165,7.997314310137979,5804.019448355093,1.000018353414627
