mean,sd,mc_error,hpd_2.5,hpd_97.5,n_eff,Rhat
3.679486602202497,0.2960265995794055,0.0066337436327045555,3.0883514379442314,4.253849244732087,1917.43087182312,1.000023785729408
-145080.93988903024,7349.443690792116,168.10116472154704,-159649.70500289343,-131365.1270292065,1814.9239375101208,1.0002689171026085
