mean,sd,mc_error,hpd_2.5,hpd_97.5,n_eff,Rhat
7.043738284200823,0.23278093378215614,0.0030564614494726825,6.587745941858696,7.496346983982476,5853.739990040431,1.0000959317513507
