mean,sd,mc_error,hpd_2.5,hpd_97.5,n_eff,Rhat
12.09277430509027,0.3717822423070585,0.0051047195352681134,11.359205722150035,12.80723686564924,4810.447653829825,1.0000979330522284
