mean,sd,mc_error,hpd_2.5,hpd_97.5,n_eff,Rhat
96.53164876780377,3.2916459668301856,0.04643791207819412,89.95069515519155,99.99796062079085,4173.714272709654,1.0000087001564837
