mean,sd,mc_error,hpd_2.5,hpd_97.5,n_eff,Rhat
7.582692606349279,0.1986519879718582,0.0029272431071821424,7.178651594261,7.9570147932152855,5220.894527918922,0.9999266285620251
