mean,sd,mc_error,hpd_2.5,hpd_97.5,n_eff,Rhat
10.551054315503347,0.454207049065006,0.006796737592083863,9.665714776828151,11.4272134817012,5104.065516648861,1.000029304911293
