mean,sd,mc_error,hpd_2.5,hpd_97.5,n_eff,Rhat
7.4627973919570865,0.3538162540346645,0.0044893387215922485,6.79108399380236,8.179663695988165,6017.726810210519,0.9998370484238959
-115163.026048597,23652.937452341906,331.3774059885787,-161988.5543414695,-69188.81187236297,4845.113804834286,1.0002866347008392
