mean,sd,mc_error,hpd_2.5,hpd_97.5,n_eff,Rhat
10.991470055713338,0.5711612065424541,0.007660673432659207,9.896653924814071,12.12622484498754,4910.895379783274,0.9998972354057583
