mean,sd,mc_error,hpd_2.5,hpd_97.5,n_eff,Rhat
7.0316793149557855,0.2979238378038291,0.004113492054629882,6.461589800184555,7.619090122073898,6286.242120978163,1.0006299661308602
