mean,sd,mc_error,hpd_2.5,hpd_97.5,n_eff,Rhat
9.488601399697453,0.383106695808819,0.004156637960582346,8.748535039918679,10.24477311953557,7338.793985640831,0.9998820226182735
-210907.4431185049,19395.606245125535,238.25650384825104,-248091.63958806306,-171780.25073845786,6906.93723994306,0.9998744220949599
