mean,sd,mc_error,hpd_2.5,hpd_97.5,n_eff,Rhat
8.852993852608599,1.0218601320406557,0.01642416917677303,6.872746917866579,10.880843249008745,3943.0901176047487,1.000191130812451
-208859.9074526661,43617.793719647256,697.8853079215148,-291338.37192143296,-122974.65354023257,4104.812762499646,0.999794686207982
