mean,sd,mc_error,hpd_2.5,hpd_97.5,n_eff,Rhat
1.680346571320376,0.5610512690626728,0.011333024712532494,1.0006403648700684,2.8025458431061523,1898.971973806706,1.000559641598445
317527.9846993781,132022.1520531867,3098.7373089377024,66833.93163932073,499959.32744210167,1571.3207176395517,1.0004361196511766
