mean,sd,mc_error,hpd_2.5,hpd_97.5,n_eff,Rhat
11.30965249807998,0.5126051554303983,0.006972041292209215,10.320412597373553,12.316471483423891,5333.130006959406,0.999892926091532
