mean,sd,mc_error,hpd_2.5,hpd_97.5,n_eff,Rhat
6.725470177974002,0.2732890041912413,0.0030597752797150335,6.188018167516616,7.248970039729969,6777.276524039714,0.9999024387640612
-144895.22879889596,18670.291867135664,235.74223440796519,-181817.72466490808,-108752.72261563528,5934.440673111197,1.0002356967405424
