mean,sd,mc_error,hpd_2.5,hpd_97.5,n_eff,Rhat
4.664971680849155,0.38103743416576996,0.00716323266041254,3.8970836279961087,5.381179252660019,2850.631638030607,1.0001635176265202
-170113.0875285672,19321.318012048534,345.829543578201,-207459.7461080832,-131927.31443589556,2847.141107682202,0.9997678999397103
