mean,sd,mc_error,hpd_2.5,hpd_97.5,n_eff,Rhat
7.173903973293966,0.2209096609199298,0.002600084024210438,6.7506004108185165,7.609947182556979,7180.407887132662,0.9999674187870033
-120086.6082109125,16540.066646932173,176.2174493383885,-150398.62573637618,-86054.32559236298,6636.40884236077,0.9998275429570463
