mean,sd,mc_error,hpd_2.5,hpd_97.5,n_eff,Rhat
9.8738879260399,0.3240940401648634,0.003998334071415073,9.21471678056198,10.483683264910674,6017.320183339913,1.0000622769392422
