mean,sd,mc_error,hpd_2.5,hpd_97.5,n_eff,Rhat
8.46893025862824,1.0839814114212714,0.009585834632422704,6.319184209854612,10.57369469840417,12035.704589112836,1.0000632967866394
