mean,sd,mc_error,hpd_2.5,hpd_97.5,n_eff,Rhat
3.5408842055486494,0.5840578712217588,0.01633582152472292,2.353630365469947,4.628739613607088,1280.3287120161694,1.000619325403797
-185995.41955925594,31627.978663703263,897.2240554472097,-250034.74761979998,-125134.35956818004,1280.2772135651228,1.000720056936326
