mean,sd,mc_error,hpd_2.5,hpd_97.5,n_eff,Rhat
8.492306995230763,0.3263590017548777,0.004692462690939417,7.857937382986231,9.1284857363827,4701.102414002276,1.0001293974331709
