mean,sd,mc_error,hpd_2.5,hpd_97.5,n_eff,Rhat
8.2140174510981,2.134810816828885,0.027368631650183734,3.9455240014212403,12.364610680311092,4768.253567847325,1.0003151492977385
-221194.38162439424,94434.04205015817,1225.6624561179617,-385157.2137426721,-23380.641143571524,5003.9129354248025,1.0002805469482186
