mean,sd,mc_error,hpd_2.5,hpd_97.5,n_eff,Rhat
9.292165117001602,0.4466399333238108,0.007108668896899648,8.397149375302568,10.141789344379877,3918.2477756541293,0.9999706324400593
-206455.29792874272,23175.429448087878,344.2376430989825,-251552.3853476197,-161464.64291269047,3904.8945067249106,1.00141273234543
