mean,sd,mc_error,hpd_2.5,hpd_97.5,n_eff,Rhat
9.880817867883238,0.29406809978525444,0.003441477682167119,9.303675477981734,10.458590702392181,7198.88221809132,0.9999727418591031
-143898.82102962318,21066.45720894982,228.9558380477531,-184727.01187601275,-102906.78544055043,6774.022601006492,0.9999532784315623
