mean,sd,mc_error,hpd_2.5,hpd_97.5,n_eff,Rhat
5.994073941789289,0.4579319167208127,0.0034429490850588843,5.095222863021967,6.9108222604866585,15322.439530570326,1.0001201971117764
