mean,sd,mc_error,hpd_2.5,hpd_97.5,n_eff,Rhat
13.378850274998598,1.8875680276614373,0.024774580655392647,9.971551583321448,17.16105547862701,4821.80093012495,1.0002825534663813
