mean,sd,mc_error,hpd_2.5,hpd_97.5,n_eff,Rhat
6.5561539156368625,0.10707347764740113,0.0015021194907973547,6.346472077110422,6.764881290050979,5593.02898956648,0.999975577356529
