mean,sd,mc_error,hpd_2.5,hpd_97.5,n_eff,Rhat
8.14193993765452,0.2758646105243753,0.0036056882008007897,7.607622188919772,8.671008504830521,6334.649866460386,1.0002769863228698
