mean,sd,mc_error,hpd_2.5,hpd_97.5,n_eff,Rhat
9.242306626796292,1.0962902683189792,0.012185348272595233,7.248727705811215,11.517016335540157,5640.4943311184015,1.0006703146188423
