mean,sd,mc_error,hpd_2.5,hpd_97.5,n_eff,Rhat
11.003213510636124,0.3931258306497414,0.005322832194595406,10.248065881170158,11.795228257023503,5423.51321278843,1.0000093863646828
