mean,sd,mc_error,hpd_2.5,hpd_97.5,n_eff,Rhat
11.356825978487997,0.6039460272114912,0.005224874823114163,10.157060441622551,12.554417266357536,13799.03276211039,1.0001748065996063
