mean,sd,mc_error,hpd_2.5,hpd_97.5,n_eff,Rhat
5.679133703276669,0.8345795366550186,0.016796413936449185,3.990360020917855,7.246362580245201,2478.5505519954118,1.0007175649928486
-5080.723512869044,31766.77867384223,663.4033989352137,-68589.43529979183,56678.33400715006,2476.9559280678204,1.001147589823681
