mean,sd,mc_error,hpd_2.5,hpd_97.5,n_eff,Rhat
7.015326651914557,0.3916218052068552,0.00568336583662578,6.271138002727958,7.810436093565237,5433.824124923184,0.9999009879948134
