mean,sd,mc_error,hpd_2.5,hpd_97.5,n_eff,Rhat
4.951592607667802,0.2655912507645967,0.004218841208002954,4.427454514085526,5.4703217283087335,3828.010731548303,1.000115348121626
-124102.3975848525,7372.629881472098,119.88114817008929,-137797.7007274863,-109293.0307683384,4067.6727426760576,1.0001280036019438
