mean,sd,mc_error,hpd_2.5,hpd_97.5,n_eff,Rhat
12.199086214720541,3.187236819872265,0.06032554654190599,6.981049906598143,18.47191602519505,2350.823403632956,1.0002264188862222
241780.9550434898,68206.01160286275,1146.5643209362038,110351.28424385632,379730.63561072265,2945.0811302023594,0.9998667241596356
