mean,sd,mc_error,hpd_2.5,hpd_97.5,n_eff,Rhat
7.462622584986799,0.2586048132396547,0.0038053455505681058,6.975701252379096,7.981155972770883,4985.523639777083,0.9999717555161842
