mean,sd,mc_error,hpd_2.5,hpd_97.5,n_eff,Rhat
7.654808397379542,0.31986967820719536,0.005475435786898635,7.023570117628216,8.281455958409682,3072.760271270023,1.0003417409253703
176322.42547449796,13088.778267807473,209.6172843492779,149680.131692289,200698.00883122714,3086.9961874313763,1.000171436533649
