mean,sd,mc_error,hpd_2.5,hpd_97.5,n_eff,Rhat
3.9594627642476707,0.2871776715875425,0.006013679608787643,3.4000150617114517,4.513987898893018,2109.4180357290024,1.0005397010416162
-106569.1557085129,8825.2949632565,181.26090876848127,-123490.62825854323,-89276.86154219671,2097.420653107991,1.0006694573215593
