mean,sd,mc_error,hpd_2.5,hpd_97.5,n_eff,Rhat
3.287369266392249,0.07987610911026614,0.0010367387342657497,3.1343202183727907,3.444700304121266,4678.096544992071,0.9999023113786338
