mean,sd,mc_error,hpd_2.5,hpd_97.5,n_eff,Rhat
6.525764974111906,0.4836913838320157,0.005999203977408183,5.602387179304367,7.4816813816013585,6007.740863962454,1.000033759578087
-117341.82169527432,24430.728211333848,317.6590896050979,-162637.1085768559,-67342.99289470247,5866.033329750271,1.0004085195629393
