mean,sd,mc_error,hpd_2.5,hpd_97.5,n_eff,Rhat
9.289736205062352,0.5852358440489029,0.004742233988924339,8.179846513134507,10.48449648372788,14492.288372847086,1.0002466963338121
