mean,sd,mc_error,hpd_2.5,hpd_97.5,n_eff,Rhat
14.534980222679868,0.4406294353976995,0.00559359576657861,13.679049708693803,15.39172550294907,5427.444599367609,1.0000392080757867
