mean,sd,mc_error,hpd_2.5,hpd_97.5,n_eff,Rhat
3.835157226737277,0.8828244196881224,0.012760573184575763,2.203243250067509,5.658637531014654,4463.548463354905,0.9999942714744864
