mean,sd,mc_error,hpd_2.5,hpd_97.5,n_eff,Rhat
92.08586117300123,6.961463979619059,0.10400114568230971,78.07285789349359,99.99613446818904,4056.072262754848,1.0006240244252267
-438855.2380224899,64035.83814293361,1029.7183116517529,-499940.747616667,-313874.36847046996,3296.804326469937,1.0003168915955514
