mean,sd,mc_error,hpd_2.5,hpd_97.5,n_eff,Rhat
6.23983235907554,0.32206654133552043,0.0040361962647995605,5.629686974543835,6.875461115887891,6008.616943667546,0.9999134745666481
