mean,sd,mc_error,hpd_2.5,hpd_97.5,n_eff,Rhat
4.55990466128604,0.4113051002333814,0.008253061868862177,3.7416045394376463,5.337681258671849,2589.3730844447896,1.0020254132588304
-141946.46345461262,25117.87849727664,484.21732937950065,-190804.2631216848,-93542.61986295065,2667.218496359774,1.0024924278274003
