mean,sd,mc_error,hpd_2.5,hpd_97.5,n_eff,Rhat
3.5838329575110133,1.091073995406557,0.036799430003220016,1.237042918542514,5.465811126693281,840.5310007313727,1.0003124567952817
-235443.6693476253,44743.29453182077,1552.9589669978573,-332008.3722974475,-153359.0364289212,792.4319632120714,1.0001748154409524
