mean,sd,mc_error,hpd_2.5,hpd_97.5,n_eff,Rhat
19.368287774728355,0.9519159193643518,0.012685654725110209,17.473403065398593,21.199524972410547,5142.392249361552,0.9999357201493099
