mean,sd,mc_error,hpd_2.5,hpd_97.5,n_eff,Rhat
8.91357639922447,0.5902092562928913,0.008083706529111438,7.762631214474482,10.078848870682862,6595.550975162529,0.999876168299793
