mean,sd,mc_error,hpd_2.5,hpd_97.5,n_eff,Rhat
7.789446776696648,0.38737743815754727,0.005573071543346658,7.04019291085705,8.535321433955515,5549.864279027819,0.9999575315335285
