mean,sd,mc_error,hpd_2.5,hpd_97.5,n_eff,Rhat
9.671881043767183,0.36035302354448634,0.0051750395438847786,8.982420533802632,10.402951369128383,5120.737975489359,1.0011746739723866
