mean,sd,mc_error,hpd_2.5,hpd_97.5,n_eff,Rhat
7.26741243767295,1.2223225887226774,0.01629838006224899,4.9314862368493495,9.605194974261877,5705.700813191299,1.0001647537509828
