mean,sd,mc_error,hpd_2.5,hpd_97.5,n_eff,Rhat
15.197549017128186,4.353773662168887,0.053482668663470054,7.958259037548442,24.00112482004915,5736.300717086157,1.0008095702299038
