mean,sd,mc_error,hpd_2.5,hpd_97.5,n_eff,Rhat
91.03688639572691,7.87922108810556,0.1545928169427401,74.93322989352713,99.99781740358742,3194.553951235311,1.0009229473609655
-435001.404353799,67359.99114028775,1038.98232599091,-499975.93454922497,-299606.9346335346,2924.02016494926,1.0004718441143476
