mean,sd,mc_error,hpd_2.5,hpd_97.5,n_eff,Rhat
6.291200444509728,0.31423272518069534,0.00437180238541548,5.68058881698114,6.902178693925119,5395.746223821874,0.999854082296969
