mean,sd,mc_error,hpd_2.5,hpd_97.5,n_eff,Rhat
15.966362763964446,3.881784595080417,0.05450997525277901,9.41604859819748,23.785252654406204,4988.167789548616,1.0000175155339004
