mean,sd,mc_error,hpd_2.5,hpd_97.5,n_eff,Rhat
14.139058537770675,0.5337455435346949,0.006760683431904233,13.094448195464931,15.183323744011515,5054.867120718667,0.999912967203073
