mean,sd,mc_error,hpd_2.5,hpd_97.5,n_eff,Rhat
6.919683835606194,0.7182738767755095,0.009506484274272576,5.536078827368557,8.368522555045642,5571.681352627235,0.99982827778285
-243501.4589235852,31727.97987317484,441.1440207094288,-303030.81886863516,-179655.74862986396,5382.248574324277,0.9999066061604697
