mean,sd,mc_error,hpd_2.5,hpd_97.5,n_eff,Rhat
7.7628621282324675,0.20822842805462963,0.00327225153943807,7.361558813333766,8.180487548542976,4706.218437583013,1.00054843980121
