mean,sd,mc_error,hpd_2.5,hpd_97.5,n_eff,Rhat
5.98173637954948,0.32489349992209976,0.004857539168009955,5.353115733438719,6.61530661683095,4008.891153840463,1.0004540332422875
-46034.681223352374,10974.312715052769,167.10940096396124,-67740.1496718964,-25178.492015833664,3765.217150824874,0.9999449287316466
