mean,sd,mc_error,hpd_2.5,hpd_97.5,n_eff,Rhat
12.003734728432121,2.8924581922571515,0.04132880183584441,6.537355470189475,17.559166449841324,5220.870991594346,1.0001324688942395
162376.24649455716,177503.81944507008,2271.2729200137364,-144150.16272312315,497499.80179676914,5162.327553933689,0.999825547321311
