mean,sd,mc_error,hpd_2.5,hpd_97.5,n_eff,Rhat
7.680970392962017,0.3386479043073294,0.004841850822987347,7.011055805444485,8.341772456945709,4698.2202693614345,1.0000194385712387
