mean,sd,mc_error,hpd_2.5,hpd_97.5,n_eff,Rhat
10.034720468121021,0.29079066053435126,0.0035522917945402014,9.471134100924052,10.609012626585171,6675.108238419492,1.0001798733619431
