mean,sd,mc_error,hpd_2.5,hpd_97.5,n_eff,Rhat
5.6608634388594465,0.2931815980283763,0.003849117413612855,5.099408790028779,6.244003212363925,5282.661906818898,1.0001468784553957
