mean,sd,mc_error,hpd_2.5,hpd_97.5,n_eff,Rhat
12.306781314523537,0.6984650695404242,0.010025445252522065,10.855046289444491,13.590581546279116,5140.458915805243,0.9998878748220055
59624.672077602714,19497.77588890826,237.94491025547433,21321.21286268174,96913.1547294606,6047.6041264775,1.0005491662303896
