mean,sd,mc_error,hpd_2.5,hpd_97.5,n_eff,Rhat
4.678768924805283,2.1851945599414777,0.07752391365284597,1.0521918270114894,8.502566843598357,458.10507839771356,1.0037803515460608
-92797.32073551934,67646.61440084937,2328.8935393384713,-203432.55439919123,36001.708994568005,515.0766734645665,1.0041953587546035
