mean,sd,mc_error,hpd_2.5,hpd_97.5,n_eff,Rhat
8.309760597005496,0.1946707879135646,0.0022776957299581414,7.928482795662575,8.693045863257257,5940.324642607,0.9999158363458699
-186293.4397905573,10545.830853133612,140.71775652262798,-206475.56347203438,-165260.96859735102,6270.324272664971,1.0005765935652597
