mean,sd,mc_error,hpd_2.5,hpd_97.5,n_eff,Rhat
5.927899749647341,0.5140225806637149,0.006898235031744138,4.915460930787397,6.930884454073921,6348.983257071138,0.9999864791458322
-53617.6938307527,31158.243970490807,407.3473246023974,-112237.41082471167,8775.995466095199,5809.086802812964,1.0005370898766168
