mean,sd,mc_error,hpd_2.5,hpd_97.5,n_eff,Rhat
1.1509880974156248,0.13841506281949054,0.002121472165310002,1.0000294744078913,1.4227808050931163,4444.695118403047,1.0000553567443442
