mean,sd,mc_error,hpd_2.5,hpd_97.5,n_eff,Rhat
6.90043082872917,0.2895445895268318,0.003746201528384658,6.327394684655726,7.448648191296593,5373.180109399145,1.000251809706656
-148069.54820658272,14227.755680774191,191.06666597048888,-175468.53007552505,-120133.29830791574,5140.670643016745,0.9999885422486519
