mean,sd,mc_error,hpd_2.5,hpd_97.5,n_eff,Rhat
6.594820792272479,0.3225093115173384,0.0037078595847541583,5.942717942035936,7.190622745361095,6873.866719144901,0.9998012007237105
-143740.43203678835,16130.635746428346,203.94814354093688,-174131.62825835394,-111293.95326635033,6369.33064446816,0.9999507766695759
