mean,sd,mc_error,hpd_2.5,hpd_97.5,n_eff,Rhat
7.345749443315347,1.6817893756473088,0.022903493625201343,4.313178939017841,10.821780882524674,5278.11555520891,1.0003244642746303
