mean,sd,mc_error,hpd_2.5,hpd_97.5,n_eff,Rhat
6.773314072472048,0.2664714127975022,0.0037215455006244886,6.268541133033087,7.303882200175402,4930.726135847386,1.0005096439250716
