mean,sd,mc_error,hpd_2.5,hpd_97.5,n_eff,Rhat
1.2385879447273285,0.211685620318374,0.0032656629516304874,1.0000871824570645,1.6511450173640014,4183.831636890776,1.0007281990119012
