mean,sd,mc_error,hpd_2.5,hpd_97.5,n_eff,Rhat
9.397996731317075,1.4434040597893667,0.017752070313700775,6.752557154671743,12.244284457568346,5913.166218830306,1.0000096151873021
-44155.21199277772,40220.22406623668,552.7636967815254,-128856.12396002277,30163.026339899756,5476.805698965216,0.9999137985880772
