mean,sd,mc_error,hpd_2.5,hpd_97.5,n_eff,Rhat
4.491749288152776,0.4659298084462112,0.008164528094001481,3.6185853263809844,5.462872842593294,2548.3047592903836,1.0006520727650494
-183348.5742289756,23045.361750664382,431.58655023602796,-227701.07855403103,-138086.361107086,2646.8161578429826,1.000641114234991
