mean,sd,mc_error,hpd_2.5,hpd_97.5,n_eff,Rhat
6.094381839341291,0.5460829061861748,0.00978524187518599,5.0799476498815475,7.21703983513565,2894.38823962666,1.0004603391956997
1231.3923275244115,19994.48364864206,341.2761733596228,-37614.93278283407,41201.92244909038,3091.5563818006767,1.001144728246623
