mean,sd,mc_error,hpd_2.5,hpd_97.5,n_eff,Rhat
6.024479163253402,0.993511807695911,0.00875961110117787,4.059264634978741,7.974976227249105,12545.86830805566,1.0002179534146047
