mean,sd,mc_error,hpd_2.5,hpd_97.5,n_eff,Rhat
9.207725245641019,5.236845990412266,0.148115421760662,4.290491232803261,16.920668653568463,1286.0212697045247,1.0007708120044168
