mean,sd,mc_error,hpd_2.5,hpd_97.5,n_eff,Rhat
5.359172229443828,0.2814366551570881,0.0038684441902915785,4.811716951748,5.906520887022837,5261.277485343298,0.9999920114628251
