mean,sd,mc_error,hpd_2.5,hpd_97.5,n_eff,Rhat
4.4576115525540585,0.30724803758470287,0.0043247353891522405,3.8598370530723414,5.0504370334040924,5866.17086819872,0.9998202633648283
-178097.51120541114,9396.414531580514,119.95248245359144,-197020.53499385845,-160406.13840494977,5335.171188840804,1.000580813454074
