mean,sd,mc_error,hpd_2.5,hpd_97.5,n_eff,Rhat
6.305303409767299,0.3652710020667643,0.005238372917054493,5.5633599720681,7.027182733894396,6353.310216145675,1.0000705771121148
-173903.05482139974,21451.11094839101,288.30067113363793,-216377.15787736033,-133108.2341671573,5826.388593216766,0.9997661178211427
