mean,sd,mc_error,hpd_2.5,hpd_97.5,n_eff,Rhat
7.8626473743515,1.7058089744352378,0.03132576625368549,4.354297039162343,11.435815243162928,2552.8325899711795,1.000788665728811
-67859.79615645167,69505.06679282714,1222.9011621033078,-211524.8694163968,68179.20975427883,2532.68774854672,1.000032878594077
