mean,sd,mc_error,hpd_2.5,hpd_97.5,n_eff,Rhat
3.4094576978247852,0.4371836183933824,0.009459774345757867,2.561050346673237,4.284304311924745,1828.8713041761162,1.0007151283255786
-152062.83044389638,10347.958493865899,224.12146496108434,-172818.27599372852,-132022.30536684062,1822.2565115901434,1.0008369009192366
