mean,sd,mc_error,hpd_2.5,hpd_97.5,n_eff,Rhat
9.333808837239085,0.31621367041801474,0.0049928443035818495,8.746884389669045,9.981941179528434,4369.496282745336,1.0004486869745355
