mean,sd,mc_error,hpd_2.5,hpd_97.5,n_eff,Rhat
5.126233669356689,0.4236706671475797,0.0060825783588715696,4.308348874699515,5.977577214624508,4973.018706742494,0.999841352377819
