mean,sd,mc_error,hpd_2.5,hpd_97.5,n_eff,Rhat
3.7300202809643177,0.7024430786854864,0.012944441127080746,2.329156284834648,5.084804196927831,2824.3778977838497,1.0007924751231647
-294703.34354606335,20382.334300137845,382.8335351929361,-335056.2320486093,-256888.97466911408,2807.4264559580006,1.000766001101839
