mean,sd,mc_error,hpd_2.5,hpd_97.5,n_eff,Rhat
9.652527516002111,0.51737589072022,0.005850684897648308,8.687761815874186,10.701659059055054,5721.751703387092,1.000328027844803
