mean,sd,mc_error,hpd_2.5,hpd_97.5,n_eff,Rhat
6.796221016635248,0.272756383482924,0.004104035387085124,6.294245337193664,7.358930123097746,5274.691277278124,1.0001224779328322
