mean,sd,mc_error,hpd_2.5,hpd_97.5,n_eff,Rhat
13.774987636313105,0.24013499957249065,0.0054061621762166705,13.32363060305291,14.261218060553835,1520.895643876262,1.000846614085534
-495271.49503697845,3783.943789429831,89.27132773605594,-499999.3328624444,-487831.10214506043,1739.7338362684864,1.0002910247390822
