mean,sd,mc_error,hpd_2.5,hpd_97.5,n_eff,Rhat
4.085912941770197,0.6004592173145089,0.01439980004448207,2.90107647376017,5.237427556446312,1823.0631013626505,1.0015389833410837
-197236.46823247898,27864.689758884222,662.2819426190882,-251302.3626601411,-142360.261040349,1847.7144093565594,1.0013223940644926
