mean,sd,mc_error,hpd_2.5,hpd_97.5,n_eff,Rhat
1.9829116040147174,0.08975173777194573,0.001275510954448245,1.8091038430944943,2.154854594727152,5385.064928485962,1.000153029910285
