mean,sd,mc_error,hpd_2.5,hpd_97.5,n_eff,Rhat
4.91320451363234,0.3495430615301761,0.00643566755574327,4.241501303761932,5.625116283202526,2853.779645194825,1.0022198888314648
-91655.28545569105,10727.135139192322,196.68801440172828,-113284.61290979086,-71226.4865943577,2956.290402528234,1.0011609504196797
