mean,sd,mc_error,hpd_2.5,hpd_97.5,n_eff,Rhat
20.893534497497534,0.3114452083083153,0.004063616834751246,20.287165599941634,21.513056597278492,5729.425075828173,1.000875530071569
