mean,sd,mc_error,hpd_2.5,hpd_97.5,n_eff,Rhat
6.105905963989364,0.23338268102447798,0.003314313595273862,5.6589237931953,6.580278515479507,5222.550182062202,0.9998573041811413
