mean,sd,mc_error,hpd_2.5,hpd_97.5,n_eff,Rhat
5.523680988443548,0.254599085568378,0.005271057144325457,5.0448150346765495,6.033357430828052,2287.4344999283476,1.0004421220278217
133640.39809128898,14498.201912459504,314.3730337335957,105757.97111048846,162600.9143505216,2226.2027960762466,1.0001647548968624
