mean,sd,mc_error,hpd_2.5,hpd_97.5,n_eff,Rhat
7.1836331985443005,0.2444547326179188,0.0029999927824078793,6.704635162320118,7.660620023348403,6237.420892897447,0.9999853282387102
