mean,sd,mc_error,hpd_2.5,hpd_97.5,n_eff,Rhat
5.854814108105503,0.21537748786795088,0.002429604197497592,5.424404031386617,6.259766006558421,6406.100211848433,1.000089624633646
-117143.73788131685,10150.366170178691,134.83006737247732,-137220.84550048507,-97525.71537856225,6043.377044278003,0.999838865851967
