mean,sd,mc_error,hpd_2.5,hpd_97.5,n_eff,Rhat
3.3832049172620717,0.49105763256854246,0.011505697286780721,2.3753746612212026,4.3125506213473255,1996.4432199882904,0.9998046700275702
-159823.94820596869,12677.188613421396,306.60856126961596,-185207.65754342626,-135680.09970992588,1821.0439196258164,1.0000621236026523
