mean,sd,mc_error,hpd_2.5,hpd_97.5,n_eff,Rhat
1.0386861839311123,0.03238526706854575,0.0005510885030471605,1.0000103902861603,1.1030338999197034,4250.658375745054,0.9998490648345865
