mean,sd,mc_error,hpd_2.5,hpd_97.5,n_eff,Rhat
4.542781101789079,0.4366641521476971,0.008526373354092856,3.696902070065553,5.38796405004161,2466.7435080072996,1.0032145583571817
-187677.9208002411,21532.50226394334,418.0311895976846,-228510.57136019965,-145069.00604291417,2550.051047891099,1.002779379258224
