mean,sd,mc_error,hpd_2.5,hpd_97.5,n_eff,Rhat
99.64777228070264,0.3512094142963629,0.0048922291947484965,98.9451189392535,99.9999828279365,4099.428796254114,1.0011226052377176
