mean,sd,mc_error,hpd_2.5,hpd_97.5,n_eff,Rhat
5.808462266268111,0.300082331868511,0.004485317922407505,5.216445983700854,6.386341610312931,4735.486752487802,1.0001185319913226
-124948.57588524903,14597.011484444998,203.6208141266864,-152666.78183896947,-95693.54748628211,5668.588103985193,0.9998518724720377
