mean,sd,mc_error,hpd_2.5,hpd_97.5,n_eff,Rhat
7.756444238878595,0.3556145630202389,0.004863834505283939,7.066763821085492,8.459942628099203,5785.9208764397445,1.000076816557587
