mean,sd,mc_error,hpd_2.5,hpd_97.5,n_eff,Rhat
5.415432047696413,0.3987800119541916,0.008561790373763582,4.648792241255232,6.182727735508973,2237.3624955205805,1.0002047918647345
43574.429594372545,18343.416670411185,400.8424667392609,9614.427530292513,80942.35344676337,2179.5058128495725,1.000310740817341
