mean,sd,mc_error,hpd_2.5,hpd_97.5,n_eff,Rhat
6.50561350665745,0.33808418378633803,0.005723312621193547,5.860929517370567,7.177346789002268,4510.326317046821,0.9999345055356293
-148726.5709898767,14450.969724286595,192.1462740176219,-175182.2909444367,-118383.56609432171,4835.104128121048,0.9999065348948037
