mean,sd,mc_error,hpd_2.5,hpd_97.5,n_eff,Rhat
7.874226822886788,1.039149911649938,0.013000330501097659,5.913058717058549,9.937313552157836,6236.181056240165,1.0000589698539781
-266036.6081569773,39484.3962780947,455.0679645891172,-343735.9226527346,-189546.82966862823,6932.532284144092,0.9999538422290644
