mean,sd,mc_error,hpd_2.5,hpd_97.5,n_eff,Rhat
16.535067434315255,2.1279150871912247,0.02771168012209707,12.513478576492767,20.834523163008747,5680.952327627786,1.0002403373878448
