mean,sd,mc_error,hpd_2.5,hpd_97.5,n_eff,Rhat
6.078323415672208,0.2646743059399474,0.004393996336337999,5.55053426543615,6.584826503536801,4821.378975556971,1.000395066222775
