mean,sd,mc_error,hpd_2.5,hpd_97.5,n_eff,Rhat
3.5137632073384593,0.8922286350724699,0.023610899793105863,1.6548428088648581,5.201464589106699,1401.8716986889624,1.0017528206550321
-99642.15730365601,73083.99162550144,1898.951904056959,-245247.1841949344,48744.36324541509,1444.8346613313943,1.0012362405430528
