mean,sd,mc_error,hpd_2.5,hpd_97.5,n_eff,Rhat
4.606574875319933,0.278558523363381,0.006126291612766882,4.078966475545225,5.163275736930475,2128.4278416116044,1.000669008192183
-87598.2019190077,8534.373773501002,176.64597084039278,-104724.45355848232,-71393.40594652932,2252.6795743860694,1.0013148962884262
