mean,sd,mc_error,hpd_2.5,hpd_97.5,n_eff,Rhat
35.81643356825406,7.837235471189141,0.1392433149477983,22.49577964197245,52.030502867402085,3348.214839831722,1.0007380779525057
