mean,sd,mc_error,hpd_2.5,hpd_97.5,n_eff,Rhat
8.270835781220374,1.470099806537849,0.012560491952901279,5.252181334234361,11.030581174571276,12328.985679074069,1.0002687542737854
