mean,sd,mc_error,hpd_2.5,hpd_97.5,n_eff,Rhat
9.134539197245369,4.187167159689553,0.10460505705154861,0.9067561685716018,16.657301152690167,1577.4646594662163,1.0029623192758115
-2437274.308667477,1358055.0818105366,34687.572053167736,-4925151.36671155,188923.13198867417,1512.396180836612,1.0025481039941098
