mean,sd,mc_error,hpd_2.5,hpd_97.5,n_eff,Rhat
5.3424732528957595,0.3580455559421522,0.004272375212860993,4.6615972782469495,6.061774558218766,5872.937038090437,0.9999645986050554
-35353.98257292411,36181.376203419524,476.7091089746149,-104204.60290242262,35747.38273561106,5421.9941145449875,0.9999510525851729
