mean,sd,mc_error,hpd_2.5,hpd_97.5,n_eff,Rhat
89.33752272393943,9.27721143222844,0.12701200426693202,70.25938971671125,99.99567301277963,4671.112769009977,1.0001917350210772
