mean,sd,mc_error,hpd_2.5,hpd_97.5,n_eff,Rhat
7.621475690154755,0.6796248782409385,0.007973275996596085,6.339748184507074,9.028565847210857,7040.995183866647,1.0001686198417474
-203731.14528165336,35619.01990034819,408.1941342877935,-271570.0480382335,-132332.05479640374,6455.48115878567,1.0000665612860653
