mean,sd,mc_error,hpd_2.5,hpd_97.5,n_eff,Rhat
20.4591825770625,2.5599694449852888,0.038133646459663564,15.658366587067505,25.542745961798584,4956.904367326623,1.00040349408268
