mean,sd,mc_error,hpd_2.5,hpd_97.5,n_eff,Rhat
11.620965093304314,0.9937518409142143,0.014873179928538049,9.794270948669688,13.629620602385977,5661.650779824171,0.9999236579848159
