mean,sd,mc_error,hpd_2.5,hpd_97.5,n_eff,Rhat
4.028170739592555,2.1772826180680025,0.1298790928545927,0.02500080054412585,7.073255869678496,122.75423796928376,1.0394712977502467
-144232.4824111554,161317.75187345978,8813.716070896106,-395862.3244694709,100430.42532098423,200.06571685468884,1.0191300029637267
