mean,sd,mc_error,hpd_2.5,hpd_97.5,n_eff,Rhat
7.326593773495816,0.43222717531829263,0.005859851137396961,6.496870019029343,8.182987788548393,5220.339297530591,1.0001465186331167
