mean,sd,mc_error,hpd_2.5,hpd_97.5,n_eff,Rhat
11.822672771615297,0.3548760123704769,0.005089983327293991,11.135304323853381,12.524254200460309,5386.240896306254,1.0000396300366747
