mean,sd,mc_error,hpd_2.5,hpd_97.5,n_eff,Rhat
4.07041537741417,0.7172222296002733,0.023212473179632754,2.6539461281467256,5.453807823191535,953.2698360805252,1.0013364553726058
-239342.50711690198,26304.228200289996,850.0965016672187,-290725.59514408134,-188760.75204716058,1021.3746300776787,1.0010112203631936
