mean,sd,mc_error,hpd_2.5,hpd_97.5,n_eff,Rhat
9.647958448896903,0.49626821236431856,0.0059004473113348005,8.64997963304332,10.615478192840923,5896.622794726898,1.0003620249596537
