mean,sd,mc_error,hpd_2.5,hpd_97.5,n_eff,Rhat
7.462800980646412,0.21585199801894012,0.002271618688439595,7.0489713111371834,7.886616448394453,6753.1156881057,0.9999246148009645
-51439.63458349533,7369.145633436106,100.91709105652237,-66990.61675348933,-38349.56206699514,6083.639243296544,1.000173382789647
