mean,sd,mc_error,hpd_2.5,hpd_97.5,n_eff,Rhat
5.260736018804445,0.26500517196228607,0.0031905839529983923,4.76354600848164,5.797774625686344,6627.640110645056,0.9999944250981794
-189437.26048536345,9598.48754659428,129.3190334260783,-209099.43003713826,-171317.06762747202,6526.59749336705,1.0004949585612422
