mean,sd,mc_error,hpd_2.5,hpd_97.5,n_eff,Rhat
7.96206400405771,0.2516555369459865,0.00308903348425675,7.454955422346094,8.44289624559743,5629.368927204337,1.00005842200945
