mean,sd,mc_error,hpd_2.5,hpd_97.5,n_eff,Rhat
12.723550354490914,0.8084935261549248,0.01181283319270513,11.220630606696997,14.35392501868573,3835.8667323540017,1.0002266905663209
-488182.8796986234,10792.784923899058,176.25236963673007,-499996.4488330181,-466885.0562629664,4629.544449179474,1.0000651178425424
