mean,sd,mc_error,hpd_2.5,hpd_97.5,n_eff,Rhat
7.6245205812938925,0.5795957170372679,0.0072639824616371985,6.487675049155724,8.737484858479187,6054.119301852501,1.0001714209015549
