mean,sd,mc_error,hpd_2.5,hpd_97.5,n_eff,Rhat
12.49507468572438,0.553100782861327,0.007908307479378734,11.442949453691766,13.602307975990088,4957.332781797665,1.0004164583004713
