mean,sd,mc_error,hpd_2.5,hpd_97.5,n_eff,Rhat
15.047174173316,3.607765130619692,0.04498193943980128,8.670570182795306,22.300764219656177,6174.408342035206,1.0001234115466657
-192873.78137419856,152307.81923892387,2143.7042091287403,-484604.9142914874,93284.3403669521,5045.900616886342,1.000322643512135
