mean,sd,mc_error,hpd_2.5,hpd_97.5,n_eff,Rhat
5.971143346096097,0.23545273389033985,0.0026876584749076387,5.510613621231974,6.43407121527077,6387.839260190704,0.999956697992839
-149242.75353375892,11276.362093333839,124.3931067222056,-170682.25274200994,-126666.65296466667,6077.892961713607,1.0003107930994293
