mean,sd,mc_error,hpd_2.5,hpd_97.5,n_eff,Rhat
6.294427595083028,0.27968787849053844,0.0039871205649474805,5.752827401890583,6.855500213268138,5764.974060044405,1.0003869799005698
