mean,sd,mc_error,hpd_2.5,hpd_97.5,n_eff,Rhat
7.449444002793325,0.255708216604979,0.0030391270050679686,6.954370708269859,7.945448268646102,6487.357714417285,0.9998951447416978
-106195.36038619997,15445.383574433203,191.36513228530472,-136207.88123438126,-76190.51181382986,6710.0531677494355,1.0005070120089046
