mean,sd,mc_error,hpd_2.5,hpd_97.5,n_eff,Rhat
9.636983195835214,0.365721892976318,0.004851433644220937,8.937483410461306,10.345240676686252,5801.6369787902495,1.000200836192726
-19259.53084015646,12438.909728184723,138.77680471564184,-42403.87386742905,6335.56214434261,6250.426370829764,0.9998674617225021
