mean,sd,mc_error,hpd_2.5,hpd_97.5,n_eff,Rhat
9.295475737524068,0.4440088094766752,0.0065100432257529026,8.390164308765849,10.12053436149801,5355.97278766425,1.000024150793524
