mean,sd,mc_error,hpd_2.5,hpd_97.5,n_eff,Rhat
4.377019052061227,0.32785018962695095,0.0061135987367753,3.7337435407154587,5.022746194437075,2649.940984739124,1.0005530253115125
-119826.24229707119,9064.004146426485,160.6634649235191,-137303.86261347577,-102134.62777188986,2786.8800760361064,1.000162036680036
