mean,sd,mc_error,hpd_2.5,hpd_97.5,n_eff,Rhat
6.298494343225577,0.23783610129027094,0.002551671091880631,5.830790871029631,6.759070778638607,7330.601077844419,1.0000396969685479
-27120.39548499905,17261.16602059632,201.7488214040394,-61161.91214494143,6051.584674219402,6870.18989865991,0.999933861308797
