mean,sd,mc_error,hpd_2.5,hpd_97.5,n_eff,Rhat
7.193735504640901,0.19222151641074237,0.0026612032917619185,6.791416906489798,7.546264773703588,5385.0791716671165,0.9999398796582096
-131845.0421167588,10802.834392156708,143.3744889138156,-152547.72895064467,-110667.05633684115,5778.852901456937,1.0007162798651579
