mean,sd,mc_error,hpd_2.5,hpd_97.5,n_eff,Rhat
4.008285476423771,0.10002477919310901,0.0013709723985817735,3.822870391503261,4.210136241558981,5245.533045246542,1.0003096870399373
