mean,sd,mc_error,hpd_2.5,hpd_97.5,n_eff,Rhat
7.615897364197374,0.28303869948785604,0.003393832739204542,7.070279715943218,8.167085432074566,5436.784871388789,0.9998973708963278
-260438.44717239522,12679.06538434988,165.37791237435405,-285253.7652726345,-235881.48889281368,5789.305138555822,1.0004063251863984
