mean,sd,mc_error,hpd_2.5,hpd_97.5,n_eff,Rhat
51.645619389698396,26.977428863350116,0.3902284291609214,9.592857330777182,99.94139246889004,4587.073860085417,0.9998645366587675
