mean,sd,mc_error,hpd_2.5,hpd_97.5,n_eff,Rhat
10.227110651727378,2.141288150213852,0.02973352027374996,6.444491434752498,14.386047224541779,5510.325064639547,1.00051619660667
