mean,sd,mc_error,hpd_2.5,hpd_97.5,n_eff,Rhat
5.6185365532461535,0.33280394121755213,0.004350356804609063,4.971313385917035,6.277862586492995,5785.600535095236,1.0006321134729539
