mean,sd,mc_error,hpd_2.5,hpd_97.5,n_eff,Rhat
31.72517434548411,0.5032259618938388,0.010325646399368378,30.81312777227003,32.7631763385002,2064.5008331370154,1.0001235142980789
-333664.6972958516,13778.175118419089,324.18749418570314,-360600.5145491168,-307606.9549575791,1734.0263475091724,1.0010544170757738
