mean,sd,mc_error,hpd_2.5,hpd_97.5,n_eff,Rhat
6.67010289917693,0.21865844495990794,0.002710145761458269,6.263145757078752,7.1139170475718725,5936.625587009404,0.9998402558680517
-54171.24631011735,7333.465864922783,94.01761869285734,-68528.56153863312,-40119.02612199348,5637.026059991,1.0003269808061688
