mean,sd,mc_error,hpd_2.5,hpd_97.5,n_eff,Rhat
7.241905188794522,0.40785798617990054,0.005514912802781651,6.458764772794264,8.045920025063129,6084.8669086001355,1.0006590021739532
-79272.14870279451,14169.117641478504,183.52911764830912,-106992.9028640702,-51508.66971604845,6418.414606922555,0.9999997901723345
