mean,sd,mc_error,hpd_2.5,hpd_97.5,n_eff,Rhat
6.5130260917083636,0.3740934765346503,0.005239915075088687,5.799499048492156,7.257107908833129,4464.344587226811,1.000060777660686
