mean,sd,mc_error,hpd_2.5,hpd_97.5,n_eff,Rhat
4.390341901883564,0.43257347798604784,0.006070814429826102,3.5290306609494695,5.2273734068308215,4834.590249331472,1.000055239711666
-189401.10164030964,10588.770580016686,144.61890237758462,-208942.9863084059,-167269.3095677541,5285.158426590696,0.9998356658594222
