mean,sd,mc_error,hpd_2.5,hpd_97.5,n_eff,Rhat
7.187521853121531,0.25037766298129877,0.0033798333460029876,6.681847392025971,7.660077186086512,5251.983461688731,0.9999676408554979
