mean,sd,mc_error,hpd_2.5,hpd_97.5,n_eff,Rhat
3.404020544589066,0.8343278406730104,0.007413744355681687,1.8841416560281485,5.082491402370799,13322.318875582205,1.0001485875764955
