mean,sd,mc_error,hpd_2.5,hpd_97.5,n_eff,Rhat
7.523602331006172,0.27378818967935287,0.0035854680284840646,7.014936962100694,8.082175372772733,5589.358535160312,1.000090273836113
-277737.833549351,10741.52060896985,144.18532536143815,-298029.2766460382,-256382.5168434805,5162.77423052554,1.0010386972028926
