mean,sd,mc_error,hpd_2.5,hpd_97.5,n_eff,Rhat
5.110028311497369,0.4135674678465989,0.005269270182057606,4.356888031361285,5.960292990186155,5645.162672102298,1.0002721574566755
