mean,sd,mc_error,hpd_2.5,hpd_97.5,n_eff,Rhat
6.272320916178981,0.6400566818437385,0.007924911057738845,5.022994533651067,7.510115818890198,6283.975556917145,1.0000954875092216
-140549.39899170081,27948.220493635697,378.5852520210434,-192015.694150832,-83260.61184439642,6242.725189061822,1.0000137620019325
