mean,sd,mc_error,hpd_2.5,hpd_97.5,n_eff,Rhat
4.122472951427773,0.3019857036450626,0.005916962257338732,3.5106497449350744,4.700497616291678,2291.917580515559,1.0010783141069628
-138550.0487328502,7590.709394173045,143.62654728893082,-153037.52698393076,-123199.3791247069,2241.7889478677675,1.0015751313357906
