mean,sd,mc_error,hpd_2.5,hpd_97.5,n_eff,Rhat
4.95977114082993,0.5068989943376591,0.006897641906694882,4.0066568304106065,5.964184520903621,5242.654874727856,0.9997797239060708
-164784.40397948778,17068.59262194415,234.49235500396563,-196320.89502296475,-131086.957369214,5487.112944235205,0.999984047052322
