mean,sd,mc_error,hpd_2.5,hpd_97.5,n_eff,Rhat
4.302257219744175,0.08970291259311108,0.001150897974737354,4.128080085513025,4.476743108049363,5149.217021436872,0.9998540323426531
