mean,sd,mc_error,hpd_2.5,hpd_97.5,n_eff,Rhat
7.337086545118339,0.24967903225951948,0.0033253467936132444,6.861037059956728,7.829203077832124,4943.276084055249,1.000242429724649
24425.101513359903,8909.513212314281,142.77542578800927,6386.407507930847,41503.5269563232,4485.442015469134,1.0008820168322166
