mean,sd,mc_error,hpd_2.5,hpd_97.5,n_eff,Rhat
5.775761565404041,0.6130349220615677,0.009377028958337329,4.703818553245055,7.033250146724,4371.11608174821,1.0002805115508044
