mean,sd,mc_error,hpd_2.5,hpd_97.5,n_eff,Rhat
8.690795115332087,1.1935306119812776,0.018702385208501437,6.443562399088511,11.091299193637552,5242.148644225648,1.00019349274144
-216452.62997023022,62501.15514761711,927.6955897811926,-339080.98292782425,-97898.75984460567,4269.084266445618,1.0002291591122798
