mean,sd,mc_error,hpd_2.5,hpd_97.5,n_eff,Rhat
7.740457534097245,0.477547734950467,0.004855716774831485,6.82965475548739,8.684115702556213,7114.713236232043,1.000023459992813
-362285.3317890122,16176.44118013441,189.2752941783204,-394381.09926420334,-331917.7676007542,7290.209700568038,1.0000314694325372
