mean,sd,mc_error,hpd_2.5,hpd_97.5,n_eff,Rhat
7.671096620786919,0.22272141405066298,0.003522605749383862,7.241671993902325,8.11561080553159,4468.976171714948,1.001150955700244
