mean,sd,mc_error,hpd_2.5,hpd_97.5,n_eff,Rhat
7.889682696821899,0.3389717707509907,0.004347305552308918,7.244366460417694,8.572314628579479,5530.5475414169705,1.0004642359109852
