mean,sd,mc_error,hpd_2.5,hpd_97.5,n_eff,Rhat
45.69937704489778,2.4311276472526204,0.038864313697390775,41.07632487816508,50.568865076752694,5017.264544905231,1.0004736047347638
