mean,sd,mc_error,hpd_2.5,hpd_97.5,n_eff,Rhat
8.252015622635671,0.2838916886442311,0.004090817550143876,7.685586167991294,8.807066922903028,5272.83192078419,0.9999328195461002
