mean,sd,mc_error,hpd_2.5,hpd_97.5,n_eff,Rhat
33.26206932099357,14.320436404792206,0.3136561999836729,11.35349759218411,63.36716285768174,2849.965775742549,1.0005605370580617
