mean,sd,mc_error,hpd_2.5,hpd_97.5,n_eff,Rhat
8.671051880634982,0.2867103806487413,0.003777220315460414,8.130134617710306,9.257328121710344,5643.969558954998,1.0001254013714125
