mean,sd,mc_error,hpd_2.5,hpd_97.5,n_eff,Rhat
5.641586146836665,0.3459853315880419,0.004210420880271702,4.962380195857327,6.33072769192574,7566.177680904706,0.9999046226358024
-197738.3393467856,11438.304749739997,135.43938984158277,-220746.5547600137,-175966.08383567235,7874.931491846355,1.0000315052127196
