mean,sd,mc_error,hpd_2.5,hpd_97.5,n_eff,Rhat
6.131126681629321,0.14104848258022062,0.0016676779905732825,5.866128870419447,6.418848767891503,5626.234872922419,1.0004505768413845
