mean,sd,mc_error,hpd_2.5,hpd_97.5,n_eff,Rhat
23.52832893166328,2.2162556199360504,0.030190704643310327,19.244529468695347,27.813004102260795,5321.603063191133,1.0000103618122793
