mean,sd,mc_error,hpd_2.5,hpd_97.5,n_eff,Rhat
5.749515198221173,0.3103308967075105,0.004205426987106688,5.163772196332843,6.366309872664718,5332.457373650971,0.9999170769763118
