mean,sd,mc_error,hpd_2.5,hpd_97.5,n_eff,Rhat
8.748987541084519,0.2778886755711422,0.0038371765382972543,8.224332861691583,9.313816715870221,5276.3772313537975,0.9999173511843322
