mean,sd,mc_error,hpd_2.5,hpd_97.5,n_eff,Rhat
13.377000730590895,0.4183543806152028,0.0050662666186580396,12.581882596117737,14.206643674914602,6363.571882978978,1.000240579451659
