mean,sd,mc_error,hpd_2.5,hpd_97.5,n_eff,Rhat
7.214820378445098,0.34895202518213037,0.004158332466296543,6.519842380193615,7.897139856316696,6258.149129110077,0.9998827722755858
-77424.44718716151,21972.62708485456,301.31437078770557,-119800.30168709987,-34110.90760898494,6197.8149907020015,0.9999592359011837
