mean,sd,mc_error,hpd_2.5,hpd_97.5,n_eff,Rhat
6.584671402806945,0.6768917391016386,0.009003164849145375,5.259450830631436,7.920461061065631,6135.166681054774,0.9997932042187134
-235979.91301273703,29400.410550383916,401.1234135875043,-290588.2910866069,-176585.390405314,6581.660649207171,1.000165215940982
