mean,sd,mc_error,hpd_2.5,hpd_97.5,n_eff,Rhat
8.707673199369033,1.4348772947058699,0.020535397071728117,6.063837230926573,11.468634326950127,5043.98744255688,1.0001340547244066
