mean,sd,mc_error,hpd_2.5,hpd_97.5,n_eff,Rhat
4.196485989873347,0.5107063446339718,0.008742837954520945,3.2128381739863894,5.215188065863811,3104.9953179924332,0.9998303979257357
-155395.93681045485,11044.450775119994,188.5507138642721,-178316.45400851624,-134935.96002946212,3020.3796144619428,0.9997826720356547
