mean,sd,mc_error,hpd_2.5,hpd_97.5,n_eff,Rhat
4.129688365398948,0.38091751328627166,0.0043418864412411474,3.380819956768015,4.873110875325646,6321.036772609767,0.9997636646537005
-209586.0184463883,8701.102492834709,116.13387404958,-226767.49008411085,-192938.82891435776,5559.279223424103,1.0001992219346876
