mean,sd,mc_error,hpd_2.5,hpd_97.5,n_eff,Rhat
4.407300590893192,0.3377168462698099,0.004873946727168751,3.74507413289136,5.071302609888923,5023.369823865095,1.00019815985027
-175771.6729770386,7897.473513035006,112.1839418428026,-190246.2852184133,-159643.47130196643,5374.9342050527775,1.0000004059177092
