mean,sd,mc_error,hpd_2.5,hpd_97.5,n_eff,Rhat
4.251252836107067,0.7850151769262591,0.016895069098667455,2.6968586939905324,5.780706468524871,1852.9486033877195,1.0009476795131569
-230123.92485790883,29000.940058763532,612.1015558683774,-286285.7721063353,-171494.29012523565,1819.410328855493,1.0007392830794488
