mean,sd,mc_error,hpd_2.5,hpd_97.5,n_eff,Rhat
10.566051070056737,0.9566144762101646,0.011826949633947245,8.752013011197866,12.460609503899228,4930.426789607983,1.0002107894432408
