mean,sd,mc_error,hpd_2.5,hpd_97.5,n_eff,Rhat
3.9484437317927696,0.24810257411112868,0.005540159169303518,3.459023281625341,4.431996875867883,1626.1376809215337,1.0027935907695054
-89999.03249478087,8646.907281822367,187.00459768618367,-105438.76938238833,-71772.29400645407,1692.311855656866,1.002044785375804
