mean,sd,mc_error,hpd_2.5,hpd_97.5,n_eff,Rhat
12.32406806156081,1.826389217223902,0.024054477776422035,8.99833395283478,15.968371093384937,5944.220243467311,1.0001828656764775
