mean,sd,mc_error,hpd_2.5,hpd_97.5,n_eff,Rhat
3.5815347822723553,1.2453044416299681,0.03385562616019353,1.0859715357789472,5.666916406358078,1273.9214677567602,1.002490063436501
-253820.81120369578,45125.43558238714,1309.2295567482997,-348075.90774685645,-172575.66896242925,1166.4882992051178,1.0020421674495839
