mean,sd,mc_error,hpd_2.5,hpd_97.5,n_eff,Rhat
13.241261461474465,0.7864051743871194,0.010937212691660937,11.694117434134142,14.754087430974216,4988.650887703473,1.00025347248694
