mean,sd,mc_error,hpd_2.5,hpd_97.5,n_eff,Rhat
8.297596261399518,0.5028444297718091,0.006421336493639358,7.327527671715329,9.27682270224371,5944.663167374531,0.9998837052409311
-287114.8747560196,22568.879331175416,272.9881894464055,-330589.16786629544,-241661.13143716266,6331.654693214874,0.9998998907697242
