mean,sd,mc_error,hpd_2.5,hpd_97.5,n_eff,Rhat
8.02804078821639,0.5728348582691417,0.006995864395792102,6.930691070897683,9.164897896459015,6067.248908402486,1.0000082080039059
