mean,sd,mc_error,hpd_2.5,hpd_97.5,n_eff,Rhat
9.265014917100345,1.7035103048395477,0.02448597975676366,5.932077205254629,12.5479744935118,4988.258999299585,1.0001215996715227
-358033.5369585645,59433.76087047138,771.9821268592729,-467947.4883847559,-237723.63904551414,4698.25190334658,0.9999548905840576
