mean,sd,mc_error,hpd_2.5,hpd_97.5,n_eff,Rhat
8.474252480861608,0.28860081723325937,0.003984070328420131,7.925831153590759,9.05626867121144,5807.646374115393,0.9998405982013914
