mean,sd,mc_error,hpd_2.5,hpd_97.5,n_eff,Rhat
5.967897216543508,0.26733097446995474,0.003502890585873836,5.448400270499361,6.499241728602294,6397.447568657328,1.0001823236977947
-205339.70231547722,10385.108499129452,127.3485366133694,-224612.13247961664,-183570.53355384184,6287.573777631578,0.9999631282206217
