mean,sd,mc_error,hpd_2.5,hpd_97.5,n_eff,Rhat
8.58549318027288,0.24922955044711068,0.003176201168956152,8.086609176343881,9.065678811425283,5574.018005467098,1.000686423297721
