mean,sd,mc_error,hpd_2.5,hpd_97.5,n_eff,Rhat
11.43155409362903,0.30568374078139204,0.004220004527896731,10.844352103783146,12.033408635535391,5263.976862133853,1.0000355811170507
