mean,sd,mc_error,hpd_2.5,hpd_97.5,n_eff,Rhat
8.265729193407395,0.9737709275396494,0.01676142173558048,6.341175659566533,10.139818618407267,3112.3467222322606,1.000746299158239
-483080.48953182437,13442.437536229656,193.20471964013808,-499957.5253348374,-457006.12505183317,4821.204679316982,1.0006337722336247
