mean,sd,mc_error,hpd_2.5,hpd_97.5,n_eff,Rhat
4.766632785014901,0.19180130508726573,0.0024523585754188462,4.394448704784926,5.13360985108063,5070.819613803456,1.0003803967954692
