mean,sd,mc_error,hpd_2.5,hpd_97.5,n_eff,Rhat
6.975515010811546,0.3901823962080656,0.004998550415756671,6.232177418934169,7.753029801903296,5075.324758748665,0.9998552553260635
