mean,sd,mc_error,hpd_2.5,hpd_97.5,n_eff,Rhat
12.604215477955556,2.8289479552777674,0.05817950668287558,7.510419443805034,18.07496820749353,2239.7127582712096,1.0013210954793457
232771.12164137297,189977.61095079183,3703.3504793444276,-130908.0415196709,499963.94579353667,2925.6726702962533,1.0011977860932475
