mean,sd,mc_error,hpd_2.5,hpd_97.5,n_eff,Rhat
12.728592441242904,0.3802046858591612,0.004269335906121406,11.994478859195432,13.469394716288653,6797.499821758648,1.0000033329990192
