mean,sd,mc_error,hpd_2.5,hpd_97.5,n_eff,Rhat
7.899159761682712,0.7119889287698534,0.007954970867348147,6.520513918039365,9.335425063776011,7312.819987055932,0.9999175779935949
-210147.8664743716,30037.409487662073,335.94831266357045,-268535.70669878,-151885.5707618953,7036.745407802531,1.00018925848024
