mean,sd,mc_error,hpd_2.5,hpd_97.5,n_eff,Rhat
9.45428354885045,0.3196199363448719,0.004271064579524382,8.830296506402938,10.069014650674635,6948.480359767317,1.0001107367883213
-19950.808927772887,30127.962233373975,323.5781821431109,-76727.1319732909,40350.38810526514,6519.729878739743,0.9997649675056078
