mean,sd,mc_error,hpd_2.5,hpd_97.5,n_eff,Rhat
7.02259597477273,0.9224691949621479,0.01251712359074025,5.214476807806018,8.78040325763329,5641.404583790217,1.0003290282197677
-256181.71663152316,43425.80954837599,577.9910702195948,-339408.007075789,-169906.47370477012,5297.4634689132445,1.000314591306836
