mean,sd,mc_error,hpd_2.5,hpd_97.5,n_eff,Rhat
5.781653236181212,1.1162768558265468,0.02004317437657761,3.57845333856198,7.940770183427161,2576.3936747570783,1.0002422698711084
-220508.0912785087,37286.6455163232,653.7533134006626,-287863.0262850244,-143696.11632327395,2838.667602359193,1.0005637709032422
