mean,sd,mc_error,hpd_2.5,hpd_97.5,n_eff,Rhat
1.0350058110686728,0.03237742516834455,0.0007520585183537138,1.0000166862479116,1.1001308345900787,2086.3613942839834,0.9997831583998897
21476.89940944878,57457.16316925537,1238.4153426115738,-91404.4583987792,129147.80064177356,2112.6866482242117,0.9998734286894345
