mean,sd,mc_error,hpd_2.5,hpd_97.5,n_eff,Rhat
8.127188940127981,0.38730394110702865,0.00471125096848529,7.403048033535972,8.8969546443672,5445.470408950877,0.9999081984493787
