mean,sd,mc_error,hpd_2.5,hpd_97.5,n_eff,Rhat
7.866010079483174,0.6320225180772371,0.008048183903421597,6.660896520480308,9.129400286680665,5967.8376654027015,1.0005122951267988
