mean,sd,mc_error,hpd_2.5,hpd_97.5,n_eff,Rhat
3.998657192823521,0.1298424059358501,0.001481297077167432,3.7435163297161367,4.248973335497516,5877.442689089706,1.000210589706003
