mean,sd,mc_error,hpd_2.5,hpd_97.5,n_eff,Rhat
6.638957404502312,0.3049842172331988,0.0042146646518389065,6.069209943368784,7.259152709673455,5732.777012536064,0.9999775095117228
-275129.36465186655,12409.178078752942,152.97116333585495,-296601.6718323986,-248357.61373917197,6027.64013956891,1.0000513833119178
