mean,sd,mc_error,hpd_2.5,hpd_97.5,n_eff,Rhat
9.329536404294272,0.8618763517367657,0.011181864428142521,7.708932770198526,11.022184135125007,5215.119710293313,1.0000701662675087
