mean,sd,mc_error,hpd_2.5,hpd_97.5,n_eff,Rhat
7.331691075002517,0.35270747026675225,0.004593200660489679,6.647213955193921,8.038279939071066,5985.363557975164,1.000711737779663
