mean,sd,mc_error,hpd_2.5,hpd_97.5,n_eff,Rhat
11.000340350640869,0.3416769077443639,0.006556694613394182,10.297839382406773,11.628094852331916,2460.5266517752957,1.0001601897140449
-203765.68355168254,17703.702419597837,318.7341873334497,-239264.83826380663,-170395.3865940893,2847.996417161816,1.0001344883290306
