mean,sd,mc_error,hpd_2.5,hpd_97.5,n_eff,Rhat
5.311558649689266,0.30974560510573085,0.0038295978338638258,4.730709205862986,5.9410702521598635,5373.343606841275,0.9999059917471889
