mean,sd,mc_error,hpd_2.5,hpd_97.5,n_eff,Rhat
14.542395372119762,1.6369641356898086,0.02196247873484982,11.457396340911238,17.78085412146727,4931.118187822792,0.9999247791991652
