mean,sd,mc_error,hpd_2.5,hpd_97.5,n_eff,Rhat
5.294334080283645,0.5187360915675711,0.008463860876251506,4.263657452125162,6.3019687331225285,3111.9691751810055,0.9998612641125567
-202603.7520434311,23205.792761924276,378.78119216882897,-248760.7248456809,-157825.01245796078,3500.1721843644973,1.000198700502237
