mean,sd,mc_error,hpd_2.5,hpd_97.5,n_eff,Rhat
10.172912943298678,0.5172220748926685,0.00786883981369497,9.157173045371085,11.168964971069341,4486.883099299014,1.0003274038490886
