mean,sd,mc_error,hpd_2.5,hpd_97.5,n_eff,Rhat
12.44343290818743,0.3540988916132212,0.004996416699572114,11.759949608501902,13.143208236092432,5134.073261456129,1.0006756495218208
