mean,sd,mc_error,hpd_2.5,hpd_97.5,n_eff,Rhat
4.783365047995493,0.3357896575074051,0.004097416852346273,4.150256131019435,5.457517416569842,5409.578330865571,1.0006255719272334
-190601.19300809654,8779.329590399251,110.80067913978334,-208354.40089984497,-174380.87597765555,5602.7165960451575,1.0002194174810533
