mean,sd,mc_error,hpd_2.5,hpd_97.5,n_eff,Rhat
46.58584813146949,24.573404365296707,0.4623630093564472,9.744824518417035,92.87876938340736,2979.06354208632,1.0021425466615528
