mean,sd,mc_error,hpd_2.5,hpd_97.5,n_eff,Rhat
5.477427020207125,0.4724540017204766,0.0073017166470058705,4.578660658226218,6.405413184127046,4258.801878361046,1.0003824347604102
-498786.7494911842,1201.7631532791495,15.21547757444335,-499999.4885435607,-496336.9939084832,5520.235179332291,0.9998713466129872
