mean,sd,mc_error,hpd_2.5,hpd_97.5,n_eff,Rhat
7.780759320716266,0.25125554052717547,0.003649810449362678,7.295880122045998,8.269041097260418,5413.254292882742,1.0002870587686339
