mean,sd,mc_error,hpd_2.5,hpd_97.5,n_eff,Rhat
6.751836160339748,1.727120164896579,0.03163821220441938,3.367191501501598,10.124805629355064,3094.394508166909,1.0000342761626542
-354150.397429471,78969.93764018895,1346.2551957000474,-499975.8096929906,-221101.48770278067,3348.4502847102253,1.0001376826119923
