mean,sd,mc_error,hpd_2.5,hpd_97.5,n_eff,Rhat
7.081779162906559,1.1184318193629967,0.020084881012966804,4.85944742333979,9.214184853516546,2850.2686875093686,1.0003408085978622
11323.993309895484,38878.13624124245,669.7101325697528,-64033.131699892496,85774.73151694426,3204.338837768103,0.9997896674868311
