mean,sd,mc_error,hpd_2.5,hpd_97.5,n_eff,Rhat
8.425554588667062,0.573472822414987,0.007767261570198356,7.3264043794196985,9.57361983325403,4809.239201378809,1.0006390484314414
