mean,sd,mc_error,hpd_2.5,hpd_97.5,n_eff,Rhat
8.873031030577735,1.6651193246566696,0.02473627187498004,5.904732456949286,12.171987720605122,5293.719208888924,1.000035406030977
