mean,sd,mc_error,hpd_2.5,hpd_97.5,n_eff,Rhat
16.060629665618837,2.8896479821426513,0.04257451237836972,10.750686689306551,21.65543860272871,4405.493338971009,1.0002220513928854
