mean,sd,mc_error,hpd_2.5,hpd_97.5,n_eff,Rhat
5.645173789755087,1.9189626209828259,0.026274963942127794,1.8075135202271706,9.231838745209894,4517.853671979043,0.9999301299394511
