mean,sd,mc_error,hpd_2.5,hpd_97.5,n_eff,Rhat
8.475739815064129,0.5601423084852992,0.007699468545408194,7.393057770919074,9.579238853215582,5419.447843490959,1.0001334951290106
