mean,sd,mc_error,hpd_2.5,hpd_97.5,n_eff,Rhat
6.835795130883626,0.2510005753795641,0.003454814302734495,6.340000890367986,7.3193673943286965,5177.5338265508635,0.9999780619089651
