mean,sd,mc_error,hpd_2.5,hpd_97.5,n_eff,Rhat
6.995162059405218,0.4522991220238503,0.005909831877246093,6.1684341498759965,7.915814043428371,5056.8640962738045,0.9999259198503209
