mean,sd,mc_error,hpd_2.5,hpd_97.5,n_eff,Rhat
9.374447345938545,0.816737240401813,0.009968833851788785,7.750726043335195,10.95207141291931,6138.014178010621,0.9999344873848952
