mean,sd,mc_error,hpd_2.5,hpd_97.5,n_eff,Rhat
8.241092908131794,0.8178485422652514,0.010074156081081288,6.683523189889693,9.887381303978527,6751.188516976692,1.0000986840185642
-214017.0605849275,41068.77289361644,594.8091387166457,-294840.5333857536,-134683.76363361196,5908.784758866089,0.9999137502240257
