mean,sd,mc_error,hpd_2.5,hpd_97.5,n_eff,Rhat
7.510356575711213,0.607783964839868,0.0092633841220982,6.376404626905791,8.750707451163033,4318.247981920473,1.000243346089923
-85250.87709668234,29409.56828502722,446.0354819001861,-141211.65589050305,-28092.133292362985,4091.14362641133,1.0010922803308289
