mean,sd,mc_error,hpd_2.5,hpd_97.5,n_eff,Rhat
10.048403365226104,0.4335200409393612,0.006614326913212491,9.17448054563772,10.886159247240403,4865.8367055648005,1.0001493358662947
