mean,sd,mc_error,hpd_2.5,hpd_97.5,n_eff,Rhat
16.638374425124052,2.2081634261071947,0.04098235711959964,12.558770324440856,20.98082858653801,2656.1636729948045,1.0002826136032612
-306583.0102214987,98484.83866313595,1802.877133716378,-499872.37500592484,-139236.55124058443,2795.1268715748224,1.0010632861068645
