mean,sd,mc_error,hpd_2.5,hpd_97.5,n_eff,Rhat
9.263928103373813,0.41619394092069983,0.005826477390822178,8.430289722190125,10.06026001150536,5495.176780813453,0.9998487374922342
