mean,sd,mc_error,hpd_2.5,hpd_97.5,n_eff,Rhat
8.967443149345026,0.21523690012426847,0.002802129423893381,8.535956861580255,9.375779271706852,5640.699868319011,0.9999323779446333
