mean,sd,mc_error,hpd_2.5,hpd_97.5,n_eff,Rhat
11.016093982239124,1.3762674429433652,0.01871417510373397,8.455570999732753,13.68130861584087,5068.11210536517,1.0001213188698914
