mean,sd,mc_error,hpd_2.5,hpd_97.5,n_eff,Rhat
4.285580259984713,0.5034886424461092,0.007974408834733895,3.2562936786699335,5.24740440747836,3875.4842698313946,1.000859652409196
-17955.582197187534,33510.62828673848,552.6426770438918,-83102.02384074878,47622.845307284886,3921.9990390205144,1.0000914463197186
