mean,sd,mc_error,hpd_2.5,hpd_97.5,n_eff,Rhat
4.331666057954457,0.31522015011822035,0.0058177390846423215,3.715583972950981,4.9400099555788834,2404.4033464584327,1.0003016658148938
-93270.24278903341,10300.260736742806,206.46116832697103,-112808.11032542375,-72536.84435969488,2359.8758842249777,1.0009109453850675
