mean,sd,mc_error,hpd_2.5,hpd_97.5,n_eff,Rhat
6.6774000864415175,0.392609160162175,0.005059143898516284,5.935511617620749,7.459492087056537,6087.601422908205,0.9999188543442652
-167905.17891629005,23880.00529201329,316.7350374234433,-214170.70278994166,-121296.19560180094,5650.399397512165,1.000446760009014
