mean,sd,mc_error,hpd_2.5,hpd_97.5,n_eff,Rhat
8.849844094015603,0.258408354264428,0.0031521257788042394,8.325433272783929,9.342881373584719,5944.005847188263,0.9999889065238694
-256032.10735312526,12222.781259294577,169.55423362519463,-279856.1955192064,-231725.0905484058,5496.734163297866,0.9997757310741427
