mean,sd,mc_error,hpd_2.5,hpd_97.5,n_eff,Rhat
4.468838883797894,1.4702248499490693,0.029260610048417908,1.545718342852899,7.222236647474455,2019.0127574776054,1.0002878763424425
-173290.12095268344,72493.94843879645,1601.6704039252043,-316803.0882827922,-34790.02508800405,1828.032991837924,1.0012610035912204
