mean,sd,mc_error,hpd_2.5,hpd_97.5,n_eff,Rhat
5.78477824374517,0.301542985298159,0.003922044596460444,5.184549651848069,6.367776879230329,6091.421845288127,0.9999393021012213
