mean,sd,mc_error,hpd_2.5,hpd_97.5,n_eff,Rhat
3.5129063999872194,0.29789518417957084,0.003966700750155179,2.9843323924940814,4.114746586570759,5884.537266323327,1.0001739653532091
