mean,sd,mc_error,hpd_2.5,hpd_97.5,n_eff,Rhat
6.50956234604751,0.2197059410242859,0.0029173113575728725,6.090050553690326,6.946768182474351,6306.453168348475,0.9999162715971509
