mean,sd,mc_error,hpd_2.5,hpd_97.5,n_eff,Rhat
6.512186775877409,0.5074546551689942,0.006065555410144446,5.545841659239477,7.543055986196643,5666.418308182398,0.999866806986972
