mean,sd,mc_error,hpd_2.5,hpd_97.5,n_eff,Rhat
8.572668535779105,0.42240246876082244,0.005847894909503048,7.774824241166025,9.41592606928821,5386.361524746474,0.9999521290573895
