mean,sd,mc_error,hpd_2.5,hpd_97.5,n_eff,Rhat
8.07851746321484,0.5526182899402351,0.007169829069905802,7.0131226481152344,9.1671066034864,5342.2006047381155,0.9999805443014841
