mean,sd,mc_error,hpd_2.5,hpd_97.5,n_eff,Rhat
9.297977487574832,0.42633590949412054,0.005580571174503923,8.471379973891453,10.10942530034811,5741.332880450976,1.0001392750149096
