mean,sd,mc_error,hpd_2.5,hpd_97.5,n_eff,Rhat
99.73895789110969,0.25666865554043183,0.0035335511832818517,99.22318686393758,99.99994174964866,4595.698071895234,1.001400677153742
