mean,sd,mc_error,hpd_2.5,hpd_97.5,n_eff,Rhat
44.72841237861665,3.529499982001644,0.04562159996281209,38.22607045243116,51.9712992952431,5515.12729635053,0.9999297733504038
