mean,sd,mc_error,hpd_2.5,hpd_97.5,n_eff,Rhat
7.181162577353979,0.25598662505228365,0.00367970987879591,6.687115721303877,7.676393419668376,5118.643091919756,1.0004090985522756
