mean,sd,mc_error,hpd_2.5,hpd_97.5,n_eff,Rhat
8.702182595844667,0.3088260672519753,0.004274457422409993,8.078131291771886,9.28673195081426,4898.18953746437,1.000197395390022
