mean,sd,mc_error,hpd_2.5,hpd_97.5,n_eff,Rhat
6.325328660713857,0.6497008653620867,0.009588905584662258,5.124880387406822,7.667830141880832,3750.815181890061,0.9999098900926655
-493808.1638500051,5580.124059564259,77.14055463387469,-499999.6055670761,-482330.50664629426,4905.044778117726,1.000356245994832
