mean,sd,mc_error,hpd_2.5,hpd_97.5,n_eff,Rhat
7.23659043415882,0.2444500600683749,0.003378180347996103,6.785852431342369,7.728861927500732,5344.183891416927,0.9999508656683503
