mean,sd,mc_error,hpd_2.5,hpd_97.5,n_eff,Rhat
6.463078810341534,0.7602387628145838,0.012240980804436048,5.093213121065688,7.964957228495867,4661.083900383957,1.000567037238765
