mean,sd,mc_error,hpd_2.5,hpd_97.5,n_eff,Rhat
4.530013987053972,0.3398120857571182,0.006832093983797592,3.89407295580724,5.234637258400061,2465.513243595551,1.0003541166720185
-100004.58470703417,10341.985808199148,197.29459764337193,-120053.08595478092,-80049.03000480379,2534.181812216241,1.000097239880419
