mean,sd,mc_error,hpd_2.5,hpd_97.5,n_eff,Rhat
6.9778604525504955,0.48722487223148997,0.006290516580701967,6.016682100295621,7.925546717059177,5970.530861757025,1.0000108027863008
-310037.89782694087,24724.501464060744,340.7981208042474,-359947.87965697167,-263585.80843613,4760.93632925548,0.9997868410422147
