mean,sd,mc_error,hpd_2.5,hpd_97.5,n_eff,Rhat
10.309856784655915,0.38871169063010796,0.004719948465256153,9.553180714312537,11.069579585962112,5640.275046976646,0.9998434893831274
