mean,sd,mc_error,hpd_2.5,hpd_97.5,n_eff,Rhat
7.237365017091298,0.47202813536554017,0.006566483549809261,6.370237301930737,8.192199944251428,5755.866849847131,1.0002634544989086
