mean,sd,mc_error,hpd_2.5,hpd_97.5,n_eff,Rhat
9.416978912836385,0.3110200458860853,0.00446791029349295,8.801698596553381,10.0316192867244,5269.875891931705,1.00054760017647
