mean,sd,mc_error,hpd_2.5,hpd_97.5,n_eff,Rhat
6.603463861882875,0.6019042113388043,0.007212901735562635,5.450520502209803,7.785656804987798,5455.789934453738,1.000476136479333
