mean,sd,mc_error,hpd_2.5,hpd_97.5,n_eff,Rhat
5.182933551668166,0.5087149624087638,0.0077005094465819575,4.1578875837845635,6.132851281585276,3524.358702969491,1.0000854685072307
-122135.18315199099,13804.16465949808,261.27134133742885,-148241.02578645304,-94891.06192700703,3234.399864359552,1.0001162768730822
