mean,sd,mc_error,hpd_2.5,hpd_97.5,n_eff,Rhat
14.245510212002632,0.48758179932132345,0.006551085162290443,13.332187841403917,15.216879046695178,5256.552590442247,1.0001904571648665
