mean,sd,mc_error,hpd_2.5,hpd_97.5,n_eff,Rhat
6.278992278427341,0.2957520273265789,0.003552374222791104,5.707654644231072,6.858091377762953,5253.113692751029,1.0002200398389738
