mean,sd,mc_error,hpd_2.5,hpd_97.5,n_eff,Rhat
28.821901982024908,1.967627579782156,0.03810736021480208,25.20406413817145,32.817232856421136,2487.8702364462956,1.0007569135265895
493093.59019581793,6486.906031484966,109.33187925725676,480319.08464809856,499999.94908304344,2978.646834392341,1.0000623126193169
