mean,sd,mc_error,hpd_2.5,hpd_97.5,n_eff,Rhat
5.64006465601624,0.95062451240656,0.02431852484935718,3.758546732188713,7.484833627554046,1265.0689524451195,0.9999282891536528
87199.20227819424,49902.54530203625,1292.9577953973494,-9193.67059187476,185568.85335416294,1252.2319248923875,0.9999897508213058
