mean,sd,mc_error,hpd_2.5,hpd_97.5,n_eff,Rhat
8.07761214234949,0.7578740153505091,0.00937674160368265,6.603940589651082,9.568052857558982,4989.500281188579,0.9999131635200685
