mean,sd,mc_error,hpd_2.5,hpd_97.5,n_eff,Rhat
8.654270247567727,1.357825849626578,0.016849603087022682,6.154796534618611,11.287838867997634,6292.350151824493,1.0002266790863616
