mean,sd,mc_error,hpd_2.5,hpd_97.5,n_eff,Rhat
6.509181512839963,0.24420447193933953,0.0029170259380801064,6.028174483838816,6.972729341950264,6016.383276504444,1.0004933280510546
