mean,sd,mc_error,hpd_2.5,hpd_97.5,n_eff,Rhat
1.0369092688713497,0.03423117255822063,0.0006832449611344296,1.0000007749588211,1.1048246280188139,2584.071365751951,1.0000046591887568
