mean,sd,mc_error,hpd_2.5,hpd_97.5,n_eff,Rhat
20.70024885579414,1.0139628185939848,0.013380247619158736,18.71312095082598,22.68989913642927,5261.112632498098,1.000068512757986
