mean,sd,mc_error,hpd_2.5,hpd_97.5,n_eff,Rhat
14.67852272351762,2.7704843151503944,0.04608323298054654,9.913509783738299,20.446001879028145,4608.100138019001,1.0001886512471148
