mean,sd,mc_error,hpd_2.5,hpd_97.5,n_eff,Rhat
6.853710220607331,1.0157153574115243,0.01216787920374002,4.986261957936463,8.885587976063333,5922.412185739282,0.9998685261941175
