mean,sd,mc_error,hpd_2.5,hpd_97.5,n_eff,Rhat
8.861144023893685,2.143713004612301,0.03676409833745567,4.927134329380891,13.23440487518988,2912.486442050223,1.0012174842916666
-310650.3554331427,94209.91565978136,1672.8729308675454,-493944.8598393868,-150703.9483978902,3402.2215266982403,1.000900740464267
