mean,sd,mc_error,hpd_2.5,hpd_97.5,n_eff,Rhat
7.005581702950943,0.28229770855442887,0.0031382180959066927,6.454182649757322,7.548367125423233,7254.040829404023,0.9999200285803914
-147998.98858484975,10198.90215373775,124.67970912623939,-168752.4853407486,-128998.27529563673,6956.509970249778,1.0006553582491355
