mean,sd,mc_error,hpd_2.5,hpd_97.5,n_eff,Rhat
6.793016308805971,0.5068971229109815,0.00726316216209442,5.8114263695952095,7.810826965970124,5394.102997240915,0.9999594771191527
