mean,sd,mc_error,hpd_2.5,hpd_97.5,n_eff,Rhat
9.233081570163291,0.42535917946244095,0.006447720323625404,8.434141129836766,10.082327794651171,4960.737635740468,1.0005897398379682
