mean,sd,mc_error,hpd_2.5,hpd_97.5,n_eff,Rhat
3.807360622780106,1.379318766480463,0.03043993878777934,1.1791659187966408,6.30511910585157,2200.5982204959723,1.0000295066506681
-179317.7836783784,25795.99623391023,630.9205240962184,-223616.62905262376,-125807.03568613116,1772.3862749172158,1.000274804055363
