mean,sd,mc_error,hpd_2.5,hpd_97.5,n_eff,Rhat
3.8039359568285547,0.5985790895178411,0.01776679779278292,2.6748128959527087,4.928316325757289,685.4856545916406,1.0021352176383405
-155082.45322944314,16288.98330505192,436.80876843712474,-186415.286544801,-123319.8265612468,1003.8245993905213,1.0019230391956804
