mean,sd,mc_error,hpd_2.5,hpd_97.5,n_eff,Rhat
9.085968882645075,1.2404097968357255,0.016802432445533023,6.76816152003184,11.494898122699041,5213.936918568478,1.0002797051347772
