mean,sd,mc_error,hpd_2.5,hpd_97.5,n_eff,Rhat
5.391878020267215,0.4393250866638419,0.005033600607666883,4.515849764486033,6.243263560718694,6258.42135826992,0.999805141475152
-209633.6164911262,14205.384757242859,177.17302146926286,-237333.96950777696,-182034.70766985824,6318.68247095684,0.9999040205135344
