mean,sd,mc_error,hpd_2.5,hpd_97.5,n_eff,Rhat
9.481140532076294,0.3692597748570829,0.004564396191755027,8.791812134808175,10.231108769193648,5072.485513858112,1.0007055335473636
-322419.8000197303,15453.81963914876,221.1445044926726,-351804.9808238457,-291222.41228348314,5227.756237918053,0.999917501879404
