mean,sd,mc_error,hpd_2.5,hpd_97.5,n_eff,Rhat
8.529316069018853,0.7329674803213105,0.009399013008810441,7.117208043514474,9.952615196665578,6058.540641748194,1.0002917057612322
