mean,sd,mc_error,hpd_2.5,hpd_97.5,n_eff,Rhat
8.369979547295403,0.22436121673267026,0.0023820633502097633,7.902846327694105,8.793788092481982,7348.284912974888,0.9999390287570011
-86770.88833589287,8394.079553941652,100.90262965733696,-102881.41317446753,-70430.55662064557,6986.3139991623375,1.000069213004657
