mean,sd,mc_error,hpd_2.5,hpd_97.5,n_eff,Rhat
7.751860674791108,0.9809340231726383,0.012370038602594235,5.862592284808755,9.612250366011414,5553.8601081809875,1.0008769857059405
