mean,sd,mc_error,hpd_2.5,hpd_97.5,n_eff,Rhat
4.272119664029189,0.4574195643553332,0.009353673947213006,3.3626370883959398,5.172170986973427,2499.9140392789777,1.0011977619131007
-133818.42711665508,28799.21902739289,581.3626588481704,-189555.59557455953,-76458.44681876479,2385.773204069284,1.001159888036584
