mean,sd,mc_error,hpd_2.5,hpd_97.5,n_eff,Rhat
8.788466239037653,0.35833924306467096,0.00442591486508151,8.102903696009252,9.4948264966357,6608.8280632394635,1.0005746270302935
