mean,sd,mc_error,hpd_2.5,hpd_97.5,n_eff,Rhat
5.342367959687887,0.3751742083675327,0.004920176031695376,4.601957976717032,6.035378155774497,6627.774051959507,0.9998142513406989
-290396.48787527776,10559.926851732089,129.37590513939787,-311826.02146646037,-270511.41951500607,6368.390262913513,0.9999902548650469
