mean,sd,mc_error,hpd_2.5,hpd_97.5,n_eff,Rhat
9.053081531204297,0.3930235153474648,0.005254384630984678,8.298206146180544,9.841111030663395,4947.152666062042,1.0000991971670112
