mean,sd,mc_error,hpd_2.5,hpd_97.5,n_eff,Rhat
11.254456726581505,1.720918030013132,0.040858793891812885,7.997626692787566,14.526472114397246,1844.4660066859249,1.0000262401812274
168635.89481203645,63823.503019769116,1615.7271039314023,47875.545200731896,291178.5522636371,1675.3097234697668,1.0005228880089876
