mean,sd,mc_error,hpd_2.5,hpd_97.5,n_eff,Rhat
16.988900117602054,1.1622552632411292,0.013725775825084063,14.848072977046794,19.370650174994854,5935.7077607539795,1.0001411412141628
