mean,sd,mc_error,hpd_2.5,hpd_97.5,n_eff,Rhat
3.6451394722264796,0.9580832775881544,0.02350177521867009,1.5843458218451492,5.335080566627674,1485.157746864928,0.9999237347078668
-213888.3184893728,43639.18606471796,1087.0403669895766,-298596.7438006305,-125568.82792541396,1430.7060664544283,1.0001637173324538
