mean,sd,mc_error,hpd_2.5,hpd_97.5,n_eff,Rhat
8.775879205525868,0.6787666232738918,0.009738670183982287,7.442735106811575,10.106375506824401,4781.949432763184,1.0011050294130333
