mean,sd,mc_error,hpd_2.5,hpd_97.5,n_eff,Rhat
1.0726922559840413,0.09408846353566781,0.0012784121764392398,1.000008540126267,1.2534363127814994,5639.939594380517,0.9999226262600062
