mean,sd,mc_error,hpd_2.5,hpd_97.5,n_eff,Rhat
5.669695719395599,2.477137066263704,0.06330935533522511,1.1401643944515294,10.086182835288765,1263.680606094388,1.0020491794208293
-315033.33899052464,43907.49405841105,1338.2704839332375,-386902.87966000434,-227192.32899250762,953.4916274157508,1.002209695636387
