mean,sd,mc_error,hpd_2.5,hpd_97.5,n_eff,Rhat
4.828139338540998,0.380266680147308,0.00892850927139355,4.09440498079121,5.585021328703342,1826.6615179701103,1.0004933401323473
3340.796755968822,16910.93963709604,410.17463098368745,-28491.217500793697,36951.76235073028,1759.8402447806366,1.0002736973397537
