mean,sd,mc_error,hpd_2.5,hpd_97.5,n_eff,Rhat
7.37048735145875,0.3284985896176413,0.004744299389951655,6.764255852067324,8.037832122715203,4902.537700612082,1.0000778183435006
