mean,sd,mc_error,hpd_2.5,hpd_97.5,n_eff,Rhat
9.289672083483847,0.3152163512151572,0.003935880480094392,8.68051880419058,9.900836906825875,7012.343499564981,1.0013194626873332
-369827.25394986937,12639.383886526957,138.71359657959638,-393825.5708822483,-344130.7701319845,7334.636290324489,1.0002676996834579
