mean,sd,mc_error,hpd_2.5,hpd_97.5,n_eff,Rhat
1.0000016867780788,1.7163749387418064e-06,2.521177044047564e-08,1.0000000000568303,1.0000051938626042,5252.292732655433,1.0005637259531182
499999.3380100248,0.6495845338304382,0.007856528778043624,499998.0240829138,500000.0,4924.4083003549995,1.0001218774491036
