mean,sd,mc_error,hpd_2.5,hpd_97.5,n_eff,Rhat
3.851701219338635,0.5436786739662873,0.015106556043271185,2.7899210117681186,4.868091689724143,1103.7880680022283,1.001589218730519
-180631.05327661964,28641.571401952388,804.3102771726883,-235174.0575061879,-125996.17757993586,1094.1083291840578,1.0018613297999759
