mean,sd,mc_error,hpd_2.5,hpd_97.5,n_eff,Rhat
5.206263356865744,0.41379846596078024,0.00518599708622043,4.395460223038525,6.0202871661963595,5922.737855275117,0.9998390224515766
-175492.09414592182,11471.652834842318,129.8621698308127,-198364.4003762025,-153356.21941305956,6396.793926804926,0.9998566479517527
