mean,sd,mc_error,hpd_2.5,hpd_97.5,n_eff,Rhat
3.6287667055393245,0.9802711382987943,0.028461440947710952,1.5386264147695337,5.39451137957614,1388.0163406187116,1.0005653419718605
-209940.77346824683,46261.394885448324,1387.4281184287227,-308225.6262856322,-124026.44413627422,1272.04785266941,1.0001635321075983
