mean,sd,mc_error,hpd_2.5,hpd_97.5,n_eff,Rhat
4.469596488090782,0.418395967219524,0.0060947062294483935,3.6817270881989654,5.310191271060185,5134.061037401357,0.9998470999756237
