mean,sd,mc_error,hpd_2.5,hpd_97.5,n_eff,Rhat
7.587957034549937,0.3418765908222987,0.004616937880803697,6.930046216296584,8.253684199533302,5563.262521356133,1.000265458115649
