mean,sd,mc_error,hpd_2.5,hpd_97.5,n_eff,Rhat
6.540936493767472,0.2711783020200705,0.003561663557150588,5.999941670604065,7.059676874399842,4913.156415765781,0.9999339452195614
