mean,sd,mc_error,hpd_2.5,hpd_97.5,n_eff,Rhat
3.5277151952343337,0.4319561776602117,0.009686434546530896,2.6558610542088763,4.331623121665477,1699.8790335732965,1.0014852180998475
-129450.18836154733,12232.34956300615,275.1687394735857,-154035.63079692185,-107382.80424764956,1701.6380211751452,1.0009524086618913
