mean,sd,mc_error,hpd_2.5,hpd_97.5,n_eff,Rhat
6.553066478578048,0.17882744637753475,0.0025186517827569367,6.202493495037131,6.899284538302128,4664.035240040363,1.000028624740894
