mean,sd,mc_error,hpd_2.5,hpd_97.5,n_eff,Rhat
9.629861602695946,0.9220684965420427,0.012551765485881033,7.847269457291802,11.416544348278965,5339.728031192385,1.0000086104713133
