mean,sd,mc_error,hpd_2.5,hpd_97.5,n_eff,Rhat
6.258825306129298,0.39750951845590166,0.005189424788488729,5.51667224044491,7.059762619135836,5420.084556758285,1.0002599059012773
