mean,sd,mc_error,hpd_2.5,hpd_97.5,n_eff,Rhat
5.7616481363423375,0.5492691388030685,0.008596855020314226,4.700570766558427,6.83012657642843,3747.9474210995522,0.9999602186628587
-178685.28583358368,28122.189954779788,472.4982069314976,-232916.17964843914,-123534.25114118005,3867.0872653106812,0.9997956512786188
