mean,sd,mc_error,hpd_2.5,hpd_97.5,n_eff,Rhat
10.844508213927293,0.6483219371622878,0.009946581924454804,9.628349403907825,12.150676476155237,4626.253697810127,0.99993780258539
-315273.1182668871,30207.761463862407,400.784916755872,-372794.62084864225,-254127.13888822912,5306.637362991575,1.0005181086346118
