mean,sd,mc_error,hpd_2.5,hpd_97.5,n_eff,Rhat
4.3806203860122235,0.33172833485132186,0.00449759617066439,3.736219012699534,5.029736546792865,5550.282286330061,1.0003707116450513
-169822.96364231932,10374.175481527936,139.54534632638885,-189406.4326593371,-149298.82719604133,5093.602322853097,0.9997518565098494
