mean,sd,mc_error,hpd_2.5,hpd_97.5,n_eff,Rhat
6.856444105111661,0.9291355813012441,0.012454183717944513,5.18760844097555,8.691128027783723,5575.718097951738,0.9999270094475011
