mean,sd,mc_error,hpd_2.5,hpd_97.5,n_eff,Rhat
5.2320494126390225,2.136083317734079,0.03550138173364509,1.0337651086940107,8.997140584335613,2529.059397629524,1.000038014490024
18912.799447363064,181518.27021479537,3268.2148703737935,-300581.27635627263,385741.20483064576,2400.0681825560714,1.0004862611742356
