mean,sd,mc_error,hpd_2.5,hpd_97.5,n_eff,Rhat
6.0650044117879895,0.34617858121451595,0.003938658818193871,5.37355728253536,6.736444327917025,7081.662892941327,1.0001689599550487
-257199.29820459557,12631.465015919304,134.97400834756337,-282322.12011192564,-233127.7391824132,6483.174439610314,1.0000940129268339
