mean,sd,mc_error,hpd_2.5,hpd_97.5,n_eff,Rhat
4.476650408286958,0.3819057213160499,0.008017702861668221,3.7497345662545163,5.24418394879208,2244.237915180844,1.0006275860138514
-87029.68524658421,12367.456906748967,260.7347463676696,-110198.35799170274,-61739.82054432519,2236.9813336167895,1.0005746075296862
