mean,sd,mc_error,hpd_2.5,hpd_97.5,n_eff,Rhat
10.957611453571023,1.460083248731322,0.03571005875643028,8.181723631036197,13.785374340025884,1677.6306974573345,1.0013462406443245
228210.73255951118,61574.86137731348,1518.1768245130597,118398.91008083892,355238.5121349243,1661.5968496422618,1.0007991804302154
